:02000002E0001C
:108000000000042045270F006D270F006F270F0089
:1080100071270F0073270F0075270F000000000065
:1080200000000000000000000000000059ED0E00FC
:1080300079270F0000000000000000000000000091
:1080400075CC0E007B270F0085CC0E007B270F0020
:108050007B270F007B270F007B270F007B270F005C
:108060007B270F007B270F007B270F007B270F004C
:108070007B270F007B270F007B270F007B270F003C
:108080007B270F007B270F007B270F007B270F002C
:108090007B270F007B270F00D1C10E007B270F002D
:1080A0007B270F007B270F007B270F007B270F000C
:1080B0007B270F007B270F0000000000000000005E
:1080C0007B270F007B270F007B270F007B270F00EC
:1080D00049F20E007B270F007B270F0089E80E0076
:1080E0007B270F007B270F00DD2A0F000000000018
:1080F000000000007B270F00000000007B270F001E
:10810000000000000000000000000000000000006F
:10811000000000000000000000000000000000005F
:10812000000000000000000000000000000000004F
:10813000000000000000000000000000000000003F
:10814000000000000000000000000000000000002F
:10815000000000000000000000000000000000001F
:10816000000000000000000000000000000000000F
:1081700000000000000000000000000000000000FF
:1081800000000000000000000000000000000000EF
:1081900000000000000000000000000000000000DF
:1081A00000000000000000000000000000000000CF
:1081B00000000000000000000000000000000000BF
:1081C00000000000000000000000000000000000AF
:1081D000000000000000000000000000000000009F
:1081E000000000000000000000000000000000008F
:1081F000000000000000000000000000000000007F
:1082000010B5054C237833B9044B13B10448AFF3D0
:1082100000800123237010BD6CA20020000000002C
:10822000F0580F0008B5034B1BB103490348AFF3E7
:10823000008008BD0000000070A20020F0580F0070
:10824000A3F5803A704700BF174B002B08BF134BB4
:108250009D46FFF7F5FF00218B460F461348144A51
:10826000121A0AF0BDFC0E4B002B00D098470D4BA4
:10827000002B00D098470020002104000D000D487D
:10828000002802D00C48AFF300800AF04DFC20001B
:10829000290000F073F80AF033FC00BF000008006A
:1082A0000000000000000000000004206CA200207C
:1082B000740101200000000000000000BFF34F8F98
:1082C0000549064BCA6802F4E0621343CB60BFF372
:1082D0004F8F00BFFDE700BF00ED00E00400FA058E
:1082E00008B550B9012001F0B0F94FF08043D3F840
:1082F0001824D2035CBF01229A6008BD08B509F0BA
:108300008DFF09F0F3FD0028FBD1054D642445F0F5
:1083100001054FF47A40A847013CFAD1FFF7CEFFA0
:1083200020360F0007B51346064C074A0091A41AE1
:10833000E40824040246054944F0010009F037FF2F
:10834000FFF7DCFF48590F0020590F004C350F0094
:1083500007B50B46064C07490092641AE40824044A
:108360000246054944F0010009F021FFFFF7C6FF6E
:1083700048590F0020590F0070350F00F0B54FF02D
:108380001023ADF5805DD3F8043303F00703052B0C
:1083900083B04FF001031AD04D4AC2F80435D2F829
:1083A0000034002BFBD04FF01021D1F8043323F020
:1083B000070343F00503C1F804330023C2F8043572
:1083C000434AD2F80034002BFBD0FFF777FF4FF081
:1083D0008042C2F8783507F043F94FF4805100200D
:1083E00006F04CFE18B13B4AB121FFF79BFF3A481B
:1083F000C0F57E2106F042FE10B1364AB321F4E703
:108400004FF400413548364C09F020FD09F01AFFC1
:10841000344B3549E41AE408240444F0030009F01D
:10842000AFFE09F063FD05460028FAD14FF463263C
:108430003379AA2B34D1B7684FF0FF33019308F09A
:10844000DDFA2A4639464FF4002002F0FBFF274BA5
:1084500002A94FF400229A640122C3E90970DA628A
:1084600083F8A12241F8080D042203F2A2201D6224
:108470000AF08EFB284608F0B1FA8022314602A8A5
:108480000AF086FB304604F037FA04220DEB0201B5
:1084900003A80AF07DFB802202A9304604F07EFA90
:1084A000134806F0CDFC10B10A4AD4219DE709F02B
:1084B0001DFD0028FBD10F4944F0010009F060FECA
:1084C00009F014FD0028FBD1024ADB218DE700BF33
:1084D00000E00140A7350F0000800E0009F30E00F8
:1084E00048590F0020590F00D5350F00E4F1002046
:1084F000E1820E00F1350F004FF08053D3F83021A8
:10850000082A03BFD3F83401B0FA80F040090020F4
:108510007047000008B54FF080430022C3F80C21DB
:10852000C3F81021C3F838254FF0805203F54043BB
:10853000D2F80414C3F82015D2F80814C3F824158F
:10854000D2F80C14C3F82815D2F81014C3F82C155F
:10855000D2F81414C3F83015D2F81814C3F834152F
:10856000D2F81C14C3F84015D2F82014C3F84415EF
:10857000D2F82414C3F84815D2F82814C3F84C15BF
:10858000D2F82C14C3F85015D2F83014C3F854158F
:10859000D2F83414C3F86015D2F83814C3F864154F
:1085A000D2F83C14C3F86815D2F84014C3F86C151F
:1085B000D2F84424C3F87025FFF79EFF18B13B4B57
:1085C0003B4AC3F88C26FFF797FF18B1394BFB22C3
:1085D000C3F81825FFF790FF70B14FF080414FF0BE
:1085E0008053D1F8E42ED3F8583222F00F0203F072
:1085F0000F031343C1F8E43EFFF77EFF20B12E4B7B
:108600004FF40072C3F840264FF08043D3F80024A3
:10861000D20744BF6FF00102C3F80024274AD2F802
:10862000883043F47003C2F88830BFF34F8FBFF334
:108630006F8F4FF01023D3F80022002A03DBD3F80A
:108640000432002B2EDA1E4B0122C3F80425D3F886
:108650000024002AFBD04FF010221221C2F8001291
:10866000D3F80024002AFBD04FF010231222C3F8C5
:108670000422134BD3F80024002AFBD00022C3F8B5
:108680000425D3F80024002AFBD0BFF34F8F0B49F9
:108690000C4BCA6802F4E0621343CB60BFF34F8F08
:1086A00000BFFDE7084B094A1A6008BD00500040B2
:1086B0004881030000F000400090024000ED00E01F
:1086C00000E001400400FA0590A100200090D003D2
:1086D0000020704710B50446214802F0D8FF214B16
:1086E0001F481C6002F0EAFF58B91F4B1F48204981
:1086F000C01AC008000440F0010009F041FD032049
:1087000010BD1C4B002140F603020330C3E90212E6
:1087100058601970184B194959601949C3E9021278
:10872000184A1A61184A5A6103F0D0FE852801D010
:108730000028E5D1002004F00DF80028E0D102F077
:10874000E1FD124801F02CFA0028D9D1104801F0BF
:10875000D5FA0028D4D1BDE8104001F093BA00BF8B
:10876000E8590F0054A3002020590F00A0590F0012
:1087700026360F00F8BB0020E0BB0020A1870E00CA
:1087800095870E0088BB0020FC580F0074370F003F
:1087900050370F00011F014802F0B6BFE8590F0023
:1087A00013B5074C0A4601AB0146204603F0F2FD23
:1087B000019A0448214602F00DFA02B010BD00BF34
:1087C0006FBB002050370F00083810B506283ED880
:1087D000DFE800F0081E2F3D3D3D0400BDE81040DD
:1087E00001F070BA1A4B1B481B49C01AC00800049C
:1087F00040F0030009F0C4FC05F058FD08B901F091
:108800005FFA164B1B6813B30120BDE810401847F0
:108810000F4B10481249C01AC008000440F0030072
:1088200009F0AEFC01F060FA0C4B1B687BB1022032
:10883000EBE7074B07480B49C01AC008000440F09B
:10884000030009F09DFCBDE8104001F03DBA10BDE9
:1088500020590F00A0590F0047360F0054A30020E5
:108860005A360F006C360F0001F0A6BB08B503782E
:108870001BB9BDE8084001F09FBB094A042101F083
:1088800005F858B1074B08480849C01AC008000449
:10889000BDE8084040F0010009F072BC08BD00BF0F
:1088A00069880E0020590F00A0590F0076360F007E
:1088B0002DE9F0438BB0A1B102296FD1644965481D
:1088C000012202F0A9F9644B6449024664481B1A6C
:1088D000DB081B0443F002000BB0BDE8F04309F0D5
:1088E00053BC5D4C5E4B5F4DDFF86481E41AE408D5
:1088F000240444F001042B785B4E5C4F98F8001080
:108900003F2B84BF00232B702B7830465A1CF95420
:108910002A7003F073FD814660B95548D6E901120B
:1089200008F0B6FF534802F0C9FEA8B952492046E4
:1089300009F026FC47480122414602F06DF9002863
:10894000D9D02B78FA1812F8012C0D2A01D00A2A56
:1089500024D10022002408E00330C6E9010986F88A
:108960000090E7E7C3B20122FC54581E395C0D2980
:10897000F8D00A29F6D002B12B7040493B480AF0E2
:108980006BF970B93E490B22324802F023F937489F
:10899000402200210AF024F900232B700BB0BDE81F
:1089A000F083384931480AF057F948B136492F4821
:1089B0000AF052F920B135492C480AF04DF9D8B9DE
:1089C00000211D2202A801910AF00AF930480AF09C
:1089D00065F92F49024601A80AF0DAF82C480AF096
:1089E0005DF90AAB18440A2300F8243C01A80AF0F8
:1089F00055F901A90246C7E726491C480AF02CF997
:108A000020B1254919480AF027F960B9BFF34F8F03
:108A10002249234BCA6802F4E0621343CB60BFF3E0
:108A20004F8F00BFFDE71F49104803220AF0A0F84E
:108A300028B91D480AF032F91B490246A4E71B4930
:108A40000A4803220AF094F80028F2D09FE700BFFA
:108A5000A0BB002050370F00A0590F0094360F0024
:108A600020590F0088A20020F8BB002014A300208A
:108A7000E0BB0020E8590F00BA360F00D5360F00D2
:108A8000E3360F00EF360F00FA360F0003370F0002
:108A900000D80F0010370F0017370F0000ED00E06F
:108AA0000400FA0520370F0024370F0036370F0077
:108AB000011F014802F028BEFC590F000648074A72
:108AC00003780749D35C012213B1043004F0B4BE2B
:108AD0000C3004F0B1BB00BF98A10020D0E300200F
:108AE00067BF002070B50378012B0C4602D0022B23
:108AF00032D070BD037A1BB9BDE87040FFF7DEBF0E
:108B00004368194E1978304603F078FC0546FFF7A4
:108B1000D5FF002DEDD1D6E90112204608F0B8FEB0
:108B2000124802F0CBFD124B124A9B1ADB081B04C1
:108B3000044630B9BDE870400F4943F0010009F028
:108B40001FBB02460D4943F00300033409F01CFB30
:108B5000C6E901453570CCE7BDE87040084AC068F9
:108B60009621FFF7DFBB00BF80BF0020FC590F003C
:108B700098590F0020590F0080370F009A370F00C7
:108B8000AE370F00F0B5314F3B7889B0002B5AD18A
:108B90002F4E30602F4802F07AFD044600283AD16B
:108BA0002C482D4D02F08AFD2C4BDFF8DCC01C70E8
:108BB00083220330C3E90104DA60294BCCF8043086
:108BC000284BCCE90232284BCCF81030274BCCF89C
:108BD00014300FCD6C460FC495E80F0084E80F00E9
:108BE00006220823CDE9002307210523CDE902133E
:108BF0001F4A2048CDF810C0694603F037FE0446EE
:108C000060B11D481D4B1E49C01AC008000440F049
:108C1000010009F0B5FA204609B0F0BDFFF74EFF9C
:108C2000044648B11448154B1649C01AC008000440
:108C300040F0010009F0A4FA336801203870002BDD
:108C4000E9D09847E7E70024E5E700BF08BC00202B
:108C50000CBC0020FC590F0094380F0080BF00208E
:108C60008D8C0E00B18A0E004FBF002004590F00FA
:108C7000E58A0E0098A1002098590F0020590F0096
:108C800050380F0069380F0068BF002007B50A464A
:108C900001AB01460A4803F07DFB0A480A4A037803
:108CA0000749D35C9DF804202BB1043004F072FD19
:108CB00003B05DF804FB0C3004F06EFAF8E700BF77
:108CC00036BF002098A10020D0E3002010B50B4C47
:108CD000237863B10A4B984209D00A480A4A0378BC
:108CE000D35C33B1043004F0CDFC002323700020AA
:108CF00010BD0C3004F0E4F9F7E700BF08BC002019
:108D000004590F0098A10020D0E300206CDF7047C9
:108D10006DDF704772DF704773DF704774DF704735
:108D200075DF704776DF70477ADF70477CDF70470A
:108D30007DDF70477FDF704786DF70478FDF7047CA
:108D400090DF7047A8DF7047AADF7047ADDF70473C
:108D5000AEDF7047B0DF7047B1DF7047B5DF7047F7
:108D600062DF704766DF704713DF704701460148D6
:108D700002F0CABC105A0F0070B518228CB0002146
:108D80000DEB020009F02CFF2823089316231E4C3C
:108D9000ADF806300023CDE9033305930223062204
:108DA00023702371592301250926A27063710322C0
:108DB000FE236570E270A3710DF10601A0198DF814
:108DC00018508DF82D500294ADF80C60FFF7B0FFED
:108DD000B8B9BDF8063026725A19E271BDF80C20F8
:108DE0000A4C134402A906AA2046ADF80C30FFF73E
:108DF00091FF30B92078FFF791FF20782946FFF7DF
:108E00008BFF0CB070BD00BF0ED00020ACA10020C5
:108E1000F0B50388232B8BB0044635D80F2B04D82C
:108E2000012B00F044810BB0F0BD103B132BFAD89E
:108E300001A252F823F000BFB98E0E00F18E0E0091
:108E4000278E0E00FF8F0E00EB910E00278E0E0076
:108E5000278E0E00278E0E00278E0E00278E0E0006
:108E600005920E00278E0E00278E0E00278E0E0014
:108E7000278E0E003B900E00278E0E006F900E0086
:108E8000278E0E00DF8F0E00503B9AB2062ACAD8FA
:108E9000062BC8D801A252F823F000BF238F0E0082
:108EA000C7900E0005920E00278E0E00278E0E0032
:108EB000958F0E008F900E009D4D83882B809D4BCB
:108EC0001B680BB1012098479B492888FFF728FFB2
:108ED0000028A8D0994A9A4B9A499B1ADB081B0490
:108EE000024643F001000BB0BDE8F04009F04CB978
:108EF0008F4B4FF6FF721A80934B1B685A0707D4AB
:108F0000FFF73AFF20B1914A40F29D21FFF70AFA9C
:108F1000884B1B68002B86D002200BB0BDE8F040C8
:108F200018478B4EE288B3889A427FF47CAF894819
:108F300002F0C4FB054660B9804B81488649C01ADF
:108F4000C008000440F002000BB0BDE8F04009F09A
:108F500017B9228A04F1120109F01AFE1822002121
:108F600004A809F03DFE08238DF810307B4B0693D2
:108F70007B4B0596CDE9073504A8238AADF824304C
:108F800007F09EFB00283FF44EAF7248294602F0DE
:108F9000BBFB48E7E188F6291FD8CB1E9B070DD005
:108FA000CB1F9BB2013B5A4202F0030203F00303C2
:108FB00001F1FF3158BF5342C91A89B25C4B18887E
:108FC000FFF7CCFE00283FF42EAF604A40F2CF21DD
:108FD0000BB0BDE8F040FFF7A5B9F721EEE700229E
:108FE000808804A9CDE90422FFF7AAFE00283FF4F7
:108FF0001AAF564A40F2DE21FFF794F913E74C4CC2
:1090000002230493208802AB04AA42F605210593AB
:10901000FFF79CFE20B14D4A40F2F721FFF782F99D
:10902000002320881A468521FFF784FE00283FF49C
:10903000FAAE464A40F2FF21DEE73D4B00F108015F
:109040001888FFF76DFE044600283FF4ECAE3B485D
:109050003B4B44491B1ADB081B04224643F001002A
:1090600009F092F8394A4FF447712046B0E70023DF
:1090700080888DF8103004A98DF81130FFF75EFE5E
:1090800000283FF4D0AE314A4FF44D71B4E7A379D4
:10909000002B7FF4C8AE264B13211888FFF742FE41
:1090A00000283FF4C0AE294A40F23D3190E7204B02
:1090B00000211888FFF756FE00283FF4B4AE234A7B
:1090C0004FF4517184E7A379002B3FF4ACAE022B2F
:1090D0007FF4A9AE1E4D2189AA8991427FF4A3AEE7
:1090E000A27B012A7FF49FAE4FF480320592228A40
:1090F0000F4EADF81820628AADF81A2004F1140260
:10910000079201AF298A3088049302AA0293039739
:10911000FFF71CFE40BB384608F0ECFA20BB40F2DB
:10912000FD133088ADF8143004A9FFF713FE7AE67A
:10913000AEA1002034D00020563A0F0020590F0075
:1091400078590F00B4380F0030D00020E2380F00FB
:10915000FACF0020105A0F0079390F00ED920E005F
:109160006D8D0E0098390F00002304A93088ADF8EA
:109170001430FFF7EFFD014600287FF454AE1822AB
:1091800004A809F02DFD237D254A8DF81030022B0F
:109190000595069222D0062B10D0012B10D1214B21
:1091A0001A88214B1A80637DD4F816200893012B6E
:1091B000099205D11D4807F0CBFC01E0637D0893BF
:1091C00004A807F07DFA00283FF42DAE184A194B89
:1091D00019499B1ADB081B04024682E6114AB4F8BF
:1091E00015301380104A1380EAE7002380881A465E
:1091F0001946FFF7A1FD00283FF415AE0F4A40F2D3
:109200006B31E5E60023A0881A461946FFF7A4FD56
:1092100000283FF408AE094A40F27631D8E600BF94
:10922000ED920E0038D000203AD000200C590F00EB
:1092300020590F0078590F00CD390F00E2380F0088
:1092400038B515490B68024613F0010022D01348C7
:1092500082421ED0124A10884FF6FF72904213D0FD
:1092600043F004030B601321FFF75CFD90B90D4D33
:10927000C82445F001054FF47A40A847013CFAD1D3
:10928000BDE8384002F04ABF074B1878FFF746FDAB
:10929000F6E7002038BD00BF30D000200C590F0089
:1092A000AEA10020503A0F00ACA100207FB50023F2
:1092B000CDF80B308DF80F300A4BADF806109B89B6
:1092C000ADF8083001238DF80A300DF10603CDE921
:1092D0000430054B02A91888FFF73AFD07B05DF886
:1092E00004FB00BFFACF0020AEA1002010B5044659
:1092F00086B000210D2202A8019109F071FC2378AB
:10930000082B0BD13C4A3D4913880988013B9BB28D
:10931000138031B32BBB0323118023706378227831
:109320008DF805206021012B8DF804108DF8063092
:1093300019D033493348401AC0080004324940F07C
:10934000020008F02AFF63780B2B12D106F00EFF03
:109350008DF80700002006F003FF042101A8FFF7A5
:10936000A5FF06B010BD062A05D0082A29D0032A79
:1093700027D00321F2E7E1688DF80710D4E9012333
:10938000080A8DF80800080C090E8DF80A10110A59
:109390008DF80B208DF80C10110C120E8DF80E208C
:1093A0001A0A8DF80F308DF810201A0C1B0E8DF84C
:1093B0000D108DF809008DF811208DF812300F2155
:1093C000CCE7D4E90123110A8DF807208DF80810A5
:1093D000110C120E8DF80A201A0A8DF80B308DF838
:1093E0000C201A0C1B0E8DF809108DF80D208DF82D
:1093F0000E300B21B2E700BF3AD0002038D0002059
:1094000020590F0078590F00013A0F002DE9F04163
:109410003E4B94B005464FF6FF721A8001204FF67E
:1094200059632A4602A98DF80A00ADF80830FFF703
:1094300089FC0446002865D1354B04AA03F11007C6
:10944000164618685968144603C40833BB422246BE
:10945000F7D1A91C3046FFF783FC0446002851D100
:1094600001461C220DA809F0BBFB9DF834308DF895
:10947000044043F004038DF834300223ADF80C307F
:10948000AB788DF80E3003238DF80630F423CDE948
:109490000A44ADF82C302B464FF0110833F8040B7A
:1094A0000C9403AF01AE08AA0DA98DF805800897AA
:1094B0000996FFF749FC044620BB01461C220DA873
:1094C00009F08EFB18238DF834300123ADF80C30F1
:1094D000AB788DF80E3013238DF806301723CDE9C5
:1094E0000A44ADF82C302B4608AA33F80C0B8DF843
:1094F00004400DA90C94CDE908768DF80580FFF79E
:1095000023FC0446204614B0BDE8F081AEA1002043
:109510003C3A0F0030B5334C236813F0010585B099
:109520005DD1314B1860314802F0B1F8029506F078
:1095300038FE00284CD12E48FFF716FC002847D1F2
:1095400002F0AEFD002843D102A802F081FE0028FF
:109550003ED102A9012002F085FE002838D102A8E0
:1095600002F0E8FE002833D107F0B2FA30B121480A
:1095700007F0A2FA236843F002032360112302A834
:109580008DF80430FFF7C4FB10BB9DF8093002A82A
:1095900001338DF80930FFF7B9FBC8B923689B0781
:1095A00018D514498869043182B201A8FFF7BEFBBF
:1095B00070B91148FFF7B8FB50B91048FFF726FF04
:1095C00030B9FFF7D9FB18B9236843F001032360D2
:1095D00005B030BD0A4809F061FB0949E4E7002005
:1095E000F6E700BF30D0002034D00020105A0F0022
:1095F00000800E0090BF0020563A0F00FACF0020E6
:10960000283A0F00074B1B5C1F2B86BF064903F04F
:109610001F034FF0A041012202FA03F3C1F80835FD
:10962000704700BF5E3A0F000003005008B50020ED
:10963000FFF7E8FF0120FFF7E5FF0220FFF7E2FF59
:10964000BDE808400320FFF7DDBFC20710B50446A0
:109650000CD54FF0A0430322C3F83427C3F83827B2
:10966000C3F83C27C3F84027FFF7E0FFA3070AD55C
:109670004FF0A0430C22C3F82C27C3F83027C3F8BF
:109680006027C3F8642710BD0E4B984214D00AD847
:10969000B8B10D4948F2165248F20153884214BF3E
:1096A000104618467047094B984208D0084948F2BE
:1096B000165248F20353F1E748F20350704748F25C
:1096C000025070470102F0000002F0000202F000B8
:1096D0000F02F00008B5083009F0A6F8BDE8084010
:1096E000FFF7D2BF13681F2B2DE9F34106460F4643
:1096F000144620D9DFF84C800121404601F068FF74
:109700000546BFF35F8FC8B900F07CF8394606F113
:10971000080009F0F5F8019000F082F8BFF35F8FC0
:109720000198C8F80050FFF7AFFF08B92023236065
:1097300002B0BDE8F08148F21450F9E748F2045055
:10974000F6E700BF3CE000202DE9F04105460E465B
:1097500019480121144601F03BFFBFF35F8F38BB6E
:1097600000F050F8DFF854800835B4F5805F2746E4
:1097700028BF4FF4805731463A46404609F008FA70
:109780003A464146284609F069F8E41B3E4468B968
:10979000002CEAD100F044F8BFF35F8F064B0022A3
:1097A0001A602046BDE8F041FFF76EBF0446F1E7BE
:1097B00048F20450BDE8F0813CE000203CD000209D
:1097C000024B0020C3F80005704700BF00A0025004
:1097D00038B50A4B00251D60BFF35F8F084C01238D
:1097E000C4F8003509F0BCF8C4F8005520B10528CC
:1097F00048F2035018BF032038BD00BF3CE00020F2
:1098000000A00250044B0122C3F80025034B4FF483
:1098100080625A60704700BF00A0025000E100E083
:10982000064B0022C3F80025054B4FF48062C3F8B5
:109830008420BFF34F8FBFF36F8F704700A002509B
:1098400000E100E04B1C30B5DB00044612F00300E1
:109850009BB20DD1074D2A601A44074B1A60074B83
:109860001870074B1870074B1C80074B198030BDD0
:109870000720FCE748E0002044E0002040E0002012
:1098800050E000204CE000204EE000202DE9F3479E
:10989000DFF8C080B8F800308B4206460D46174608
:1098A0004CD300240DF107008DF8074001F090FD26
:1098B000244B254A25481B78008892F800C084452F
:1098C0005FFA8CF138BF4C1CDBB238BFE4B2A34264
:1098D0002ED014781178CBB2884286BF0133DBB228
:1098E000002313709DF8070001F096FD4FF6FF73FB
:1098F0009C4225D0DFF86090D9F800204FEAC40AD6
:1099000042F8347002EBC403AEB1A5B1104BB8F805
:1099100000001B682A4604FB0030314609F038F984
:10992000D9F80030534400209D8002B0BDE8F08794
:109930004FF6FF74D6E700209880F6E70920F4E799
:109940000420F2E750E0002040E000204EE000203C
:1099500044E000204CE0002048E0002070B5104CAE
:10996000104D22782B789A4200D170BD0E480F4AD4
:109970002378126806880E4802EBC301006852F88B
:109980003320898803FB060090470A49227809881A
:10999000D3B2914286BF0133DBB200232370E0E7EC
:1099A00050E0002040E000204CE0002048E0002093
:1099B00044E000204EE0002043681B681847000088
:1099C000024B5B6803B11847704700BF54E00020AA
:1099D000020600F00F034CBF02480348DB001844A6
:1099E000704700BF60E00020A8E0002008B5FFF746
:1099F000EFFF016009B14B681968416008BD0000C4
:109A0000024B0146D3E90002104700BFA8E0002046
:109A100038B5831EDBB2062B98BF1A4A1A4D98BF81
:109A2000D25C2B78A3F10203DBB288BF0022062BA5
:109A30009ABF1449CB5C00239342044603D0B2B1D1
:109A4000124802F0B9FD022C14D0A4F108004242E1
:109A500042412B78022B0FD0A3F108014B424B411E
:109A6000934202D052B104F06BFC2C7038BD02F06E
:109A7000DDFDE8E70122ECE70123F1E704F056FC05
:109A8000F3E700BF0B3B0F00F9E00020B0A100207E
:109A90002DE9F04F87B000260546884691461F46BF
:109AA00002966B6800225C682946012302A8A04741
:109AB000044638B98DF8060004908246564503D80E
:109AC000052028E00136ECE76B680DF10602D3F8BB
:109AD00004B02946012304A8D8476B680DF107029A
:109AE000D3F804B02946012304A8D8479DF80730CD
:109AF00043459DF8063013D14C450FD1109A1360A1
:109B00003B7087F801806A68023B54682946BA1C9A
:109B100004A8A047002007B0BDE8F08F0134E4B2EC
:109B20006A68023BD2F804B02946002204A8D8474C
:109B30009DF806309A44C1E70378052B0BD1074AFC
:109B4000D2F88434D2F88024D2B222B9044ADBB2EB
:109B5000052B08BF1046034B1B68184700700240D6
:109B6000243B0F0054E00020FFF7E6BF012805D09A
:109B7000022805D030B90448FFF7DEBF0348FBE7F1
:109B80000348F9E7704700BF203B0F001C3B0F0064
:109B9000183B0F000148FFF7CFBF00BF283B0F0065
:109BA0002DE9F74305462D4804F0E0FB0446002864
:109BB0004FD12B4B18702B4B18602B4B0146186064
:109BC00048222A4809F00CF829484822214609F081
:109BD00007F8284BADB9284A1D72C3E900250020BB
:109BE00002F0B8FD30B1852804D0244A40F25F313C
:109BF000FEF798FB224F002697F8089007F1090816
:109C000014E095E8070083E807000028E7D11A4A26
:109C10001A60E4E7A37823443946985CFFF7E6FE30
:109C200001356378EAB29342F4D80136F4B2A14523
:109C300004D904EB440444440025F2E70B23104804
:109C40008DF8043001A9FFF7B7FE044608B104F00F
:109C500055FA204603B0BDE8F08300BF699B0E00B3
:109C6000F9E00020F0E00020F4E0002060E00020B7
:109C7000A8E0002054E00020B99F0E007C3A0F00BD
:109C80005C3B0F0010B504F009FB10B9082318461F
:109C900010BD04F00BFB04460028F7D1064802F083
:109CA0008DFD03460028F2D0044A40F2C231FEF78F
:109CB00039FB2346EBE700BF143B0F007C3A0F0053
:109CC00004F026BA04F06EBE4FF08043D3F8382477
:109CD000920702D50348FFF72FBFD3F83824D107E6
:109CE000F4D470472D3B0F0007B5822301A88DF8EF
:109CF0000430FFF721FF03B05DF804FB2DE9F743C3
:109D000000F1090190F80890054600270E46FBB2C5
:109D10004B452AD291F801800024E3B298450AD934
:109D20008B780A190134D05CFFF752FE0368002BD0
:109D3000F3D0112028E001370331E8E7A27823446B
:109D40002946985CFFF752FE01376278FBB29A42CF
:109D5000F4D808F101082B7A5FFA88F4A34216D9E7
:109D600004EB440434440027EFE74FF00008F2E727
:109D700013681A68002AFBD11D6001A90B2328462D
:109D80008DF80430FFF718FE03B0BDE8F083014BF7
:109D9000EFE700BFF0E00020024B1878003818BF52
:109DA00001207047F8E00020030710B5044604D4F2
:109DB00004F000FC204604F0C3FE2046BDE810403D
:109DC00004F068BE04F034BE014B1868704700BF51
:109DD000F0E00020F0B50A4B0246186878B1057A29
:109DE0000023861DDCB2A54201D80368F5E70133E4
:109DF00003EB4307F75D9742F4D101B10C70F0BD5E
:109E0000F0E000201146FFF7D7BD08B500F00F03C2
:109E1000082B07D8FFF7DCFD006818B1BDE8084043
:109E2000FFF7CABD102008BD38B5054B05461C68B4
:109E300004B938BD29462046FFF7BEFD2368F6E782
:109E4000F0E0002038B5074B05461C680CB9062029
:109E500038BD29462046FFF7AFFD0628F8D1236814
:109E6000F3E700BFF0E0002013B50446019104F0D1
:109E7000C3FA50B1064B1B78022B06D1019920463C
:109E800002B0BDE8104004F0C7BA082002B010BD0F
:109E9000F9E0002013B50446019104F0ADFA50B189
:109EA000064B1B78022B06D10199204602B0BDE873
:109EB000104004F02BBB082002B010BDF9E00020D8
:109EC000F8B543689B6805460C46164613B92EB193
:109ED000072002E098470628F9D0F8BD2B7AA34264
:109EE00013D9093504EB44042C446778F3B29F423C
:109EF00001D80020F1E762789A4208D9A219A37824
:109F0000D05CFFF751FF0136F0E77378FFDE0023E6
:109F10001B78FBE770B54368DB6805460C4603B168
:109F200098472B7AA34213D9093504EB44042C44F7
:109F300000256678EBB29E4200D870BD62789A42E6
:109F400009D96219A378D05C04F072FD0135F1E7FC
:109F500000235B78FFDE00231B78FBE743681B6967
:109F600003B118471846704770B5084B1C6804B910
:109F700070BD267A0025E9B28E4201D82368F5E744
:109F800000222046FFF79CFF0135F4E7F0E00020B7
:109F900070B5084B1C6804B970BD267A0025E9B27B
:109FA0008E4201D82368F5E72046FFF7B3FF01355D
:109FB000F5E700BFF0E0002038B503780F2B04462A
:109FC00010D9A3F1800283F08003052B00D938BD9E
:109FD000052AFCD8DFE812F067002C004900730066
:109FE0007E00E0000F2BF2D801A252F823F000BF50
:109FF000F7A00E0027A10E0087A10E004BA10E00B6
:10A0000069A10E0099A10E00ABA10E00CF9F0E001A
:10A01000D5A10E00D9A10E00DDA10E00CF9F0E002C
:10A02000CF9F0E00CF9F0E00CF9F0E00A3A10E006A
:10A030006B48FFF7E5FC6A48FFF7F6FE0D20FFF7D7
:10A04000BFFCFFF7A5FF00F0DEFE664B1B6853B9AF
:10A05000654B187A00F0010004F0FCF80120BDE81F
:10A060003840FFF7D5BC0120F4E7FFF791FF04F07B
:10A0700077FC0020FFF7CCFC5C48FFF7D5FE5B487F
:10A08000FFF7BEFC0E20FFF79BFC594B1B78023BF1
:10A09000DBB2062B9BD8574AD35C002B97D0BDE888
:10A0A000384002F0C3BA524B1B78062B05D003F0A0
:10A0B000FD03052B8BD10220D1E70820CFE74C4BC5
:10A0C0001B78032B83D104F087FC00283FF47FAF7B
:10A0D0000420C4E7464B1B78032B05D104F07CFC1D
:10A0E00010B10420FFF794FC04F0EAF800283FF4D4
:10A0F0006EAF0620B3E73E4B1B78032B01D0082B35
:10A1000002D13D48FFF758FF0020FFF759FC354BBF
:10A110001D68002D3FF45BAF28462146FFF74CFC3D
:10A120002B685D68F5E7FFF733FF00F063FE022060
:10A13000FFF76EFC0120FFF743FC2046FFF760FCB1
:10A140002046BDE83840FFF76FBE294B1B78082B2F
:10A1500006D10220FFF75CFC04F0FCF80320EAE7DC
:10A160000520FFF755FCF9E70320FFF729FC2348FA
:10A17000FFF746FC2148FFF757FE1D4B1B78062BC7
:10A1800099D107206BE70320FFF742FC0220FFF77D
:10A1900017FC2046FFF748FE2046BDE83840FFF791
:10A1A0002FBC0F20FFF70CFCCAE78078FFF710FCEC
:10A1B000214643680068984700283FF408AFA0781C
:10A1C00002073FF404AF03073FF501AFBDE8384095
:10A1D00004F0E2B90820E5E70920E3E70A20E1E717
:10A1E0002C3B0F00F4E0002054E000202B3B0F003C
:10A1F000F9E000200B3B0F002A3B0F00293B0F002A
:10A20000C36903B11847704703680022C3E91E22DF
:10A21000C3E920221A845A62DA6203F134025A67CF
:10A22000704710B5044658B90868037B202B09D144
:10A2300000F10E010722183008F0AAFC204610BDDC
:10A240000320FCE70620FAE74360CA699A420DD36F
:10A250008A690260C8691A448A610A6FC01A1A447E
:10A26000C86100380A6718BF0120704701F1280251
:10A2700002608B6700207047F0B504680D7A002CEF
:10A2800000F08780A4F213347C2C00F222837C2C13
:10A2900000F21F83DFE814F085008F009D00A90005
:10A2A000B500C100CD00D9001D031D031D031D0312
:10A2B0001D031D03EF00FB001D031D031D031D03F4
:10A2C0001801240132011D031D031D034501510125
:10A2D0007F011D031D031D031D03670173017F0122
:10A2E0001D031D031D031D031D031D038B011D0302
:10A2F0001D031D031D039F01AB01B701C301CF0166
:10A300001D031D03DB01E701F301FF010B021D0328
:10A310001D031C022802340240021D031D034C02CF
:10A320005802640270027C021D031D031D031D03FD
:10A330001D031D031D031D031D031D031D031D031D
:10A340001D031D031D031D031D031D031D039B0290
:10A35000A7021D031D031D03C0021D031D031D03D2
:10A360001D03DD021D031D031D031D03DD021D036F
:10A370001D031D031D031D031D03E902F5021D033B
:10A380001D031D031D0313031D031D031D031D03D7
:10A3900013030824047123B940F21333036001202E
:10A3A000F0BD0AB1047914700B24012B04710ED88E
:10A3B0004FF44573F2E700240AB1067916550134CB
:10A3C0000E7D06719C4205D340F21533E6E7012469
:10A3D000F2E700240AB106791655013402269C42A0
:10A3E000067103D340F21633D8E700240AB1067988
:10A3F0001655013402269C42067103D340F21733EE
:10A40000CCE700240AB106791655013402269C4295
:10A41000067103D34FF44673C0E700240AB10679EE
:10A42000165501344E7E06719C4203D340F2193317
:10A43000B4E700240AB106791655013400269C427F
:10A44000067103D340F21A33A8E700240AB1067953
:10A4500016559D4E0027013437709B4E3678AE421C
:10A4600002D340F29A3399E70926A342067103D832
:10A4700040F2213392E700240AB1067916550134DF
:10A4800004269C42067103D340F2223386E700245F
:10A490000AB1067916558C4E0F7A3678DFF82CC241
:10A4A000B74204F1010440F2188201F1090706EBFA
:10A4B000460607EB060E9C42BE5DCCF800E0067136
:10A4C00003D340F2273369E700240AB10679165511
:10A4D000013400269C42067103D34FF44A735DE7B2
:10A4E00000240AB106791655784E3668013476781C
:10A4F00006719C4203D340F229334FE700240AB18E
:10A5000006791655714E0F7D36683678B74204F1DC
:10A5100001041ED102269C42067103D340F22D3362
:10A520003CE700240AB106791655013402269C4204
:10A53000067103D340F22E3330E700240AB10679C6
:10A54000165501344E7E06719C4225D340F22F33BE
:10A5500024E78F7DB74223D10A269C42067103D39C
:10A560004FF44D731AE700240AB1067916550134E9
:10A5700000269C42067103D340F235330EE70024D7
:10A580000AB106791655013400269C42067103D3A0
:10A5900040F2363302E700240AB106791655013439
:10A5A0000026A342067103D840F23D33F6E60024AC
:10A5B0000AB106791655454E0F7D36683678B74292
:10A5C00004F1010440F0E98005269C42067103D3A2
:10A5D00040F24233E2E600240AB10679165501340E
:10A5E00024269C42067103D340F24333D6E600246E
:10A5F0000AB106791655013400269C42067103D330
:10A600004FF45173CAE600240AB106791655013495
:10A6100010269C42067103D340F24533BEE6002467
:10A620000AB106791655013401269C42067103D3FE
:10A6300040F24633B2E600240AB1067916550134D9
:10A6400005269C42067103D340F24933A6E6002456
:10A650000AB106791655013424269C42067103D3AB
:10A6600040F24A339AE600240AB1067916550134BD
:10A6700001269C42067103D340F24B338EE6002440
:10A680000AB106791655013403269C42067103D39C
:10A690004FF4537382E600240AB10679165501344B
:10A6A0008E7D06719C4203D340F24D3376E6002442
:10A6B0000AB106791655013404269C42067108D366
:10A6C0004FF454736AE600BFFBE0002000E1002075
:10A6D00000240AB106791655013424269C420671DD
:10A6E00003D340F2513359E600240AB106791655D6
:10A6F000013402269C42067103D340F252334DE6E8
:10A7000000240AB106791655013402269C420671CE
:10A7100003D340F2533341E600240AB106791655BB
:10A72000013405269C42067103D340F2563335E6C8
:10A7300000240AB106791655013424269C4206717C
:10A7400003D340F2573329E600240AB1067916559F
:10A75000013406269C42067103D34FF456731DE65E
:10A7600000240AB10679165501340E7D06719C420B
:10A7700003D340F2593311E600240AB10679165585
:10A7800001348E7D06719C4203D340F25A3305E6B4
:10A7900000240AB1067916550134534E366877788D
:10A7A000524E3770524E00273770514E37784F4E09
:10A7B0003678B74204D34F4F3E7801363E704CE6B0
:10A7C0000726A342067103D840F26E33E6E5002463
:10A7D0000AB106791655013405269C42067103D349
:10A7E00040F26F33DAE500240AB1067916553E4E81
:10A7F0003F4F36683F7896F801C0BC4504F101042C
:10A8000070D996F802C03E449C4216F80C6006715E
:10A8100003D340F27333C1E500240AB1067916551B
:10A82000314E0F7D36683678B74204F1010406D107
:10A8300003269C4206710DD34FF45E73AEE58F7D07
:10A84000B7420BD102269C42067103D340F27D33FE
:10A85000A4E500240AB10679165501344026A34226
:10A86000067103D84FF4617398E500240AB10679A4
:10A870001655013400269C42067103D340F28533FD
:10A880008CE500240AB106791655174E0F7D3668FF
:10A890003678B74204F1010407D10E6A9C4236783B
:10A8A00006710DD340F28A3378E58F7DB7420BD124
:10A8B00000269C42067103D340F28F336EE50024DC
:10A8C0000AB1067916550134094F3E7801363E70BB
:10A8D0006BE700230360184662E50023CCF80030E4
:10A8E0001B78FFDE0023FBE700E10020FAE00020F8
:10A8F000FCE00020FBE00020037A012B08D9427B1A
:10A90000012A00F10C0306D9827B13445878704762
:10A9100000235B78FFDE00231B78FBE72DE9F0477F
:10A920000B7888B005460E460E2B1AD8DFE813F0D8
:10A93000600042016000600019000F00AD001900C6
:10A9400019003F01190060006000600060004A7853
:10A95000D1094FEA521335D013F0030303D0012B72
:10A9600021D006241BE002F01F02012AF9D1B4789D
:10A97000062CF6D105A8039300F0BCFC03AB0093B2
:10A98000F2783179034607462846FFF781F8052813
:10A9900005D0039A3946701C00F050FA0446204650
:10A9A00008B0BDE8F087B378212BDAD1B6F80720DC
:10A9B000072AD6D10168701C183108B0BDE8F047ED
:10A9C00000F03CBA012BCCD1B3780768202B11D012
:10A9D000222BC6D1B6F80730002BC2D13A8CB6F87C
:10A9E00003303B8402F0010203F001018A4227D1C7
:10A9F0000024D4E7B6F80720072AB2D13B73B6F893
:10AA00000730DBB27B7300240DF10B000E37CDE96C
:10AA1000057307948DF80B4000F0DAFC204605A979
:10AA2000FFF722FA044630B9684B03A9CDE9033594
:10AA300000F0F2F904469DF80B0000F0EDFCAEE7E3
:10AA40008CB2C1F10301C9B2FFF7DAFB002CCFD100
:10AA50002B7A012B40F2B4806B7B05F10C02002BAA
:10AA600000F0B080AB7BD05C03F0D0FE2846FFF74F
:10AA700043FF03F0CBFE07F13403C7E91E44C7E9E7
:10AA800020447C62FC627B6789E7037A002B00F03C
:10AA90009B80837A00F10901002B00F09380C27A39
:10AAA000B3788A5C9A42A3D01B06F77809D527B100
:10AAB000032F14BF0324002471E70121FFF7A0FB3B
:10AAC00096E707F0FD03012B92D0002F76D10668A0
:10AAD000FFF712FF3E4B059306F10C030693B46A91
:10AAE0008146C4B9F36FB467C6E91F43F36A63B123
:10AAF000D6E90B0106F1240383E80300F46205A9FB
:10AB00004846FFF7C7F9044600E074620021284672
:10AB1000FFF776FB43E7D6F884A0706A544528BF58
:10AB2000544606F134082246414608F031F8F36FE6
:10AB30002344C6E91F73AAEB0403B367F36A4444D2
:10AB400074672BB306F1240406F12C0898E803007F
:10AB500084E80300B36F706AF7621BB9736A002B55
:10AB6000CDD116E0B26A716F9A4214D808F010F88D
:10AB7000B36AB26FC6F88030D21AB267726F1A44E5
:10AB8000726700212846FFF73BFBF36A002BDDD1FB
:10AB900073620024BAE71A4607F0FAFFB26FB36A8D
:10ABA000F2679B1AB362736A13447362D6E7032198
:10ABB000FFF726FB2846FFF727FB19E70324EEE6FD
:10ABC0006378FFDE1B78FCE75B78FAE723A20E00D0
:10ABD00049A20E001FB503681B8CDC0714D5037A4D
:10ABE000012B13D9437B00F10C0493B1837BE05C10
:10ABF0009306CDE901120CBF0123002301A90393A1
:10AC0000FFF732F904B010BD0820FBE700235B78A2
:10AC1000FFDE1B78FCE700002DE9FF410468238C70
:10AC2000DB0780460F4616464BD500230DF1070083
:10AC30008DF8073000F0CCFB656A002D39D1A16F8B
:10AC4000B14214D3616F3246384607F0A1FFA36FBB
:10AC5000C4F880609B1BA367636F334463679DF8F0
:10AC6000070000F0D9FB284604B0BDE8F081C4E934
:10AC700009764046FFF740FE134B029304F10C03A4
:10AC80000646039369B10A463846616F07F080FFB4
:10AC9000A36FA26AD21AA262626AC4E91E531A445E
:10ACA000626202A93046FFF7F5F8051E08BF92253B
:10ACB000D5E7E36A1BB9C4E90B769225CFE71125E6
:10ACC000CDE70825CFE700BF49A20E00002070475E
:10ACD0002DE9F04F2DED028B85B04B680192804637
:10ACE0000C466BB90B681B681B684BB98D683DB986
:10ACF000C0E90055284605B0BDEC028BBDE8F08FD9
:10AD000003F046FC019BE7689F4228BF1F4604F101
:10AD100010034FF0000A08EE103A8146564601250E
:10AD20004FB3A3686168BB429B4628BFBB4629B3AB
:10AD30005A4609EB060007F02BFF00236360A26868
:10AD4000E368A2EB0B02A3EB0B03A260E360A7EBAB
:10AD50000B075E440ABBBAF1000F03D022681268E9
:10AD600012682260DBB12368DBB963601EB1019B0E
:10AD7000B34288BF0025C8E90096BBE7002BDED0B0
:10AD800021684B6818EE100AD3F804A009EB0602FC
:10AD90005B46D0474FF0010AD1E7002BC0D1002518
:10ADA000BEE70023029321684B680022D3F804B069
:10ADB00002A80123D84708B92061B1E7A36801338D
:10ADC000A360F0E7084B1A7882420CD0052818BF20
:10ADD000064A187018BF137805481CBF23F00203F9
:10ADE0001370FFF7E9B8704710E100202CE1002054
:10ADF0006C3B0F0008B50020FEF7D6FFBDE8084009
:10AE00008020FEF7D1BF08B50020FEF7DBFFBDE8CC
:10AE100008408020FEF7D6BF38B505460C4603F043
:10AE200049FCA84203BFD4E90001034BC3E9000178
:10AE3000102008BF002038BD30E100207FB5C38856
:10AE400093421E4628BF164693420D46144625D906
:10AE5000802003F0CBFAB4FBF0F202FB1044B4FA0A
:10AE600084F4640900230DF1030003948DF803308A
:10AE7000CDE9015600F0ACFA01A98020FEF7F4FFFD
:10AE8000044620B906498020FFF7C6FF04469DF816
:10AE9000030000F0C1FA204604B070BD0024E1E7D1
:10AEA000A03B0F002DE9F04F0B780E2B89B00D461B
:10AEB00013D8A3B1013B0D2B11D8DFE813F012001A
:10AEC0001A00160010002A00FA01100010001000ED
:10AED00010001A00E401E801F801852B13D00624C4
:10AEE000E1E10320FFF76EFFF9E7A84800F0C9FB96
:10AEF00008B90024D7E1A64B0122DA65BFF36F8FB2
:10AF0000BFF34F8FF5E7A34B1B78032BE7D104204A
:10AF1000E8E70523A04D8DF814300DF1150003F07E
:10AF200059FB00232B609DF8153003F01F07032FFA
:10AF300000F26281DFE817F00400FB0057013E00D9
:10AF400013F0600FC3F3411834D1DB099DF81610DC
:10AF500000F0A680062916D0082900F0938049BB8E
:10AF60008E4C0222204607F03BFE237843F001027C
:10AF700022708B4A1278920744BF43F00303237078
:10AF8000022286490EE09DF81830022B16D0032BC2
:10AF900068D0012B0ED1BDF81B30002B00F0708162
:10AFA000804912220DF11500FFF748FF0446062CD8
:10AFB00040F02A8105A8FEF745FF12E1BDF81B60AD
:10AFC000002E00F05D81092E28BF0926FEF7FCFE49
:10AFD0004FF00909044674BB704C73493246204651
:10AFE00007F0D6FD2771A4F80290FEF7D5FE18B140
:10AFF000E37943F02003E371FEF7E6FE6B4BC3E910
:10B0000000049E60BDF81B20DA6003A800238DF8C1
:10B010000C3000F0DDF966498020FEF73BFF044666
:10B0200020B964498020FFF7F7FE04469DF80C0024
:10B0300000F0F2F9BBE7CDF80C804FF0000A63682E
:10B040000022D3F804B02146012303A8D84730B921
:10B05000237A1F442368D1441C68FFB2BBE70AF17E
:10B06000010AECE7BDF81B30002B00F00981BDF8A8
:10B0700019109DF8170000F08DF90146002899D0AD
:10B0800002788FE7434A1278052A03D1434A1370A6
:10B09000012276E7042A8DD1404B83F80080F7E740
:10B0A000032910D009292CD0012983D1BDF81730EC
:10B0B000012B7FF47FAFFEF76FFE60B1384A137843
:10B0C00023F002030FE0BDF81730012B7FF472AFBD
:10B0D000FEF762FE18B90F2403F0E2FAE3E0304A0B
:10B0E000137843F0020313702B68002B00F0C88024
:10B0F00003F0E0FA044600287FF4FBAE03F090FA78
:10B10000D1E0244B1B78043B012B01D90824E3E751
:10B110009DF817302BB9FEF73BFF0420FFF752FED6
:10B12000E2E7012B56D1FEF71FFF0520F6E79DF859
:10B13000190003A9FEF74EFE064608B91024CBE716
:10B140009DF80C1005AAFEF75DFE062804465BD1AB
:10B150009DF8152012F0600FBED10E4B9DF80C101B
:10B1600018789DF81630D2092CD02BB30A2BB3D106
:10B170000528CBD130460192FEF7F0FE0749019A2F
:10B1800008700DF11500FFF759FE2AE038E10020A4
:10B190000070024010E1002030E100203CE100207E
:10B1A0002CE100208C3B0F006D3B0F0014E10020D0
:10B1B000A83B0F00A03B0F000528A7D14A490B80F0
:10B1C0000222DEE70B2B87D105289FD1BDF817306F
:10B1D000FF2B01D907247FE79DF817203046FEF7A3
:10B1E0006FFE044610E09DF81900070706D19DF890
:10B1F000153013F0600F0BD006246DE705A9FEF79C
:10B2000004FE06280446F2D0002C3FF46DAF63E73D
:10B210009DF81620354B9DF819401B78012A1DD04A
:10B22000032A0CD0002AE7D1052B02D026077FF491
:10B230006DAF204603F0BCF92B490880C0E720071A
:10B24000DAD4BDF81720002AD6D1052B02D0210769
:10B250007FF45CAF204603F09FF945E72207CBD48B
:10B26000BDF81720002AC7D1052B02D023077FF491
:10B270004DAF204603F09EF9204603F061FC33E712
:10B2800003F004FA35E60020FFF79CFD31E64FF0AD
:10B290008043D3F8384414F0010401D00220F3E7CE
:10B2A0000120FFF78FFD204609B0BDE8F08F012097
:10B2B000EAE7C87803283FF412AE0D4E33688BB12D
:10B2C0000022716832609847044600287FF404AF7A
:10B2D000336823B1AB78002B7FF40BAE0EE703F09D
:10B2E000D5F9E0E70E24F7E63CE1002010E100206C
:10B2F00030E1002008B1402303600148704700BFDF
:10B300003CE1002070B54FF0805286B0D2F8A830F2
:10B31000D2F8A42000926FEA83436FEA93430B4A6A
:10B320000B4E9BB20D2102A807F062FC02AD002477
:10B3300002A807F0B3FC844201D306B070BD15F833
:10B34000013B06F8013B0134F2E700BFB03B0F00C0
:10B350007CE1002010B50E4B53F8204023780BB948
:10B36000A01C10BD0020FFF7C5FF013C00235A1CA4
:10B37000A15C39B9DBB201335B00DBB243F440734B
:10B380000380EEE7D3B220F813101346EFE700BFB7
:10B39000083C0F00034608B9FFF7DCBF012807D0BF
:10B3A000022805D0032803D0042801D0052809D19C
:10B3B000054800EB4303587820B1044B53F8203084
:10B3C000002BE9D100207047203C0F00083C0F0003
:10B3D00070B5EFF3108672B60C4A946801239CB9DD
:10B3E00093600B4B0B4DD3F8801029401160C3F8CC
:10B3F0008050D3F8841051604FF0FF32C3F884209E
:10B40000047006B962B670BD0370FAE78CE10020E3
:10B4100000E100E0FC06FFBD10B5084B9A685AB188
:10B4200050B9EFF3108172B6054A1C6814605C686D
:10B430005460986001B962B610BD00BF8CE1002075
:10B4400000E100E030B53AB11368DB430A4D014436
:10B45000814204D1D84330BD4FF0FF33F6E710F8F6
:10B46000012B5340082213F0010418BF2C46013A67
:10B4700084EA5303F7D1EBE72083B8ED10B561B14F
:10B48000B2FBF3F403FB1424A4B244B9C0E90014E2
:10B4900084608281C381204610BD0E20FCE7092014
:10B4A000FAE782B050E8022FC188B2EB324F4FF07A
:10B4B000000317BF92B241EA014142EA014104E0B0
:10B4C0004268B2EB324F08BF012340E80212002A63
:10B4D000E8D18DF807309DF80730002B0CBF112004
:10B4E000002002B0704737B550E8013F9DB2C489D3
:10B4F00025448489A54228BF2D1B0489A54202BF8B
:10B50000BFF32F8F002207E0C5EA030540E801548E
:10B51000002CE9D14FF001028DF803200193019A2C
:10B520000A609DF8031001F0FF0321B1006810FAD2
:10B5300082F003B030BD1846FBE70A884B889A4278
:10B5400009D150E8012FC2EA024240E80123002B52
:10B55000F7D1012070470020704737B550E8023F0F
:10B560001FFAA3F5C488A54202BFBFF32F8F0022A4
:10B570000DE0C48925448489A54228BF2D1BC3EA58
:10B58000054540E80254002CE8D14FF001028DF847
:10B5900003200193019A0A609DF8031001F0FF0354
:10B5A00021B1006800EB124003B030BD1846FBE744
:10B5B0000A884B889A4209D150E8022FC2EA2242F7
:10B5C00040E80223002BF7D101207047002070478C
:10B5D00010B5034653E8000F0A4643E8002494F0F0
:10B5E000000FF7D110BD10B5034653E8000F40EA35
:10B5F000010243E8002494F0000FF6D110BD10B50D
:10B60000034653E8002F42EA010043E8000494F0A7
:10B61000000FF6D110BD10B5034653E8000F00EA45
:10B62000010243E8002494F0000FF6D110BD10B5DC
:10B63000034653E8002F02EA010043E8000494F0B7
:10B64000000FF6D110BD10B5034653E8002F02EBF2
:10B65000010043E8000494F0000FF6D110BD10B5CE
:10B66000034653E8002FA2EB010043E8000494F0E6
:10B67000000FF6D110BD0121FFF7B5BF0121FFF783
:10B68000BEBF0021FFF7C7BF0021FFF7D0BF10B535
:10B6900090B1D0E9012301689B1ADBB20A60013B3B
:10B6A000DBB2FF2B026802D10020107110BD1168BF
:10B6B0004C1C14600B70F2E70E20F7E737B5044618
:10B6C00000250DF107008DF80750FFF781FE226875
:10B6D000616813688B4210D9591E116013F8013C40
:10B6E000228AE56802FB03552268A36811685B1A89
:10B6F0001179DBB2994238BF13719DF80700FFF74B
:10B700008BFE284603B030BD37B5054600230DF14A
:10B7100007000C468DF80730FFF75AFE2A681368B9
:10B72000591C1160E968641A298AB4FBF1F41C7091
:10B730009DF80700FFF770FE03B030BD13B50B4650
:10B74000114680B9104B1148114AC01A0E23C00887
:10B750000093104B0004104940F0010006F027FD53
:10B760000E2002B010BD4BB9074B08480B4AC01A57
:10B77000C0080E2300930004064BECE703601B682F
:10B7800002B0BDE81040184720590F00C8590F00FB
:10B79000353C0F00F13D0F003A3C0F00693C0F00B3
:10B7A0002DE9F34188B93D4B3D483E4AC01AC008D7
:10B7B0000E243D4B009400043C4940F0010006F08B
:10B7C000F6FC204602B0BDE8F0814AB9334B34485C
:10B7D000374AC01AC0080E24334B00940004EBE72C
:10B7E000D0F800E0BEF1000F09D12C4B2C48314AB3
:10B7F000C01AC00808242C4B00940004DCE74BB9A5
:10B80000264B27482C4AC01AC0080924264B00940E
:10B810000004D1E74568D5F80480B3FBF8F508FBD0
:10B8200015354DB11D4B1E48244AC01AC0080924C5
:10B830001D4B00940004BFE78D0709D0174B184833
:10B840001F4AC01AC0081024174B00940004B3E725
:10B8500012F0030F09D0114B11481A4AC01AC00840
:10B860001024114B00940004A6E7C568A9420BD32D
:10B870004D1EEC180569AC4206D8DEF80C40A44613
:10B8800002B0BDE8F0416047044B05480E4AC01ABB
:10B89000C0081024044B009400048DE720590F00C9
:10B8A000C8590F00353C0F00DE3D0F003A3C0F0039
:10B8B000B73C0F00633C0F00763C0F00BD3C0F000F
:10B8C000E73C0F00FF3C0F00223D0F00F7B580B9A9
:10B8D0002A4B2B482B4AC01AC0080E242A4B00942E
:10B8E00000042A4940F0010006F061FC204603B044
:10B8F000F0BDD0F800C0BCF1000F09D11F4B2048AB
:10B90000234AC01AC00808241F4B00940004E8E72B
:10B910004AB91A4B1A481F4AC01AC00809241A4BC0
:10B9200000940004DDE74568D5F800E00EF1FF352E
:10B930000D4209D0114B1248174AC01AC0081024F2
:10B94000114B00940004CCE7C568A9420CD34D1EEE
:10B950000EFB02540569AC4206D8DCF81040A44640
:10B9600003B0BDE8F0406047044B05480B4AC01ADD
:10B97000C0081024044B00940004B2E720590F00C3
:10B98000C8590F00353C0F00CB3D0F003A3C0F006B
:10B99000633C0F00763C0F00493D0F006F3D0F00E8
:10B9A00070B550B90E4D0F4C0026641B1423B4FB28
:10B9B000F3F4B44208D1002010E00368002BF1D06A
:10B9C000BDE87040DB6918472B6813B901361435A0
:10B9D000EFE7DB69284698470028F7D070BD00BF25
:10B9E00058A200206CA20020014B43600020704749
:10B9F000043E0F000846704700207047024B18684D
:10BA0000003818BF0120704798E1002008B50248AF
:10BA1000FFF73AFE002008BD98E1002008B5104667
:10BA20001A4607F0B5F8002008BD00002DE9F041E6
:10BA3000804686B011480F4616461D46FFF71BFE8E
:10BA40000446C8B9AA083146384600F0B5FF0B488D
:10BA5000FFF71AFED8F8083053B101228DF8002004
:10BA60000C9A0592CDE90147CDE9036568469847F0
:10BA7000204606B0BDE8F0811124F9E798E10020E6
:10BA80002DE9F043814687B014480E461546984686
:10BA9000FFF7F1FD0446F0B90746BD4215D10F4846
:10BAA000FFF7F2FDD9F808305BB102228DF80020D3
:10BAB0000022CDE90126CDE90325CDF814806846A2
:10BAC0009847204607B0BDE8F08306EB073000F04A
:10BAD00013FF0137E1E71124F3E700BF98E10020ED
:10BAE00029DF704728DF704770B50668B36886B0F5
:10BAF00004460D4673B114220021684607F070F821
:10BB0000A36805932379019533B1012B0ED0B36857
:10BB10006846984706B070BD01238DF80030236950
:10BB20000293E368039363690493F0E702238DF8BB
:10BB30000030E3681B030293F5E7084670470020D6
:10BB400070470000024B187A003818BF0120704778
:10BB500088E30020034B187A0122B0FA80F05A746F
:10BB60004009704788E3002008B510461A4607F0E0
:10BB70000FF8002008BD000008B514220021044879
:10BB800007F02EF80348FFF78CFC002008BD00BF2B
:10BB900088E3002078E3002010B5094C094B43608E
:10BBA0002046FFF768FD48B900F0F8FA064920740E
:10BBB0001C2306484FF4EE72FFF760FC002010BD16
:10BBC00088E30020303E0F009CE1002078E3002055
:10BBD00038B5234D234C2B7A3BB923492348FFF733
:10BBE000BCFC206008B9686038BD022324682B7251
:10BBF000237973B1012B24D020460321FFF774FF72
:10BC000000232B726B6018491848BDE83840FFF7D5
:10BC1000CFBCD4E90523D21AB2F5805FD4E9031072
:10BC200028BF4FF480529208012A38BF01221944DC
:10BC30001844FFF755FF50B11128DDD101232B72B5
:10BC4000D2E7D4E903031844FFF74CFFF3E72B7C5A
:10BC5000002BC9D1BDE83840022000F009B800BF70
:10BC600088E30020A0E300209CE3002078E300208C
:10BC700038B5234C237A002B41D0022B09D103285D
:10BC800030D0204B00221B68E2601A793AB1012AB9
:10BC900022D0637C7BBBBDE83840FFF799BFD3E976
:10BCA00005128D1AB5F5805F94BF521902F58052C6
:10BCB0009A619142EDD102284FF0000308BF194666
:10BCC0002372104B18BF0D211868FFF70DFF0E49A6
:10BCD0000E48FFF76DFCDCE71A6901321A615B69F7
:10BCE0009A42E7E7E3680133082B01D8E360D0E725
:10BCF0000023E360DFE7BDE8384000F03FBA38BD1D
:10BD000088E30020A0E300209CE3002078E30020EB
:10BD1000831E012B01D8FFF7ABBF704700F0FD0376
:10BD2000012B08D1044B00225A74421E504250414C
:10BD30001874FFF74DBF704788E3002010B5064C1C
:10BD4000201DFFF798FC28B9637C1BB9BDE81040A3
:10BD5000FFF73EBF10BD00BF88E300202DE9F3418F
:10BD600080460D460F4801A916461F46FFF7BBFB4C
:10BD70000446A8B11C22002106F032FF2D0B01233E
:10BD8000237101A90748C4F80080A760E5606661D7
:10BD9000FFF7D3FBFFF7D2FF002002B0BDE8F08130
:10BDA0000420FAE778E300202DE9F743814688462E
:10BDB000104801A917461E46FFF795FB0446B0B18F
:10BDC0001C22002106F00CFF00250A9BA36001A99C
:10BDD000C4E9037807482571C4F800906661FFF74D
:10BDE000ACFBFFF7ABFF284603B0BDE8F0830420AF
:10BDF000FAE700BF78E300202DE9F84FB0F806A07D
:10BE00004579D2F800B09DF828900AFB05F5043D6D
:10BE100088460BEB0301A94203F1040488BFA5EB9C
:10BE2000030BB4FBFAF607460AFB1644C2F800B04F
:10BE30004EB9AAEB04055D4528BF5D46BBF1000F76
:10BE400004D1BDE8F88F3F68013EF1E7043408EB08
:10BE500006003C442A46B9F1000F0DD02146ABEB59
:10BE6000050B06F095FEDA452E443F6855464FF027
:10BE7000000428BF5D46E1E701462046EFE7FFF7F3
:10BE800006BCF8B546790146721E0546002393426A
:10BE90002D6803D30024A64202D8F8BD0133F6E78B
:10BEA0000F682846FFF730FC01343946F3E72DE9E7
:10BEB000F843CD1C068A0746FFF700FC043E3544D4
:10BEC0000446B5FBF6F5F0B14FF48073EDB2838014
:10BED000C680013D076081464FF00008A84512D298
:10BEE0003846FFF7EBFB064648B1637901336371CF
:10BEF00008F10108C9F8000007608146EEE7204616
:10BF0000FFF7BFFF34462046BDE8F8830121043027
:10BF1000FFF799BB10B5012104460430FFF79FFBE2
:10BF2000C0B220B92046BDE81040FFF7AABF10BD3F
:10BF30001FB503920022009203AAFFF75DFF05B030
:10BF40005DF804FB1FB503920122009203AAFFF7DC
:10BF500053FF05B05DF804FB01600B6843604A685D
:10BF6000934204BF002343607047436843B10268B3
:10BF700091680B4443605268934204BF00234360BE
:10BF80007047000010B50D49A1F59472914201D897
:10BF900000200FE08C1AE30F03EBE4035B1002EBCD
:10BFA000C30452F83330834205D802D204F10802A8
:10BFB000ECE7606810BD2146E8E700BF54430F007E
:10BFC00008B5FFF7DFFF024B002808BF184608BD81
:10BFD00016420F0010DF704711DF704713B504469B
:10BFE00009496846FFF7B8FF019808B902B010BDCB
:10BFF000D0E900212046904718B16846FFF7B5FF09
:10C00000F2E71120F2E700BFE8430F0013B5044642
:10C0100007496846FFF7A0FF019B0BB902B010BDAE
:10C020002046D3E9002190476846FFF79EFFF3E7DB
:10C0300000440F00084B9A6822B11A6822F480026B
:10C040001A607047054B4FF48002C3F88020BFF39D
:10C050004F8FBFF36F8F70478CE1002000E100E04D
:10C060000C4991F816335A09EC231341DB0706D526
:10C07000094B9A684AB94FF480030B607047074A2E
:10C08000A12142F20200FCF74DB91A6842F4800285
:10C090001A60704700E100E08CE1002054430F007B
:10C0A000F7B5194F3C7864BB184E01252046357012
:10C0B000FFF794FF112821D02046FFF7A7FF144B6C
:10C0C0008DF80340186801900DF10300FFF780F927
:10C0D000104901A8FFF77EFF0446B0FA80F040093E
:10C0E00038709DF80300FFF797F93CB90A4B34709C
:10C0F0001C70FFF7B5FF2846FFF788FF204603B006
:10C10000F0BD0824FAE700BFA5E30020A4E3002067
:10C11000E4430F0051830E00A6E30020F7B5154F4E
:10C120003B781BB3144E01203070FFF757FF1128E6
:10C130004FF000051CD00220FFF768FF0DF107004B
:10C140008DF80750FFF744F9FFF746FF04469DF8C6
:10C1500007003D70FFF760F92CB903203470FFF73A
:10C1600069FFFFF753FF204603B0F0BD0824FAE74C
:10C170002C46F8E7A5E30020A4E30020054B1B783C
:10C1800033B1054B1B780BB1FFF7C8BFFFF788BF72
:10C1900008207047A4E30020A5E30020014B187895
:10C1A000704700BFA5E3002007B508496846FFF7C0
:10C1B000D3FE019B13B903B05DF804FBD3E9002063
:10C1C00090476846FFF7D1FEF3E700BFF4430F0046
:10C1D000FFF7EABF60DF704769DF704761DF7047D4
:10C1E00030B5154DADF5017D4FF4FA740DF1020136
:10C1F00003A8ADF80240FFF7F1FF70B9294601A886
:10C20000FFF7AAFE029B002BF0D003A8D3E9002180
:10C21000904701A8FFF7A9FEF4E7052808D0074AD0
:10C2200040F23B110DF5017DBDE83040FCF77AB8D6
:10C230000DF5017D30BD00BFA4440F000C440F007C
:10C24000024B1B780BB1FFF7CBBF7047A7E3002071
:10C2500018B1034B0360002070470E20704700BFE9
:10C2600090A10020F0B5074685B00D4600295DD0AD
:10C270002F4B0B600C22002101A806F0B1FC012617
:10C2800006232A68ADF8083001A920208DF8047033
:10C290008DF80660FFF7A0FF0C22002101A806F030
:10C2A0009FFC00242A688DF8056001A94020ADF8A4
:10C2B0000640FFF791FF0C22214601A806F090FCF2
:10C2C000F7232A68ADF8063001A923208DF8047001
:10C2D000FFF782FF0C22214601A806F081FC2A68A4
:10C2E0008DF8046001A93046FFF776FF0C22214645
:10C2F00001A806F075FC4FF4B0632A68019301A908
:10C30000A120FFF769FF0C22214601A806F068FC76
:10C310009DF804302A6864F3000301A9A0208DF879
:10C320000430FFF759FF204605B0F0BD0E20FBE7B3
:10C3300090A1002008B5FFF74DFF10B9014B012275
:10C340001A7008BDA7E300204BDF70471FB50F4CE4
:10C3500001A8FFF7F9FF70B9214602A8FFF7FCFD1D
:10C36000039B002BF4D00198D3E90021904702A849
:10C37000FFF7FBFDF4E7052806D0054A6B2104B062
:10C38000BDE81040FBF7CEBF04B010BD48450F001C
:10C39000B0440F00F0B578B371B36BB300241C60E8
:10C3A0008E18DB274FF0DC0C4FF0DD0E1A688E4242
:10C3B00002F1010400EB020504D11C60C0232B70C4
:10C3C0000020F0BD0D78C02D05D0DB2D0CD01C60F9
:10C3D0000C78845406E01C6087541A68541C1C6056
:10C3E00000F802C00131E1E71C6085541A68541C52
:10C3F0001C6000F802E0F5E70E20E2E710B580B31C
:10C40000D0E902239A422ED00378012B0FD0022BC1
:10C4100021D053B9C02928D0DB2902D101230370D0
:10C4200003E04368541C84609954112006E0DC2921
:10C4300005D0DD290AD0022303700B2010BD511C4A
:10C4400043688160C02199540023E8E7511C816052
:10C450004368DB21F7E7C029E7D10023037083603D
:10C46000E3E70E20EAE70420E8E71846E6E742DFC4
:10C47000704743DF7047000038B5074C051E04F1D4
:10C48000080318BF1C4623682BB11A6822605B683A
:10C4900028469847F7E738BDB0E3002020B9054BA0
:10C4A00001225A70FFF7E8BF012802D1014A9070BB
:10C4B000F8E77047A8E3002020B9034B01225A7027
:10C4C000FFF7DABF704700BFA8E3002038B50E4C75
:10C4D0002378B3B90D486360A3602361E36000F083
:10C4E000A1FA0546FFF75AFE08B900F0A7FA0123A2
:10C4F0002370074BD3F800340BB10123A3702846F7
:10C5000038BD8525F5E700BFA8E300209DC40E00D7
:10C510000000014037B50D4C00230DF107008DF8E8
:10C520000730FEF755FFE368013BE360E36833B98A
:10C53000074BD3F8005415B900F096FAA5709DF892
:10C540000700FEF769FF03B030BD00BFA8E300207D
:10C5500000000140012813B50CD0032820D038B9C1
:10C56000134B0122C3F88020BFF34F8FBFF36F8FAF
:10C5700002B010BD0F4C00230DF107008DF80730FD
:10C58000FEF726FF23780BB9FFF7A0FFE3689DF8BD
:10C5900007000133E3600123A370FEF73DFFE7E7E7
:10C5A00000F04CFA02B0BDE81040FFF7B3BF00BF87
:10C5B00000E100E0A8E3002037B51B4C6378054696
:10C5C00003F0FF029BB110B143680020984700239D
:10C5D0000DF107008DF80730FEF7FAFE63689DF84D
:10C5E000070001336360FEF717FF03B030BD0DF1A4
:10C5F00007008DF80720FEF7EBFE25B1A268134671
:10C6000053B92A60A5606368002BE7D1FFF7C6FD28
:10C6100030B1FFF72CFFE1E79D42F4D01B68EFE754
:10C6200000F033FADAE700BFA8E3002073B50F4C3F
:10C6300000230DF107008DF80730FEF7C9FE63688F
:10C64000013B6360666836B9FFF7A8FD054640B157
:10C65000FFF70FFF66709DF80700FEF7DDFE02B0E2
:10C6600070BD00F01FFA6570F5E700BFA8E3002079
:10C6700036DF70474DDF70474EDF70474FDF704742
:10C6800050DF704710B50446FFF7F6FF40B920466B
:10C69000FFF7F0FF20B92046BDE81040FFF7EEBFDE
:10C6A00010BD012810B5044602D100F04BFA8047B6
:10C6B00000F04EFA034668B10A2C07D00B2C07D0C5
:10C6C000092C07D10220BDE8104018470020FAE7E6
:10C6D0000120F8E710BD0000012813B5044603D07F
:10C6E00003281CD002B010BD00230DF107008DF807
:10C6F0000730FEF76DFE00F025FA10B12046FFF777
:10C70000B7FF9DF80700FEF787FE00F021FA00282A
:10C71000E8D0012002B0BDE81040FFF7B3BF0C4BDA
:10C72000C02283F8002301221A6000F00BFA20B126
:10C730004FF080430422C3F8042300F009FA0028D4
:10C74000D0D04FF080434FF46072C3F80423C9E7A0
:10C7500000E100E038B50A4D2B78044663B9FFF7D5
:10C760001DFD58B90748002C18BF204600F0F6F907
:10C7700008B901232B7038BD8520FCE70820FAE7B3
:10C78000BCE300205A450F0013B500240DF107004B
:10C790008DF80740FEF71CFEFFF700FD58B120465C
:10C7A000FFF770FF9DF80700FEF736FE02B0BDE808
:10C7B000104000F009BA00F000FAF3E71FB501904D
:10C7C000FFF7E2FF019800F0EBF9FFF7E7FC044602
:10C7D000A0B10120FFF756FF044660B903A8FFF798
:10C7E0004FFF044638B9039BDB0704D500F0B0F9CE
:10C7F000034620469847204604B010BD00F0D6F905
:10C80000F9E700001FB503788DF800304368019305
:10C8100083688DF80830C368054A0393054B684662
:10C8200053F8213052F82110984705B05DF804FB09
:10C83000C0E30020C8E300201FB503788DF8003066
:10C840004368019383688DF80830C368054A0393F1
:10C85000054B684653F8213052F82110984705B02F
:10C860005DF804FBC0E30020C8E30020F0B5194BDD
:10C8700090F800C0DFF86CE043F82C20164B164609
:10C880000A6943F82C204B7F0EF80C300C46074603
:10C890000FCC89B06D460FC594E80F0085E80F00F6
:10C8A0003B78CDF810C01EF803304BB1002E0B4A78
:10C8B000694608BF3246381D00F0ECFD09B0F0BDF6
:10C8C000002E074A694608BF324607F10C0000F007
:10C8D0000DFBF3E7C8E30020C0E3002005C80E000D
:10C8E00039C80E00D0E30020024AD2F80034002BF1
:10C8F000FBD0704700E001400A4908B50223C1F8A7
:10C900000435BFF36F8FBFF34F8FC1F80805FFF7F2
:10C91000EBFF0023C1F80435BFF36F8FBFF34F8FD8
:10C9200008BD00BF00E0014038B520F00305C0009D
:10C9300000F01800FF2303FA00F22B680B4C23EAE7
:10C9400002030122C4F80425BFF36F8FBFF34F8F9A
:10C9500081400B442B60FFF7C7FF0023C4F8043568
:10C96000BFF36F8FBFF34F8F38BD00BF00E00140B2
:10C9700010B5094C0123C4F80435BFF36F8FBFF322
:10C980004F8F0160FFF7B0FF0023C4F80435BFF3F9
:10C990006F8FBFF34F8F10BD00E0014070B58D1851
:10C9A0000C46461AAC4200D170BD301914F8011B78
:10C9B000FFF7BAFFF6E7000070B50E4E01231546EB
:10C9C000C6F80435BFF36F8FBFF34F8F0024AC421E
:10C9D00007D10023C6F80435BFF36F8FBFF34F8F25
:10C9E00070BD51F8243040F82430FFF77DFF01344A
:10C9F000EDE700BF00E0014010B5034653E8000F2B
:10CA000000EA010243E8002494F0000FF6D110BDC3
:10CA100000F18040002382B0036003680193019B12
:10CA200002B07047044A137923B901211060918044
:10CA30001846704785207047D4E30020084B1A68D9
:10CA4000D20704D4C02283F8002301221A604FF0D9
:10CA500080420123C2F81835024A1370704700BFA4
:10CA600000E100E0DCE300204FF0804208B5022343
:10CA7000C2F808334FF48270FFF7CAFF0123D36076
:10CA8000D2F81834DB03FBD408BD08B54FF480702E
:10CA9000FFF7BEFF4FF080430122C3F804231A6062
:10CAA00008BD00004FF08042012108B54FF48070AE
:10CAB000C2F80813FFF7ACFF5160D2F80C3403F052
:10CAC0000113B3F1011FF8D0014B00225A7108BDC8
:10CAD000D4E3002010B54FF08041D1F8003163B1AC
:10CAE0004FF48070FFF794FF01220D4BC1F808232B
:10CAF000587910B95A711B6898474FF08042D2F8A4
:10CB0000043163B14FF48270FFF782FF0223C2F851
:10CB10000833034BBDE810401B680120184710BDC7
:10CB2000D4E3002000F1804382B01A68002A14BFC9
:10CB30000120002004D000221A601B680193019B91
:10CB400002B07047014B1868704700BFE0E3002057
:10CB5000014B1868704700BFE8E300200E4A1378C5
:10CB6000C3B903784FF08041C3F34003C1F8803567
:10CB7000037803F00103C1F87835084B1968C90739
:10CB800004D4C02183F8001301211960012313701C
:10CB90000020704785207047ECE3002000E100E0B2
:10CBA000014B02681A607047E8E300204FF08043B1
:10CBB0004FF46072C3F8042370474FF080434FF482
:10CBC0006072C3F808237047014B00221A60704757
:10CBD000E8E3002010B54FF08043D3F80443620728
:10CBE00007D54FF48470FFF79DFF10B11E4B1B68F3
:10CBF0009847A30608D54FF48A70FFF793FF18B142
:10CC00001A4B00201B689847600608D54FF48C70BB
:10CC1000FFF788FF18B1154B01201B6898472106C4
:10CC200008D54FF48E70FFF77DFF18B1104B002030
:10CC30001B689847E20508D54FF49070FFF772FF24
:10CC400018B10B4B01201B689847A3050AD54FF478
:10CC50009270FFF767FF28B1054BBDE810401B68D5
:10CC60000220184710BD00BFE0E30020E4E30020ED
:10CC7000E8E3002008B5FFF7ADFFBDE80840FFF787
:10CC800029BF0000014B1B68184700BFF0E30020DC
:10CC90000E4B984237B50C4602D0002003B030BD91
:10CCA00000230DF107008DF80730FEF791FB084BCC
:10CCB0001D7915B901221C601A719DF80700FEF755
:10CCC000ABFB002DE9D01120E8E700BF00200040B9
:10CCD000F0E30020034B984201BF034B00221A608F
:10CCE0001A71704700200040F0E3002000234350F9
:10CCF00082B043580193019B02B070470A4610B5B9
:10CD00004FF48E71FFF7F2FF136A9168C95C136AE2
:10CD100001331362C0F81C1510BD08B502464FF46C
:10CD200092710068FFF7E2FF10684FF48471FFF71B
:10CD3000DDFF136801221A6008BD10B58B690A4631
:10CD40004FF4847123B9FFF7D1FFD0F8183510BD27
:10CD5000FFF7CCFF536AD168D0F81805C854536A5E
:10CD600001335362F3E700001FB501238DF8003053
:10CD7000044BCDE90110D3E900126846904705B095
:10CD80005DF804FBF8E3002030B54E4DD5F80433D0
:10CD90009A0585B051D5D5F82431002B4DD04FF4EC
:10CDA00092712846FFF7A2FF4FF40173C5F80833CC
:10CDB000454B93F829200AB901226A6041490222B1
:10CDC0008DF80020D1F88024C1F8802403929A695C
:10CDD0000292DA6801920022C3E906226846D3E98A
:10CDE000001290473748D0F81C315BB1364A516980
:10CDF000136A99424ED992F82830002B4AD1114635
:10CE0000FFF77CFF2F48D0F84431002B57D04FF468
:10CE1000A271FFF76BFF2C4B93F829200AB1012276
:10CE200002609A69002A4AD0586AD96800229A6139
:10CE300005B0BDE83040FFF797BFD5F804335B0776
:10CE4000D0D5D5F80831002BCCD01F4C1D48214639
:10CE5000FFF773FF636AA2699A42C3D1E36953B1D2
:10CE6000A3612369E168E3600023606AE3616362B0
:10CE7000FFF77AFFB6E794F829300BB901236B600E
:10CE8000104B4FF40172C3F808230023606AE16875
:10CE9000A361EDE70B484FF48E71FFF727FF53694D
:10CEA000002BAFD051690291002391688DF80030BA
:10CEB000019153616846D2E900139847A2E705B093
:10CEC00030BD00BF00200040F8E300201F2886BFCF
:10CED00000F01F00044B4FF0A04300F5E070022269
:10CEE00043F82020704700BF000300502DE9F843AD
:10CEF0006D4E90F804802C2303FB0863054693F8DD
:10CF00002A300C469146002B40F0CA8067490068E1
:10CF1000FFF7BEFE0746002840F0C48023685A1C75
:10CF200019D01F2B4FF001028ABF61494FF0A04179
:10CF300003F01F0302FA03F3C1F8083523681F2B1F
:10CF400086BF03F01F035A4A4FF0A04203F5E07377
:10CF5000032142F823106368581C0BD01F2B86BF97
:10CF600003F01F03524A4FF0A04203F5E073002183
:10CF700042F823102B68A269C3F82425217D637D24
:10CF80002A680B43C2F86C35D4E900122B68C3F849
:10CF90001425C3F80C15237D012B32D1A368591C2D
:10CFA0000BD01F2B86BF03F01F03414A4FF0A04256
:10CFB00003F5E073002142F82310E3685A1C19D0EE
:10CFC0001F2B4FF001028ABF39494FF0A04103F0F7
:10CFD0001F0302FA03F3C1F80835E3681F2B86BF6D
:10CFE00003F01F03324A4FF0A04203F5E073032120
:10CFF00042F82310D4E902122B68C3F80825C3F8BD
:10D0000010152C2303FB08F3F218C2F804902269D0
:10D01000F250B9F1000F30D02868247F254A4FF430
:10D020008E71FFF763FE4FF4A2712868FFF75EFE72
:10D030002B68C3F804232A68110B42F30732002A35
:10D04000AEBF02F160421C4A01F00F014FEA4413E7
:10D05000DBB2AABF02F56142535482F800332A685A
:10D06000130B42F30732002A07DB03F01F010123F1
:10D070008B405209114941F822302B680422C3F831
:10D0800000252C2303FB08630022C3E9062283F852
:10D0900029205A61012283F82A203846BDE8F88306
:10D0A0000827FAE71127F8E7F8E3002089CD0E00FA
:10D0B000000300508000020014ED00E000E100E0F9
:10D0C0002DE9F041036805792A4C0022C3F80025B8
:10D0D0002C2303FB054301465B68B3B10368264A72
:10D0E000C3F8082303681A0B43F30733002B0CDB48
:10D0F00002F01F005B090122824020331F4840F8E4
:10D100002320BFF34F8FBFF36F8F0B684FF0FF32B9
:10D11000D3F80C05D3F81485D3F80865D3F8107547
:10D12000C3F81425C3F80C250B689042C3F80825F2
:10D13000C3F8102501D0FFF7C9FEB8F1FF3F02D0B8
:10D140004046FFF7C3FE7A1C02D03846FFF7BEFE0A
:10D15000731C02D03046FFF7B9FE0868FFF7BAFD2E
:10D160002C2303FB0544002384F82A306360BDE8C8
:10D17000F08100BFF8E300208402020000E100E03B
:10D180000279044B2C2101FB02335869003818BF87
:10D1900001207047F8E300202DE9F84F064690F88B
:10D1A000048089469246FFF7EBFF044600283DD1F4
:10D1B000204F2C2508FB057B4FF48E71CBF814A073
:10D1C000CBF80890CBF820008BF828003068FFF7E8
:10D1D0008DFD336801229A6030685946FFF78EFD55
:10D1E000DBF804305D461BBB3068DBF814402B6A6B
:10D1F0009C4211D83368D3F81C21002AFBD00122AD
:10D20000DA6000202C2303FB087700237B61BDE854
:10D21000F88F95F828303BB9D0F81C31002BF8D0A6
:10D220005946FFF76BFDE2E70F20EBE71120EEE731
:10D230002046ECE7F8E300202DE9F0473A4D077966
:10D240002C2303FB075306465C6824B103684FF4A4
:10D250000170C3F808032C2303FB0753986950B1EE
:10D26000D869002841D024B133684FF40172C3F863
:10D270000423112436E09A61D9605862D8612C23C6
:10D2800003FB075393F829301BB910B93046FFF759
:10D2900044FD4FF02C0808FB075A3068DAF80430D8
:10D2A000002B37D14FF4A271D046FFF71FFD306835
:10D2B000D0F82491D0F80831D0F84441CBB914B952
:10D2C000B9F1000FF3D02C2303FB07550023AB610A
:10D2D000B9F1000F24D12CBB95F829103368012235
:10D2E000B1B11A602046BDE8F0871961DA6101200A
:10D2F000C5E7B9F1000FE6D1002CE4D14146FFF7B4
:10D300001CFDDAF82430DAF818209A42CFD8DAE790
:10D310005A60E7E74FF40173C0F804330024E1E7F3
:10D320000324DFE70F24DDE7F8E300200023435068
:10D3300082B043580193019B02B070471FB501238F
:10D340008DF80030044BCDE90110D3E90012684696
:10D35000904705B05DF804FB24E400207FB5434A04
:10D36000D2F82461002E60D010464FF49271FFF77E
:10D37000DDFF02238DF80030D2F88034C2F880340B
:10D380000393D2F83C350293394BDA6801920022BC
:10D39000C3E906226846D3E9001290473348D0F823
:10D3A000443173B14FF4A271FFF7C0FF304B9A695B
:10D3B0003AB10022C3E90622D968D0F83C05FFF74C
:10D3C000BDFF2A48D0F82031ABB14FF49071FFF780
:10D3D000ADFF0123C360264B5A6962B1D0F84C15EA
:10D3E0000291002299688DF8002001915A616846E7
:10D3F000D3E9001290471D48D0F858319BB14FF443
:10D40000AC71FFF793FF1A4B5A6962B1D0F84C1513
:10D410000291002299688DF8002001915A616846B6
:10D42000D3E90012904704B070BDD2F81031002B40
:10D43000B4D04FF488711046FFF778FF0C4BD2F848
:10D440003C0599698842A9D1DC69D96864B1D2F8F0
:10D45000005225F02005C2F800521A699C61DA607A
:10D46000DE61FFF76BFF99E79C61FAE7002000405F
:10D4700024E400201F2886BF00F01F00044B4FF05B
:10D48000A04300F5E070022243F82020704700BF5F
:10D49000000300502DE9F843744E90F804802423D3
:10D4A00003FB0863054693F820300C469146002B99
:10D4B00040F0D7806E490068FFF7EAFB0746002876
:10D4C00040F0D18023685A1C19D01F2B4FF0010265
:10D4D0008ABF68494FF0A04103F01F0302FA03F32B
:10D4E000C1F8083523681F2B86BF03F01F03614A6C
:10D4F0004FF0A04203F5E073032142F82310636864
:10D50000581C0BD01F2B86BF03F01F03594A4FF046
:10D51000A04203F5E0730C2142F823102B68A269A6
:10D52000C3F82425217D637D2A680B43C2F86C353E
:10D53000D4E900212B68C3F80C25C3F81415237D0A
:10D54000012B32D1A368591C0BD01F2B86BF03F0CF
:10D550001F03484A4FF0A04203F5E073002142F850
:10D560002310E3685A1C19D01F2B4FF001028ABF09
:10D5700040494FF0A04103F01F0302FA03F3C1F842
:10D580000835E3681F2B86BF03F01F03394A4FF0AD
:10D59000A04203F5E073032142F82310D4E90212FC
:10D5A0002B68C3F80825C3F81015242303FB08F3E0
:10D5B000F218C2F804902269F250B9F1000F3FD07E
:10D5C0002868227F4FF48871FFF7B0FE28684FF477
:10D5D0009071FFF7ABFE28684FF49271FFF7A6FE3B
:10D5E00028684FF4A271FFF7A1FE4FF4AC712868D0
:10D5F000FFF79CFE2B682049C3F804132B68190B16
:10D6000043F30733002BAEBF03F160431B4B01F024
:10D610000F014FEA4212D2B2AABF03F561435A5436
:10D6200083F800232B681A0B43F30733002B07DB27
:10D6300002F01F0101228A405B09114941F82320B1
:10D640002B680822C3F80025242303FB0866002367
:10D65000C6E906337361012386F820303846BDE8F9
:10D66000F8830827FAE71127F8E700BF24E4002031
:10D670005DD30E00000300501003420014ED00E0E3
:10D6800000E100E02DE9F843394D067904682423D0
:10D6900003FB065302465B68ABB1364BC4F8083354
:10D6A0000368190B43F30733002B0CDB01F01F0059
:10D6B0005B090121814020332F4840F82310BFF33C
:10D6C0004F8FBFF36F8FD4F80032242723F020034D
:10D6D00007FB0657C4F800320023BB614FF4AC715E
:10D6E0002046FFF723FE0123E360D4F85831002BD6
:10D6F000FBD0BB691BB1D4F84431002BF5D000231B
:10D70000C4F8003513684FF0FF31D3F80C05D3F897
:10D710001495D3F80875D3F81085C3F80C15C3F821
:10D72000141513688842C3F80815C3F8101501D002
:10D73000FFF7A0FEB9F1FF3F02D04846FFF79AFE7F
:10D74000B8F1FF3F02D04046FFF794FE7B1C02D0A9
:10D750003846FFF78FFE2046FFF7BCFA242303FB71
:10D760000655002385F820306B60BDE8F88300BFC4
:10D7700024E400201003420000E100E00279044BA1
:10D78000242101FB02335869003818BF012070477B
:10D7900024E4002001F06043B3F1005F2DE9F0477D
:10D7A0000546884692463ED190F80490FFF7E6FF82
:10D7B0000446002839D11F4F242606FB09764FF472
:10D7C0009071C6F814A0C6F808802868FFF7AEFD6F
:10D7D0004FF4AC712868FFF7A9FD2B687269B16836
:10D7E000C3F84415C3F848252B6801229A60736872
:10D7F000EBB92B68D3F82021D3F858011AB90028C7
:10D80000F8D00F2008E00028FBD10122DA602A6856
:10D81000D2F85831002BFBD0242303FB09770023D7
:10D820007B61BDE8F0871020FBE71120F9E7204677
:10D83000F7E700BF24E40020F8B501F06043B3F13E
:10D84000005F04460F4660D10379314D242101FB6E
:10D850000351496821B100684FF40476C0F80863A9
:10D86000242000FB03539E6956B1D86900283BD0A1
:10D8700021B123684FF40472C3F80423112032E06D
:10D880009A61DF60DE6120684FF48871FFF74EFD1A
:10D8900020684FF4A271FFF749FD2368C3F834757F
:10D8A000C3F8382523681EBB01221A602679236835
:10D8B000242202FB065252680ABBD3F81011D3F897
:10D8C0004421D3F82401114302D10028F5D00A469F
:10D8D000242303FB06550023984218BF03209A42D5
:10D8E000AB6118BF0F20F8BD1F61DA610126CAE7DE
:10D8F000D3F8002242F02002C3F80022D6E74FF40A
:10D900000472C3F804230020EDE71020EBE700BF0A
:10D9100024E40020020713D400F00F0310F0800F5E
:10D92000084A0BBF03F5887303F5847302EB830386
:10D9300052F8230008BF5868431E584258417047A8
:10D94000002070470070024010F0080F074B06D00F
:10D95000D3F8C00410F4803F18BF0020704700F0D7
:10D960000F0000F5947053F82000704700700240DB
:10D970004FF08053D3F83001A0F1080358425841CA
:10D98000704700004FF08053D3F83021082A06D1A9
:10D99000D3F83431032B04D8034AD05C70470020FD
:10D9A00070470120704700BF75450F0030B54C68C7
:10D9B0009C4209D2002545600968016093420CD160
:10D9C000201E18BF012030BD43600D680560086847
:10D9D000E41A18444C600860F0E70020F3E74B6855
:10D9E0009A4228BF1A460B68C0E9003248680B68A3
:10D9F000801A48601A4400380A6018BF0120704736
:10DA00004B689A4228BF1A4662B10B68C0E90032DF
:10DA10004B689B1A4B600B68101E13440B6018BFB9
:10DA2000012070471346F1E7054B10F0800FA3F17A
:10DA3000900208BF134600F00F0003EB0010704780
:10DA4000BCE5002010F0800F14BF0023102300F06D
:10DA50000F0018447047000008B5FFF789FF18B1A0
:10DA6000034B0022C3F81C2C024B00221A7008BD85
:10DA70000070024049E4002007B5094A00231370F2
:10DA8000084AADF8053013708DF8073001238DF882
:10DA90000430054B01A81B68984703B05DF804FBF0
:10DAA00048E4002050E600204CE6002070470000CB
:10DAB000F8B54B680B4F934228BF13460C461D46E2
:10DAC00006461A460968384605F062F8C6E9007548
:10DAD00060682268401B60602A440038226018BFDA
:10DAE0000120F8BD54E60020F8B54B68934228BFEA
:10DAF000134606460D461C468BB10A4F09681A4666
:10DB0000384605F045F8376074606B681B1B6B6026
:10DB10002B68201E23442B6018BF0120F8BD036032
:10DB2000F2E700BF54E6002007B500230DF107001F
:10DB30008DF80730FDF74CFC0B4BD3F8001C03228B
:10DB400071B949F27531C3F8001CC3F8142DC3F83C
:10DB5000001C9DF80700FDF75FFC03B05DF804FBB7
:10DB6000C3F8142DF5E700BF00E0064013B500240C
:10DB70000DF107008DF80740FDF72AFC0A4BD3F89A
:10DB8000001C69B949F27532C3F8002CC3F8141DA2
:10DB9000C3F8002C9DF80700FDF73EFC02B010BD55
:10DBA000C3F8144DF6E700BF00E0064008B5014693
:10DBB000FFF752FF0846FFF737FF827B032A0AD19F
:10DBC0000846FFF73FFF01218140BDE808400448B7
:10DBD000C943FEF711BF0368002BF1D008BD00BF99
:10DBE000B8E400208720FFF7E1BF8620FFF7DEBF03
:10DBF0008520FFF7DBBF8420FFF7D8BF8320FFF726
:10DC0000D5BF8220FFF7D2BF8120FFF7CFBF000032
:10DC100008B5FFF721FF084B93F89E20032A06D191
:10DC2000BDE8084005486FF00101FEF7E5BED3F8F6
:10DC30009030002BF4D008BD2CE50020B8E4002083
:10DC400073B5012202FA01F51E491F4E0B6810F050
:10DC5000800F43EA050304460B6027D000F00F0253
:10DC60001A4B33F8123003F1804303F51C331A6862
:10DC70004AB100221A60BFF36F8FBFF34F8F802825
:10DC800011D0FFF793FF316829400AD106238DF8A0
:10DC900004308DF806408DF807100D4B01A81B6865
:10DCA000984702B070BDFFF7B3FFECE733681D4241
:10DCB000F7D106238DF804308DF806008DF8072083
:10DCC000EBE700BF28E50020B8E4002082450F0004
:10DCD0004CE6002008B5054B1A781046FFF7B2FE57
:10DCE000BDE8084001461046FFF7AABF50E60020F5
:10DCF000FFF78EBF07B500238DF804300B4BD3F828
:10DD00002025ADF80620D3F8C034094A002B13684B
:10DD10000CBF4FF480714FF001210B431360054B92
:10DD200001A81B68984703B05DF804FB007002402F
:10DD300028E500204CE6002007B5FFF78DFE0D4BCF
:10DD400093F88E20032A11D0D3F8803073B90A4893
:10DD50006FF08071FEF750FE06238DF80430082323
:10DD6000ADF80630054B01A81B68984703B05DF875
:10DD700004FB00BF2CE50020B8E400204CE60020A6
:10DD800007B5FFF769FE114B93F81E21032A07D14F
:10DD90000F486FF4807103B05DF804EBFEF72CBE02
:10DDA000D3F8103173B90A486FF48071FEF724FE7E
:10DDB00006238DF804308823ADF80630054B01A802
:10DDC0001B68984703B05DF804FB00BF2CE50020FA
:10DDD000B8E400204CE600202DE9F04F5D4E33788A
:10DDE00085B0002B6DD15C4C5C4B196823681940E1
:10DDF00067D011F0012367D093FAA3F1002966D010
:10DE0000B1FA81F10F2964D9A1F110085FFA88F8FD
:10DE10004046FFF709FE4FF0010B4FFA88FA0BFA64
:10DE200001F1BAF1000F81466FEA010B54DA036881
:10DE30008289416802A8984708B9C9F80000FFF72D
:10DE400097FD18B1464B8222C3F81C2C0123216890
:10DE5000039A3370D9F8083001EA0B011344BAF180
:10DE6000000F2160C9F8083008F0080002993C4B07
:10DE700008F00F085EDA002854D0C3F8A016C3F8E3
:10DE8000A426042303EB880303F1804303F51C332A
:10DE900001221A60BFF36F8FBFF34F8F314B324AAD
:10DEA0002F4913EA2A0338BF134633F8183003F119
:10DEB000804303F51C331A681AB9D1F80021002AEF
:10DEC000F9D005B0BDE8F08F91FAA1F196E72021D5
:10DED0009AE741F080089BE74046FFF735FDB9F827
:10DEE0000C20D9F80410D9F800500346074602A8C0
:10DEF000A847029A002A9FD0039A97429CD90227EA
:10DF000089F80E7059461548FEF776FD06238DF800
:10DF10000430164B8DF806801B688DF8077001A839
:10DF2000984761E7142000FB0833C3F80016C3F8D4
:10DF30000426A6E728B1C3F8A017C3F8A42728230E
:10DF4000A0E7142000FB0833C3F80017C3F8042728
:10DF5000F5E700BF49E4002028E50020B8E40020F0
:10DF60000070024082450F009E450F004CE60020E5
:10DF700037B50446FFF770FD2046FFF755FD837B5C
:10DF8000032B0DD12046FFF75DFD01218140C943E0
:10DF90000F48FEF731FD03B0BDE83040FFF71CBF6E
:10DFA0000568002DF7D12046FFF74CFD0121814087
:10DFB000C9430748FEF720FD06238DF80430054BC2
:10DFC0008DF806401B688DF8075001A89847E2E7D6
:10DFD000B8E400204CE600200720FFF7C9BF062068
:10DFE000FFF7C6BF0520FFF7C3BF0420FFF7C0BF80
:10DFF0000320FFF7BDBF0220FFF7BABF0120FFF7E4
:10E00000B7BF000038B5134BD3F86C44C3F86C4469
:10E01000BFF36F8FBFF34F8F01251CB9BDE83840A8
:10E02000FFF7DABE94FAA4F171B1B1FA81F30F2BC4
:10E0300019460BDDA1F11000C0B205FA01F324EA84
:10E040000304FFF7FDFDE8E72021F3E743F080003C
:10E05000F3E700BF0070024013B5254BD3F800442E
:10E06000C3F80044BFF36F8FBFF34F8FBFF36F8FC1
:10E07000BFF34F8FE1050ED51E4B01221A7000230E
:10E08000ADF805308DF8073002238DF804301A4BB7
:10E0900001A81B689847A2050DD5164A00231370E6
:10E0A000ADF805308DF8073003238DF80430124B9E
:10E0B00001A81B689847630518D50E4A1378ABB1C1
:10E0C000002313700A4A0121C2F808159165BFF3B5
:10E0D0006F8FBFF34F8FADF805308DF807300423F5
:10E0E0008DF80430044B01A81B68984702B010BD9E
:10E0F0000070024048E400204CE60020024A002361
:10E100001360024A137070474CE600204AE4002076
:10E110004A4B4FF4006213B5C3F80024BFF36F8F6E
:10E12000BFF34F8FFFF72EFC08B1FFF7FDFCFFF7A1
:10E130001FFCC0B100230DF107008DF80730FDF77B
:10E1400047F93F4BD3F8001CC02200296ED149F299
:10E150007531C3F8001CC3F8142CC3F8001C9DF8DB
:10E160000700FDF759F9354B0122C3F80025BFF32D
:10E170006F8FBFF34F8FD3F800241205FBD54FF4F8
:10E180000062C3F80024BFF36F8FBFF34F8FFFF718
:10E19000EFFBB8B100240DF107008DF80740FDF743
:10E1A00017F9274BD3F8001C002942D149F27532E8
:10E1B000C3F8002CC3F8141CC3F8002C9DF807000A
:10E1C000FDF72AF9FFF7DEFB30B1FFF7CFFCFFF7D1
:10E1D000D9FB08B1FFF7A8FCFFF7CAFB174B50B1FA
:10E1E00040F2E372C3F800284022C3F80428BFF3CA
:10E1F0006F8FBFF34F8F00218022C3F81C25C3F817
:10E200003015104B40F2FF121A600F4B1960FFF7E8
:10E2100023FC0E4B19700E4B02221A70FFF7B2FB53
:10E2200050B102B0BDE81040FFF7A0BCC3F8142CF9
:10E2300095E7C3F8144CC1E702B010BD007002406E
:10E2400000E0064028E50020B8E4002050E6002069
:10E250004AE400200C4B00221A700C4A0C4B002898
:10E2600018BF13460B4AC2F804330B4BC02183F886
:10E270002713802159600123C2F80435BFF36F8F43
:10E28000BFF34F8F704700BF48E400200714E00140
:10E290000714C0010070024000E100E0024B187852
:10E2A000003818BF012070474AE40020034B18785B
:10E2B000012894BF00200120704700BF4AE40020DD
:10E2C00037B500250DF107008DF80750FDF780F8F0
:10E2D000134B1B7803F0FF04B3B1124AD2F82C356C
:10E2E000E3B1C2F82C55FFF743FB68B10E4BD3F8EE
:10E2F000001CC02279B949F27531C3F8001CC3F87B
:10E30000142CC3F8001C04469DF80700FDF784F8A0
:10E31000204603B030BDC3F8142CF4E71C46F3E7E5
:10E3200048E400200070024000E00640024B034A2F
:10E33000C3F80823704700BF007002400414800136
:10E34000024B034AC3F80423704700BF0070024029
:10E3500004148001014B00221A70704748E4002029
:10E3600008B5FFF761FB818108BD000073B51D4B47
:10E370001C78002C33D11C4A106001221A702546EB
:10E38000264615F0080F65F07F00C0B20CBF402193
:10E390004FF400710190FFF7E3FF0198FFF744FB92
:10E3A0000135092D867306608660EAD1402100257B
:10E3B0002046FFF7D5FF2046FFF736FB0134E4B2D5
:10E3C000092C85730560856002D1002002B070BD04
:10E3D00014F0080F14BF4FF400714021E8E7082043
:10E3E000F4E700BF4AE400204CE6002008B5FFF740
:10E3F0001BFB808908BD0000064A10F0800F00F06A
:10E400000F0314BFD2F81005D2F81405D84000F05D
:10E4100001007047007002402DE9F74300230646D3
:10E420000DF107000F468DF80730FCF7D1FF16F00D
:10E430000F0503D12A4B1B78B3424DD1294BDFF88E
:10E44000C8801C68D8F80030E443A4B230461C43AE
:10E45000FFF7F8FA4FF0010909FA00F914EA090484
:10E460003CD13046FFF7E0FA0C2255433206034612
:10E470002ED51D4A3968154401F06041BA68B1F1E2
:10E48000005F02F001021ED1DAB9184A1A6097E85B
:10E49000070085E80700D8F800005D6000229A6058
:10E4A0009A73134B40EA09008022C8F80000C3F8B1
:10E4B00004219DF80700FCF7AFFF204603B0BDE83C
:10E4C000F0830C4AE2E70AB90B4ADFE70B4ADDE7C3
:10E4D0000B4A15440B4AD9E71024EAE71124E8E770
:10E4E00050E6002028E50020BCE40020DFD90E0023
:10E4F00000E100E001DA0E00B1DA0E00E9DA0E0008
:10E500004CE40020ADD90E00B8E40020F7B500239C
:10E5100006460DF107008DF807300D46FCF758FF51
:10E52000330703D1164B1B78B34225D1154B164F39
:10E530001C683B68E443A4B230461C43FFF782FAF0
:10E54000012303FA00F10C4018D13046FFF76CFAB2
:10E5500084602B6803606B684360847338680B4B7E
:10E56000084380223860C3F804219DF80700FCF7B7
:10E5700053FF204603B0F0BD1024F6E71124F4E762
:10E5800050E6002028E50020B8E4002000E100E08B
:10E590000048704754E60020044B40F48070C3F8F4
:10E5A0001805BFF36F8FBFF34F8F704700700240A5
:10E5B000FFF7B0B9064BC3F80C05BFF34F8F40F41B
:10E5C0008070C3F80C05BFF36F8FBFF34F8F704798
:10E5D0000070024010B508220021044604F000FB40
:10E5E0000E4BD3F880242270D3F884246270D3F8C1
:10E5F0008824D3F88C1442EA01226280D3F8902454
:10E60000D3F8941442EA0122A280D3F89824D3F8D4
:10E610009C3442EA0323E38010BD00BF0070024037
:10E62000034B0122DA64BFF36F8FBFF34F8F704744
:10E630000070024013B5FFF70FFA114B9A7B032AC3
:10E6400007D110486FF4803102B0BDE81040FEF7EA
:10E65000D3B91C687CB96FF480310A48FEF7CCF955
:10E6600006238DF80430084BADF806401B6801A85E
:10E67000984702B010BD02B0BDE81040FFF7D0BF10
:10E680002CE50020B8E400204CE60020034B0122DA
:10E690001A65BFF36F8FBFF34F8F70470070024052
:10E6A000034B01225A65BFF36F8FBFF34F8F704743
:10E6B00000700240014B1878704700BF50E6002000
:10E6C00013B5002304460DF107008DF80730FCF761
:10E6D0007FFE2046FFF7B6F90D4901220B6802FACA
:10E6E00000F023EA000314F008020B600AD104F0E2
:10E6F0000F04084B04F5947443F82420BFF36F8F84
:10E70000BFF34F8F9DF80700FCF786FE02B010BDE7
:10E7100028E5002000700240F7B5002304460DF103
:10E7200003008DF80330FCF753FE2046FFF77CF919
:10E7300005462046FFF786F9012214F0800F02FA01
:10E7400000F22E4819D1036832EA03030AD02046AA
:10E75000FFF7B6FF0323AB739DF80300FCF75CFEE5
:10E7600003B0F0BD2B60036823EA02030360244B6F
:10E77000186820EA02001860ECE7230715D4802C03
:10E78000204B2ED004F00F0101F2DA314900C3F81A
:10E790000018D3F80418D3F80468C9B241F0020194
:10E7A0003143C3F80418D3F80438154E01683368B0
:10E7B00061EA03071742CFD0134321EA0201336015
:10E7C000002301602B600323AB738DF807300E4BE1
:10E7D0008DF8064006221B688DF8042001A8984792
:10E7E000BAE740F2B471C3F80018D3F80418D3F8AC
:10E7F0000468C9B241F00401D2E700BFB8E40020C8
:10E8000028E50020007002404CE60020FFF784BF9E
:10E8100073B5184B184CD3F880542368174EDA435D
:10E82000174B31781B6892B208461A43FFF70AF972
:10E83000012303FA00F0104202D00846FFF76CFFF4
:10E840006FF0011105F080050D483570FEF7D4F822
:10E85000236843F0010323600023ADF805308DF8F1
:10E86000073005238DF80430064B01A81B68984734
:10E8700002B070BD0070024028E5002050E6002084
:10E88000B8E400204CE600202DE9F0411B4BD3F802
:10E890000413002301241D4671B9194F03F4000627
:10E8A00023F400044FF00108D4B9FFF795FA1EB322
:10E8B000BDE8F041FFF7ACBF91FAA1F21148B2FAFE
:10E8C00082F29600304404FA02F206682EB1056026
:10E8D000BFF36F8FBFF34F8F134321EA0201DBE7D2
:10E8E00094FAA4F5B5FA85F557F8253008FA05F538
:10E8F000984724EA0504D7E7BDE8F081007002409C
:10E90000B0450F0000710240F8B5134E134B346848
:10E910001B68240C24041C4301271CB940F2FF137C
:10E920003360F8BD94FAA4F585B1B5FA85F30F2BE1
:10E930001D460DDDA5F11000C0B2030701D4FFF79D
:10E94000EBFE07FA05F524EA0504E6E72025F1E7E2
:10E9500043F08000F1E700BF28E50020B8E4002084
:10E9600038B50E4C8025C4F8845163681B0613D556
:10E97000FFF7CAFF0A4B0022C3F80425BFF36F8FCD
:10E98000BFF34F8FC4F88450BFF34F8FBFF36F8F27
:10E990004FF0FF32C3F8082338BD00BF00E100E0AC
:10E9A0000070024008B5FFF7DBFF094BD3F80423E2
:10E9B000C3F808230022C3F80025BFF36F8FBFF30D
:10E9C0004F8FFFF749F8034B01221A7008BD00BFB3
:10E9D000007002404AE4002013B500230DF1070047
:10E9E0008DF80730FCF7F4FC0F4B1B7803F0FF04A5
:10E9F0003BB900249DF80700FCF70EFD204602B04D
:10EA000010BDFFF781FF094AD2F8003413F40073F8
:10EA1000EFD10121C2F82C15D2F80014890544BFAA
:10EA2000C2F82C351C46E5E748E40020007002409F
:10EA300010B50446FFF770FE134A04F00F0064B2ED
:10EA4000002C4FF00103B4BFD2F81015D2F8141502
:10EA500003FA00F36FEA0303B5BF0B400B40C2F8A3
:10EA60001035C2F81435BFF36F8FBFF34F8F074ACD
:10EA7000074B13EA240338BF13461A5C0123934063
:10EA8000014AC2F8083310BD0070024094450F00DF
:10EA900079450F0037B5264A264B45B2002DA8BF51
:10EAA000134600F00F010446585C234A4FF001035F
:10EAB00003FA00F0C2F804032EDAD2F81005C840B9
:10EAC000C00727D4D2F810058B400343C2F8103595
:10EAD000BFF36F8FBFF34F8FE1B1002D1ADB14F03E
:10EAE000080317D10DF107008DF80730FCF770FC13
:10EAF0002046FFF7E5FD2046FEF7A4FF0F4901225F
:10EB00000B6802FA00F023EA00039DF807000B608F
:10EB1000FCF782FC03B030BDD2F81405C840C00732
:10EB2000F8D4D2F814058B400343C2F81435CFE76C
:10EB300094450F0079450F0000700240B8E40020B2
:10EB4000030610B5044605D4FEF7E4FE10B12046D6
:10EB5000FFF7B6FD034BC3F81845BFF36F8FBFF344
:10EB60004F8F10BD0070024010B5044638B149B156
:10EB700041600B68984708B9044B236010BD48F208
:10EB80000150FBE748F21050F8E700BF6E524648CC
:10EB9000F0B4134648B10768094EB7420AD161B1D3
:10EBA0002AB14368F0BC5B68184748F20153184625
:10EBB000F0BC704748F20253F9E748F21053F6E709
:10EBC0006E524648F0B460B107680C4EB7420CD1A3
:10EBD00071B143681568DC68A5420CD3F0BC9B6832
:10EBE000184748F20150F0BC704748F20250FAE76B
:10EBF00048F21350F7E748F21450F4E76E524648D3
:10EC0000F7B50446DDE9086715460193FFF7ACFF49
:10EC100068B9019A29462046FFF7BAFF38B93A4643
:10EC20003146204603B0BDE8F040FFF7CBBF03B04C
:10EC3000F0BD0000F8B50A4F0A4C0B4EE41B01234F
:10EC4000E40833700025A54203D10223337000206D
:10EC5000F8BD57F8353098470028F9D10135F2E76B
:10EC6000F4580F00FC580F0094E60020013A0244CB
:10EC70000139824200D2704711F8013F02F8013990
:10EC8000F7E7000038B1054B0360054B43600123F3
:10EC90000372002070470E20704700BFCBEC0E00BF
:10ECA000A5EC0E0069B10B78022B0CD1022804D020
:10ECB000032814BF08201120704703230B70002085
:10ECC00070470E2070470820704710B50C4681B180
:10ECD0000B78012B06D00ED9033B012B94BF0820E3
:10ECE000112010BD01F0CCFE0028FAD102232370C0
:10ECF000F7E70E20F5E70820F3E7000070B5144BA6
:10ED0000144A0C21D21AB2FBF1F2816911F8025CAB
:10ED1000044635B900690021914205D101232360E1
:10ED20000EE04FF0FF30F6E71E68AE420CD1461CF5
:10ED300007D19D68D4E90001D4E90223A8472060E7
:10ED400070BD5E688642F4D001310C33E4E700BF49
:10ED500014590F0020590F001EF0040F0CBFEFF3E1
:10ED60000880EFF30980FFF7C9BF00BF41DF70479C
:10ED7000014B01221A707047B8EA002008B503F071
:10ED80004DFA03F0B3F80028FBD1BFF34F8F0549CC
:10ED9000054BCA6802F4E0621343CB60BFF34F8FA8
:10EDA00000BFFDE700ED00E00400FA05042810B5FF
:10EDB000044609D8022811D816D00D4B1B68B3B1F0
:10EDC0002046BDE810401847831F012BF5D8094B9A
:10EDD000094800221A7001F0FBFDEEE707494FF4E5
:10EDE000701000F075FAE8E701F0F0FCE5E710BDFF
:10EDF000BCEA0020B8EA00207DED0E0001EE0E0016
:10EE000008B50948094B0A49C01AC008000440F077
:10EE1000030003F0B5F9074B074800221A70BDE85C
:10EE2000084001F0D5BD00BF48590F0020590F0020
:10EE300014460F00B8EA00207DED0E000020704758
:10EE400038B5644B1860002001F0D8FD0446002856
:10EE500040F0898000F044FB012875D0022800F0C2
:10EE6000848000287FD14FF08043D3F8004414F40D
:10EE7000803415D04FF48032C3F800240446564D38
:10EE80002B6A012B1FD05548554B5649C01AC00854
:10EE9000000440F0030003F073F94FF4701466E0CF
:10EEA000D3F8202502F0F802A82A0AD1D3F82025A9
:10EEB000D10706D5D3F8202502F05602C3F8202545
:10EEC000DDE70124DBE74FF440535A68464B9A4292
:10EED00014D16A6B1CB995F86032012B0ED04348EF
:10EEE0004FF4805102F09EF940B93C483C4B4049F8
:10EEF000C01AC008000440F00200CCE701F04CFE4C
:10EF0000AA6901461CB995F8A132012B0AD03948EB
:10EF100002F088F930B93148314B3749C01AC0087E
:10EF20000004E8E74FF08043D3F81C3513F0B10F2D
:10EF3000B3D101F0DDFDB0B9304B1870304801F0AD
:10EF400047FD00F06BF804E02C4B2E481C7001F0DC
:10EF50003FFD2248224B2C49C01AC008000440F053
:10EF6000010003F00DF9032038BD4FF4A024274A17
:10EF700020211820FAF766FC18B1254ABC21F9F7C0
:10EF8000D1F94FF08043D3F81C2502F0F802B02AE3
:10EF900009D1D3F81C25D20742BFD3F81C2502F0B3
:10EFA0004E02C3F81C25FFF749FF0028DBD120469D
:10EFB000184900F08DF9184801F038F80028D2D12E
:10EFC000FAF7CCFC02F092FF0028F9D1FFF7CEFE51
:10EFD000F6E700BFBCEA0020E4F1002048590F002A
:10EFE00020590F0028460F00DBE5B15144F4002002
:10EFF00056460F0085F4002091460F00B8EA002025
:10F0000071ED0E007DED0E00B9460F0098E6002070
:10F01000C5460F0001EE0E00ADED0E0008B5114B18
:10F020004FF0FF32C3F88020C3F88021C3F884205A
:10F03000C3F8842101F0C2F848B10B480B4B0C49CE
:10F04000C01AC008000440F0010003F099F802F073
:10F050004DFF0028FBD1BDE808404FF4805000F080
:10F060002FB800BF00E100E048590F0020590F0001
:10F0700057470F0080F308880847000070B5054621
:10F08000C1F30B00A8B9B5F57F2F12D80B4E32682B
:10F09000072A10D8130103F1804404F5F03401323B
:10F0A000C4F80058C4F804180221C4F808183260E3
:10F0B00070BD0720FCE70420FAE700BFC0EA00208B
:10F0C00038B504462348C0F57F21FFF7D7FF054632
:10F0D00078B12148214B22491B1ADB081B042A4620
:10F0E00043F0010003F050F81E4AAF212846F9F71B
:10F0F00019F901F051FD1C4B9B6903F6FF7323F4D2
:10F100007F6323F00F0319180020FFF7B7FF0546B0
:10F1100078B11148114B15491B1ADB081B042A460C
:10F1200043F0010003F030F80E4AB8212846F9F701
:10F13000F9F8EFF305830023D4E9000183F3148881
:10F1400083F3108883F3118883F31388BDE8384074
:10F15000FFF790BF00800E0020590F0048590F00A4
:10F160008C470F00C3470F00E4F1002065480F00F3
:10F170001FB518490B7853BB4FF08043A024D3F838
:10F180001824D2035CBF01229A60134B0022C3F8FB
:10F190000021D3F8000103900398C3F84021D3F86D
:10F1A000400102900298C3F84421D3F84401019031
:10F1B00001980A4880F82443102444600220C3F8D0
:10F1C000082501229A601A60C3F804030A7004B08B
:10F1D00010BD00BFC8EA00200040024000E100E08E
:10F1E00037B56FF07F42154C057BD4F804358A4261
:10F1F00028BF0A46891A13444A1E942A23F07F43E3
:10F2000005F5A8729BBF963B96314160416044F87A
:10F2100022300B4B4FF4F86043F001039847094B41
:10F22000AA00134400221A601B680193019B4FF44B
:10F230008033AB40C4F8043303B030BD004002401B
:10F24000A0480F00404102402DE9F3411B4BD3F889
:10F25000042152B11A490A6801320A600022C3F837
:10F260000421D3F804310093009B164C164DDFF8AF
:10F270004C80164E00272B6873B12F602B68227BC1
:10F280000193019B4FF480339340C8F808336168C1
:10F2900051B12046FFF7A4FF0435B54204F1100434
:10F2A000E9D102B0BDE8F081A16811B12046FFF7B5
:10F2B00097FF2368002BEFD09847EDE7004002400E
:10F2C000C4EA0020B8A10020404102404841024069
:10F2D00070B50B4B1D682A7B4FF480339340094A6D
:10F2E0000E46C2F80833044640B1FFF741FF2E60D6
:10F2F00021462846BDE87040FFF772BF70BD00BFD1
:10F30000D8A1002000400240034A044B1068D3F803
:10F31000043503EB00607047C4EA0020004002405F
:10F32000014B01221A707047C9EA002070B5164BD4
:10F33000DA6A5E6A9D6CAC2A1FD15B6B1D44F61ABB
:10F3400012483246294603F013FC044698B102F0F5
:10F35000CDFD0028FBD13146284600F011FF0446C0
:10F3600048B10B480B4B0C49C01AC008000440F0D0
:10F37000010002F005FF204670BD002DE0D101F034
:10F380001FFC0546DCE700BFE4F1002000800E0012
:10F3900048590F0020590F00A6480F0081422DE95F
:10F3A000F74F04460F46154604D10023184603B014
:10F3B000BDE8F08F0E1A360B082E28BF082602F67D
:10F3C000FF783303DFF888B001934FEA1838002D37
:10F3D000EBD046452CBFC246B2464FF00002514624
:10F3E000204634BFDDF80490A94600F093FE0346A2
:10F3F0000028DBD109F1030222F00302394620463E
:10F4000000F060FE03460028D0D1DBF830304B44DA
:10F41000A8EB0A08A5EB09054C444F44CBF8303063
:10F4200001F0DCFA0028D2D0064A019006480749CC
:10F43000801AC008000440F0010002F0A1FE019B08
:10F44000B4E700BF20590F0048590F00C0480F0013
:10F45000E4F1002010B501F0C5FB1B4A916C01F5E9
:10F4600000535C68194B9C420CD0194B19481A493F
:10F47000C01AC008000440F0010002F081FE03241D
:10F48000204610BDD2E90C3293421BD0D21A02F6AC
:10F49000FF7222F47F6222F00F0219441844FFF732
:10F4A0007DFF044650B10A480A4B0C491B1ADB0881
:10F4B0001B0443F0010002F063FEE1E7BDE81040E9
:10F4C00001F08CBA0024DBE7E4F10020DBE5B15168
:10F4D00020590F0048590F00F9480F002D490F001F
:10F4E00070B5524DEB6AAA2B7FD00FD8012B20D0DC
:10F4F000A52B73D04E4B4F484F49C01AC00800048B
:10F5000040F0030002F03CFE002070BDAC2BF1D1B6
:10F51000FFF7A0FF044600286CD04648444B4749FB
:10F52000C01AC008000440F0010002F029FE0126C4
:10F530001BE0AC6C6E6A01F02FFB2A6B03469C4209
:10F5400004EB0201104414BFB21A0022FFF726FF99
:10F550000446B8B1364B37483949C01AC0080004D0
:10F5600040F0010002F00CFE0026314B31483549D5
:10F57000C01AC0080004EB6A224640F0010002F005
:10F580000CFE0DE001F008FB22463146FBF75AFF66
:10F59000AA6A904216D10123C5E90703AE61264647
:10F5A000294801F0EDFA294B294800221A7001F090
:10F5B00015FA60BB002E36D02B6A012B14BF012038
:10F5C0000220A2E71A4B1B4E2249F61AF60836040F
:10F5D000034646F0010002F0E0FDE0E7FFF73AFFE6
:10F5E00001260446002CDBD0BFE7FFF79FFE002674
:10F5F0000446F7E7FFF79AFE044630B10D480C4B7E
:10F600001549C01AC00800048DE70126C8E7084B59
:10F6100008481249C01AC008000440F0010002F076
:10F62000AFFD032071E701206FE700BFE4F1002088
:10F6300020590F0048590F00BA490F008E490F009A
:10F640002D490F00D3490F0008F20020C9EA00201D
:10F6500021F30E0046490F00A4490F00054A0F0090
:10F6600010B50024D4F8F83F013304D1084940F61E
:10F67000F870FDF77DF9D4F8FC3F013307D1BDE800
:10F6800010404FF47E2140F6FC70FDF771B910BDBB
:10F6900000800E000023C0E90232C0E900118B880F
:10F6A0001A440261B1F906301A44426108880038F0
:10F6B00018BF0120704710B5426811880346002921
:10F6C00039D002F110014160148A2CB9C268016876
:10F6D000FFF7E0FF204610BD9078118900F030045C
:10F6E000302C1BD1947C04F03004302C1DD1908838
:10F6F0001969091A19610021907810F0300F02BFC2
:10F70000986801309860908A084419690144196129
:10F71000B2F91620114459610120DCE700F0F00431
:10F72000202C02D150894143E6E700F0C000802838
:10F7300008BF0421E0E70846CDE770B546680446F7
:10F740000D4663681A88AA4204D19B7803F00F0320
:10F75000082B07D12046FFF7AEFF6368B342F0D114
:10F76000002070BD0120FCE743681A44426011B1DB
:10F7700001399A4201D10120704713F8010B01F8B9
:10F78000010FF6E770B54268927802F00F01082980
:10F7900086B003461FD103691C6800260CB906B069
:10F7A00070BD236826739D68626829466846FFF726
:10F7B00071FF6368049304F10C030593AB7803F0C5
:10F7C000C003802B08BF231D684608BF0493FFF7C2
:10F7D000D9FFA468E2E712F0C00126D102F03000A0
:10F7E000102810D15A6911705A6818699378D46832
:10F7F00003F00F03072B0BD10146204606B0BDE8EE
:10F80000704000F01AB89006EED55B691980C6E723
:10F810001289214624B106B0BDE8704003F0B8B9A2
:10F8200006B0BDE8704003F0DBB98029B7D10069AC
:10F83000002192060160B2D5E7E77FB50A4601468E
:10F840006846FFF727FF30B16846FFF79BFF684621
:10F85000FFF731FFF7E707B05DF804FB10B58368E9
:10F8600004460BB9002010BD036801229847002808
:10F87000F8D0A368013BA360F5E72DE9F3410F46FB
:10F880000DF107018046FFF7E9FF054620B9002585
:10F89000284602B0BDE8F0819DF907309DF8074089
:10F8A000002B13DA04F07F0407260DF10701404610
:10F8B000FFF7D4FF0028EAD09DF8072002F07F036D
:10F8C000B3401C43130606F1070601D43C60DFE792
:10F8D000232EEAD1DBE7000030B5044685B015469B
:10F8E000A9B90268114B9A4211D0102D06D82A46A8
:10F8F00069462046FFF7F0FF05B030BD102269468B
:10F900002046FFF7E9FF0028F6D0103DEDE7A36899
:10F91000AB4201D20020EFE723682A4620469847F1
:10F920000028F7D0A268521BA260E5E769F70E0035
:10F93000F7B50E4601A907461546FFF79EFFA0B191
:10F94000019A511C4FF0000404D2B37803F0C003B5
:10F95000802B01D1204608E033898B42FAD3294617
:10F960003846FFF7B9FF019BEC5403B0F0BD73B507
:10F970000D4601A906461446FFF77FFF98B1019A8C
:10F98000B2F5803F11D2AB7803F0C003802B02F1B7
:10F9900002010AD02B898B4207D32146304621F839
:10F9A000022BFFF799FF02B070BD0020FBE70000BB
:10F9B00010B5034C82600022C0E90041C26010BD56
:10F9C00069F70E002DE9F341002580460E462F46CB
:10F9D0002C460DF107014046FFF740FFC0B19DF8EE
:10F9E00007C0A4F120030CF07F02C4F1200102FA49
:10F9F00003F322FA01F10B43A2401CF0800F45EA09
:10FA0000020547EA030704F1070404D1C6E90057D9
:10FA100002B0BDE8F081462CDBD10020F8E737B515
:10FA20000D4669461446FFF7CDFF70B12B89082BB0
:10FA30000DD1DDE90032C4E90032DDE90001914277
:10FA400008BF98420CBF0120002003B030BD042B3A
:10FA500003D1009B23600022EFE7022B03D1009B20
:10FA600023809BB2F7E7012B04D1009B237003F0A6
:10FA7000FF03F0E70020E8E737B50D466946144676
:10FA8000FFF7A0FF30B12B89082BDDE9001203D16D
:10FA9000C4E9001203B030BD042B4FEAE17009D174
:10FAA00021600B460246824208BF8B420CBF0120F8
:10FAB0000020EFE7022B03D10BB22380DA17F2E725
:10FAC000012B02D14BB22370F8E70020E2E7F7B533
:10FAD0001F4600233B700D460B70136001A90446BE
:10FAE0001646FFF7CAFE30B9A36813B901233B706D
:10FAF000002003B0F0BD019C002CF7D0E30804F017
:10FB0000070433602C70F4E713B50446052925D8A3
:10FB1000DFE801F0030F17242422012201A9204667
:10FB2000FFF7DAFE18B19DF90430002BF5DB02B0C7
:10FB300010BD08220021204602B0BDE81040FFF7AA
:10FB4000CBBE01A9FFF799FE0028F0D0019A002151
:10FB50002046FFF7C1FEEAE70422EBE70020E6E7D4
:10FB600073B50D4601A90446FFF787FE064618B98E
:10FB70000026304602B070BD94E80F0085E80F0003
:10FB800001998A42F4D3A960A3685B1AA360F0E7E5
:10FB90002DE9F0435768BB7813F0C00489B00646DE
:10FBA0008C46154603D0402C6CD000240CE003F0AA
:10FBB0000F02614903F03003202B51F8228028D036
:10FBC00006D8CBB1102B1ED0204609B0BDE8F0837B
:10FBD000302BF9D16B6939881980072A0AD16B68F3
:10FBE00028691A89214602F0FBFF6B682969D868E9
:10FBF000FFF723FE2A6942E02A693946434609B0E5
:10FC0000BDE8F04318476B6901221A702A696968D8
:10FC1000F4E7BCF1020FD5F8149024D1042A22D8BD
:10FC200004A9FFF79DFF04460028BED0069B2BB118
:10FC30006968B9F800304A899A4205D8059B736013
:10FC4000069B002BC0D0B0E708892A6903FB00227D
:10FC500004A8C04728B1B9F800300133A9F8003032
:10FC6000E4E70446EAE7B9F800307A899A429CD979
:10FC70002A693989581CA9F8000003FB0122696828
:10FC80003046BBE7D2F81080474657F8043B23B90B
:10FC900009B0BDE8F043FFF737BF022914D104A92A
:10FCA000FFF75EFF002880D0D8F8003069683A4638
:10FCB00004A89847044600283FF477AF069B002B22
:10FCC000F2D1059B73607FE7012926D005292CD04E
:10FCD00000297FF46AAF0C460DF1040901340B2CA6
:10FCE0003FF463AF012249463046FFF7F5FD002897
:10FCF0003FF45BAF19F9013B002BEFDB0F4B049393
:10FD000001ABCDE9053400230793D8F800306968CA
:10FD10003A4604A89847044656E7082201A9FFF787
:10FD2000DBFD08240028E9D13FE704220DEB0201A6
:10FD3000FFF7D2FD0424F5E7204A0F0069F70E0013
:10FD40002DE9F04F91B00446002604A8CDE90266E3
:10FD5000FFF7A0FCA3683BBBDDE9053404A89D7850
:10FD6000FFF7A9FC0028F7D115F0300F03D1059B50
:10FD70001B8803B10134002C00F0A980630902A99B
:10FD80000022934240F09C8010AA02EB830304F00F
:10FD90001F0453F8383CC4F120044FF0FF30E0401A
:10FDA000C31A584258410DE00DF1030301AA0DF1A9
:10FDB00002012046FFF78BFE38B99DF80330002B77
:10FDC000CAD1002011B0BDE8F08F019904A8FFF757
:10FDD000B4FC002850D1019BB3427DD3059D059A08
:10FDE000937803F00F03082B7FD004A8FFF763FC80
:10FDF000059B9D42F3D14FF0FF36019FB7426BD375
:10FE0000089B9DF802A0D4F808801D684FF00109F6
:10FE1000A368002D5DD098459CD12B68D3F800B025
:10FE2000BBF1000F08D053463A4629462046D84732
:10FE30000028C6D0AD68EBE7D3F808B0BBF80030B7
:10FE40009F42F7D16A6859460AA8FFF723FC6B68FE
:10FE50000E9305F10C030F939BF8023003F0C003DF
:10FE6000802B04BF2B1D0E930AAA85F80C905146D7
:10FE70002046FFF78DFEDBE7059B9B7813F0300FE4
:10FE80000FD1069A3F2A0CD8510910AB03EB810120
:10FE900002F01F020123934051F8382C134341F81C
:10FEA000383CE5682DB19DF80220019904AB20464D
:10FEB000A8479DF8021004AA2046FFF769FE10E04B
:10FEC00051F8045B01357FF47DAF013259E7012021
:10FED00078E798457FF43EAF9DF802102046FFF783
:10FEE00013FE00287FF436AF6BE7168885E737B539
:10FEF0000C460546114620460192FFF79EFC019AEA
:10FF00002146284603B0BDE83040FFF719BF70B561
:10FF100086B0CE6801920C4602A90546FFF720FE86
:10FF200068B1E06858B1A378019A03F03003202B40
:10FF3000314602A805D1FFF7DAFF039B6B6006B0DC
:10FF400070BDFFF7FDFEF8E713B50C466946FFF7F5
:10FF500039FD60B1DDE900134A0842EAC372C907FE
:10FF60004FEA530344BFD243DB43C4E9002302B04A
:10FF700010BD37B50D4669461446FFF7E5FF70B171
:10FF80002B89082B0DD1DDE90032C4E90032DDE90F
:10FF90000001914208BF98420CBF0120002003B02D
:10FFA00030BD042B03D1009B2360DA17EFE7022B4F
:10FFB00003D1BDF900302380F7E7012B03D19DF970
:10FFC00000302370F1E70020E9E713B504220C4666
:10FFD0000DEB0201FFF780FC08B1019B236002B02A
:10FFE00010BD1146FFF7F1BF13B508220C46694654
:10FFF000FFF772FC18B1DDE90023C4E9002302B069
:02000002F0000C
:1000000010BD1146FFF7F0BF831F012B10B504464A
:1000100002D8002000F09CFD034B1B681BB120465A
:10002000BDE81040184710BDCCEA002038B5104B91
:10003000104C1860104B1149E41AE408240444F0F1
:10004000030002F09DF80020FFF7DEFF0C4800F0EF
:1000500067FD054620B9BDE83840094800F050BBAF
:100060000246084944F0010002F08EF8284638BDE7
:10007000CCEA002048590F0020590F00F84B0F0020
:1000800009000F000B4C0F00044A13680BB1013B31
:10009000136043690BB1C06818477047D0EA00206D
:1000A00010B40549054C0022904218BF214604486F
:1000B0005DF8044BFBF742BB103E0F003C3E0F00C7
:1000C00058A2002013B5009313460A4601460C4877
:1000D000FBF766FB044630B90A4A13680133136024
:1000E000204602B010BD0848084B09491B1ADB081E
:1000F0001B04224643F0020002F046F8F0E700BF7E
:1001000058A20020D0EA002020590F0080590F008B
:10011000354C0F0010B513460A4601460B48FBF755
:10012000D5FB044628B90A4A1368013313602046F8
:1001300010BD0848084B09491B1ADB081B0422465E
:1001400043F0020002F020F8F1E700BF58A20020BF
:10015000D0EA002020590F0080590F00624C0F0098
:10016000014B18700B207047D4EA0020024B00228C
:1001700018781A70704700BFD4EA002018DF704763
:1001800030B585B0054610220C466846002102F0C5
:1001900027FDA408684601950294FFF7EFFF05B01C
:1001A00030BD1FB50023CDE9013303936846022318
:1001B0000093FFF7E3FF05B05DF804FB4FF0005339
:1001C0004FF480521A60002070470000014B062057
:1001D0001B681847E0EA00200A2803D90B38C0B290
:1001E000FFF7BEBF7047000010B5044686B0002080
:1001F000FBF7D6FB014698B11D4A18212046F9F7B6
:1002000045FB58B31B4A1C4B1C499B1ADB081B04BB
:10021000024643F0010006B0BDE8104001F0B4BF53
:100220001822684602F0DCFC0423154A8DF80030E1
:10023000144B116D1B68994212D1134B186801F0D1
:10024000AFF98DF80100FFF7C7FFD4E901138DF86E
:100250000100684698470D4800F0C0FB06B010BD8D
:1002600001238DF801306846D4E901139847F5E77A
:10027000E9010F0020590F0088590F009D4C0F0015
:10028000E4F10020D8EA0020DCEA0020CD010F00D4
:10029000F0B5044689B01822002102A802F0A0FCA3
:1002A00022788DF8082001238DF809300C2A00F2FD
:1002B000EC81DFE812F0660074001F007400740027
:1002C000EA0174006B00740069000D002C006F00DF
:1002D0004FF08053D3F800210392D3F80421049205
:1002E000D3F80C2192020692D3F8102192020592C3
:1002F0001B690793D4E9011302A898479DF80930B8
:10030000012B00F0B781A94B05201B68B1E14FF428
:100310004053A74D58682A6AA649884214BF012352
:100320000223012A227C08BF013352B902238DF82F
:100330000C30EB680493A04B0593C3F57E23069322
:10034000D8E7012A10D188420ED14FF440531A78D1
:10035000142A8CBF5B69002304934FF480530593E8
:100360004FF440539B68EAE79A4209D201238DF883
:100370000C30AB68049300F033FCAB690590DEE70A
:10038000FF238DF80C30B5E7237CFAE7238AADF81C
:100390000C30AFE7854B07201B689847AAE7062A71
:1003A000864D01D0012A01D123692B702B78012BB6
:1003B0000ED0022B60D0824B82488349C01AC008FD
:1003C000000440F0010001F0DBFE00232B70D7E0B9
:1003D000013A072A8ED801A353F822F0FD030F003B
:1003E000F5020F006D040F003D040F00F5020F0031
:1003F00067040F00F5020F0015040F006B4B03207C
:100400001B689847606900F01FFEFFF7E5FE8DF856
:1004100009006FE7A18A206900F02EFEFFF7DCFEDD
:10042000634B8DF80900DA6B1B6C0493E36803924D
:10043000002B3FF45FAF206998475BE7634964484E
:1004400000F074FEFFF7C8FE01288DF809007FF464
:1004500051AF002000F0C2FA00283FF44BAF0A234E
:100460008DF8093046E74FF400730593504BDA6B73
:100470001B6C039204933DE7013A072A3FF63AAF1B
:1004800001A353F822F000BFA9040F00F5020F00EA
:100490002F060F0039060F00F5020F0079060F0036
:1004A000F5020F0085050F0000F016FE58B945480B
:1004B000434B4849C01AC008000440F0010001F055
:1004C0005FFE0823CCE762695AB93E483C4B42497B
:1004D000C01AC008000440F0010001F051FE0323DF
:1004E000BEE7C2F30B036BB1314B38495B6D096852
:1004F00013448B4206D03348314B3849C01AC008E8
:100500000004E8E7B2F5805F0BD92D4B2D48344944
:10051000C01AC008000440F0010001F031FE0423BD
:100520009EE7234929484B6D0568D018A8420BD98E
:10053000234924480095401AC0080004294940F086
:10054000010001F034FEBCE74A64CA6C8A640B65A2
:100550001F4A0B636169106801F6FF710022090BE5
:100560001844FFF7D7FD00283FF4C4AE1548144BDC
:100570001D49C01AC008000440F0010001F000FE4F
:1005800005236DE700F0A8FD00289AD0084DA18A48
:10059000D5E914329B1A6A6C0B44934228D9094856
:1005A000074B1249C01AC008000494E7E0EA002093
:1005B000E4F10020DBE5B15100800E00DCA1002059
:1005C00020590F0088590F001C4E0F00D8EA002058
:1005D000DCEA0020C64C0F00FB4C0F00144D0F004E
:1005E000354D0F00594D0F00CA4D0F00E14D0F0062
:1005F0002C4B2F6B1B68206905F148021F44FAF74A
:1006000021FFE368A28A216906463846FFF75AFDB2
:1006100008B1E3680FE7A28A2B6B049613442B639F
:10062000A38A2A6DAE6413442B65039362E61E4BC6
:100630009A6C04921B6DF8E71B48D0E91453426C86
:10064000EB1A93420AD019491948401AC00800040D
:10065000184940F0010001F0A0FD32E7836CC3644B
:100660000021416445652046FFF7BEFD124B1B6823
:100670000420984709B0F0BD0B4B9A6C1B6D039397
:100680004FF480530492059334E6084B08480B4915
:10069000C01AC008000440F0030001F075FD0223F9
:1006A000DEE600BFDCEA0020E4F1002020590F0064
:1006B00088590F00F84D0F00E0EA00203C4E0F0073
:1006C00010B583688BB10A4A1821F9F7DFF80446A0
:1006D00048B10848084B09491B1ADB081B0443F0C2
:1006E000020001F04DFD204610BD0724FBE700BFCE
:1006F00091020F0020590F0088590F005B4E0F0028
:1007000038B50546C0B10120FFF7CAFC044648B918
:1007100000F08CFC00F0E0FC30B9084B00201D60BC
:10072000FFF71EFD204638BD0549064800F0FEFCD7
:100730000128F2D00324F5E70724F3E7E0EA0020DC
:10074000D8EA0020DCEA00202DE9F04115464FF4FC
:100750006072064688461F4602F00AFA28B915B9A3
:100760000020BDE8F081A847FAE7002201213046C9
:10077000FFF7D0FC58B11148114B1249C01AC008FC
:10078000000440F0010001F0FBFC0320E9E74FF416
:1007900060724146384602F0FBF92B464FF4607216
:1007A00039463046FFF78EFC0028D9D00348044B69
:1007B0000549C01AC0080004E3E700BFA8590F00AC
:1007C00020590F008B4E0F00AE4E0F002DE9F04167
:1007D0004C4C2368013366D000225821201DFAF7C3
:1007E00031FED4F80080A8EB0002D2F1000848EBFB
:1007F0000208454E454D37683B6801337CD00022E6
:100800005821381DFAF71EFE3B6883424ED17C68A2
:10081000012C0AD00022C32107F51870FAF712FE46
:10082000D7F85C42231A5C425C41B8F1000F3FD01C
:10083000344936484FF4607202F0AAF964B1316865
:1008400033485422043102F0A3F9316831484FF49F
:1008500032725C3102F09CF96C68012C4AD12E4B4B
:100860002E482F49C01AC008000440F0030001F0D0
:1008700087FC2C49402201F5E47002F089F92A49ED
:100880001C2201F5E47002F083F9284985F8A142A1
:100890000023042201F2862085F8603285F8E232D6
:1008A00002F076F924E04FF00008A2E70024BCE74C
:1008B0001A48194BC01AC00800044CB11C4940F03A
:1008C000030001F05DFC316810484FF46072C1E72D
:1008D000114B12481749C01AC008000440F002002A
:1008E00001F04EFC09484FF46072002102F078F9E3
:1008F00002236B60BDE8F081B8F1000FE8D000245E
:1009000096E700BF00F00F00E0A10020E4F1002016
:10091000E8F1002040F2002020590F00A8590F00F4
:10092000924F0F0040F3002080F3002000F20020DF
:10093000D54E0F002E4F0F0070B50C4C054600220F
:100940005821201DFAF77EFD00222060C32104F506
:100950001870FAF777FD2A46C4F85C022146044B6A
:100960000448BDE87040FFF7EFBE00BFE4F100208F
:1009700064EE002000F00F00F8B50F4B0F4C104F45
:10098000E41AE40824043A6806460D4644F00300DD
:100990000C4901F0F9FB32460B4B38682946FFF74A
:1009A000D3FE024630B144F001000849BDE8F840EA
:1009B00001F0EABBF8BD00BF20590F00A8590F0095
:1009C000E0A10020BE4F0F00E4EA0020E84F0F0036
:1009D0000149FFF7D1BF00BF00F00F0038B5054651
:1009E0000020FFF7A9FF044618B903492846FFF77E
:1009F000C3FF204638BD00BFE4F1002007B5FFF774
:100A00004FFB70B10F4A104B10499B1ADB081B04B7
:100A1000024643F0010001F0B7FB032003B05DF88C
:100A200004FB0190FFF7D2FE0198FFF7D7FF0028E3
:100A3000F4D0044A044B06499B1ADB081B04024607
:100A4000E7E700BF20590F00A8590F0025500F00FD
:100A500050500F0010B5084C4FF40072FF2104F104
:100A60005C0002F0BDF82022002104F1380002F001
:100A7000B7F80023236310BDE4F1002029DF70479D
:100A800038B50C4D0446D5F8643378B101330FD135
:100A9000002218210430FAF7D5FC2060214605F524
:100AA00059700722BDE83840FFF7E8BF0E2038BD77
:100AB0000820FCE700F00F0008B528B103491C220C
:100AC00002F066F8002008BD0E20FCE764F30F007A
:100AD00010B5064C002218212046FAF7B3FC54F852
:100AE000043C1B1A5842584110BD00BF68F30F0068
:100AF00010B50A4CD4F82433D4F8642313400133DE
:100B000009D04FF47F20FBF7F7FEC92221464FF4AE
:100B10007F20FBF751FF002010BD00BFE4F1002053
:100B2000F8B5094F094CE41B0646E4080025A54228
:100B300001D10020F8BD57F83530304698470028DD
:100B4000F8D10135F3E700BFFC580F0014590F002E
:100B5000F8B5094E094CA41B0746E40800250436E5
:100B6000A54201D10020F8BD56F8353038469847E7
:100B70000028F8D10135F3E7FC580F0014590F0095
:100B800008B50C22002102F02BF8024B00221A6358
:100B900008BD00BFE4F100204FF44053074A5968F4
:100BA000914201BF986800F6FF7020F47F6020F04A
:100BB0000F0018BF4FF48050704700BFDBE5B15104
:100BC00008B5FFF7E9FF054B9B69184400F6FF7075
:100BD00020F47F6020F00F0008BD00BFE4F100208A
:100BE000FFF7DABF4FF48050704700002DE9F74F50
:100BF0001F46294BDFF8B4B01B6ADFF8B4900191AF
:100C00000446154600934FF000084FF4405AB8F1DF
:100C1000010F5FFA88F619D0022E23D0FFF7D0FF1C
:100C200095B1009B013B59425941A9EB0000A042FC
:100C300001D3019B53B3C9B908F10108B8F1030FFF
:100C4000E5D1A04223D213E02946EEE7FFF7A4FF47
:100C500037B9DAF80410B1EB0B0118BF0121E4E752
:100C60004146E2E701214FF48050DEE7A0420DD279
:100C70000A4B0B480B49C01AC008000440F00200A0
:100C800001F07EFA042003B0BDE8F08F16B10648EB
:100C9000FFF776FF0020F6E7E4F1002020590F006F
:100CA00048590F00B1500F00FCF10020DBE5B151B5
:100CB00000500E002DE9F04F4049414E8A6B414DE6
:100CC000DFF82891DFF828A1DFF828B185B06F465A
:100CD0005C313846FEF76CFE97E80F004FF00008D5
:100CE00086E80F00384BF3604FF4477241462846C0
:100CF00089F80080CAF80080CBF8008001F070FF0E
:100D000032492A463046FFF7F2F8044650B93048D7
:100D1000304B3149C01AC008000440F0010001F016
:100D20002FFA14E099F80090B9F1000F04D095F86B
:100D30006C312C78A3B374B1264B25482749C01ACF
:100D4000C008000440F0010001F01AFA0024204617
:100D500005B0BDE8F08F95F87241002CF7D0DBF8B4
:100D60000020DAF800103846FEF722FE97E80F0060
:100D700086E80F004FF4B272414605F5BA7001F0F3
:100D80002FFF174905F5BA723046FFF7B0F8044651
:100D900080B90F480F4B1349C01AC0080004BCE7C4
:100DA000002CD4D0AC79002CD1D008350E4B4C4659
:100DB0001D60CCE705F5BA75F8E700BFE4F1002047
:100DC000B0F8002094F50020410F0F00884B0F0071
:100DD000B8590F0020590F00DD500F000A510F00C5
:100DE000D44A0F0029510F00C4F8002090F50020CC
:100DF0008CF5002088F5002010B590F8553013F0E0
:100E0000FB0F08D190F864202AB1846E74B30C6093
:100E10000124204610BD13F0010403D090F8564081
:100E200004B1846D9B07F1D590F85C30002BEDD0B8
:100E30000F4B026EC3F57E239A4201D81444E5E7B6
:100E40000C490D48401AC00800040C4940F001004C
:100E500001F0A3F90424074B07480949C01AC00848
:100E6000000440F0010001F08BF9D2E70F24F2E713
:100E700000800E0020590F00B8590F0065510F0077
:100E800082510F002DE9F041DFF8B080AAB004468E
:100E90000D4616461F467C22202300210BA80293F4
:100EA00001F09EFE98F8003023B9FDF7C3FE012340
:100EB00088F800302FB12146202203A8FDF7D6FE86
:100EC00003AC02AB174F01931749009733462A46EC
:100ED0000BA8FDF795FE70B1144A154B15499B1AE6
:100EE000DB081B04024643F0010001F04DF900202D
:100EF0002AB0BDE8F08120222146384601F038FEB4
:100F000070B10B48094B0C49C01AC008000440F0EE
:100F1000020001F035F900F0E9FF0028FBD1E7E716
:100F20000120E5E765F50020643A0F0020590F0025
:100F3000B8590F00B3510F00E4510F0064F50020C1
:100F400030B55B68DA680D4B9A4208D10C4C2368C7
:100F500013B90C490B681BB10B4B00221A7030BD42
:100F6000D0E901321A4413F9015B002DA2EB030012
:100F7000F9DB23600860044B0122EFE7D44A0F003D
:100F80008CF5002088F5002090F5002013B54FF473
:100F900040531F4A5B68934238D000F500514C68BB
:100FA000A11A4C424C4193422DD100F50052516898
:100FB000994228D14FF4405316481978142982BF1A
:100FC0005B691549B3FBF1F3117898BF002314292D
:100FD00082BF52691049B2FBF1F21049A0EB010047
:100FE00098BF00220E490092C00893424FEA004089
:100FF0000C4A40F0030018BF0A460B4914BF0124F5
:10100000002401F0D4F8204602B010BD0024CAE745
:10101000DBE5B151B8590F0040420F0020590F00D5
:10102000FE510F0004520F000A520F0008B5044B86
:10103000986B08B1FFF73EFE024B187008BD00BF69
:10104000E4F10020C0F8002010B5044658B1B0F516
:10105000007F0AD8064B00221A70FFF7FBFC054BF5
:1010600001209C6310BD0320FCE70420FAE700BFC9
:10107000C0F80020E4F1002070B5134C0646E06B88
:10108000A36B42189A420D460BD9104B10481149D8
:10109000C01AC008000440F0010001F071F80320FC
:1010A00070BD5C300A462044314601F071FDE36BAF
:1010B00004F140022B4429463046E363FAF7C2F9B3
:1010C00020640120ECE700BFE4F1002020590F006C
:1010D000B8590F004A520F00014B1878704700BFF3
:1010E000C0F8002010B50D4890F86C21031D00F5E4
:1010F000B870002A08BF1846043000F055FA0128DD
:10110000044609D00648074B07491B1ADB081B0495
:1011100043F0020001F034F8204610BD94F50020A1
:1011200020590F00B8590F006D520F002DE9F843F8
:10113000324BD3E90E329A4206460D460DD0304B63
:1011400030483149C01AC008000440F0010001F0E5
:1011500017F808242046BDE8F883DFF8BC8098F82B
:1011600000704FB1FFF72CFD284B306029461868FE
:10117000BDE8F843FFF740BEFFF79CFD90B3FFF7D3
:10118000B1FF0128376004462F6022D1DFF87C9040
:101190002946D9F80000FFF72FFE0128044618D190
:1011A000D9F8003093F85510012903468CBF00216F
:1011B000012128683A46FFF719FD68B1104B114824
:1011C0001349C01AC008000440F0010000F0D8FF25
:1011D0000424FFF73FFCBDE7FFF7F2FC88F800406E
:1011E0003060B7E7064B07480A49C01AC008000438
:1011F00040F0010000F0C4FF0524ABE7E4F100205B
:1012000020590F00B8590F0083520F00C4F8002076
:101210009E520F00B9520F00C0F800200123723017
:10122000FFF730BE10B50446084623781146032B5D
:1012300003D8DFE803F015040D15002010BD0022CF
:10124000D4F80140FAF7FEF8231A58425841F5E75E
:101250000A4600230146601CBDE81040FFF712BE9D
:101260000120EBE72DE9F043A3B005460E461446F6
:1012700000217C221F4603A820239DF8AC80029306
:10128000DDF8A89001F0ACFC41220021284601F0D5
:10129000A7FCB6F89430A34282BF442303FB046347
:1012A00093F8968085F80080B8F1030F38D8DFE80E
:1012B00008F009020F2C002249463846FAF7C2F816
:1012C000C5F801004A4639462846FFF7ABFF19E04A
:1012D00002AB01936B1C009316494B463A4603A898
:1012E000FDF78EFC0028EDD0FAF76AFE124B134989
:1012F000024613481B1ADB081B0443F0010000F0F0
:1013000043FF002023B0BDE8F08344214C43331950
:101310009A34B3F898203119681C01F039FCD1E7F0
:101320000548074B0749C01AC0080004424640F070
:101330000100E4E7643A0F00B8590F00D6520F00DD
:1013400020590F0007530F002DE9F047854B1D680A
:10135000A4B004460F4691460A4601462846FFF7C8
:101360005DFF002800F0FB8095F8556026BB4FF02C
:101370000108CDE9007823463246294613A8FFF735
:1013800071FF00283AD0B9F1000F00F0E48041224B
:10139000754813A901F0FCFB744BC3F82C801E6246
:1013A0006A689A60002239462046FAF74BF86F4B7C
:1013B0000125C3E90970C9E04122002102A801F01A
:1013C0000FFC06F0010A4122002113A806F00206D4
:1013D00001F006FCBAF1000F00F0AE8004F50051F8
:1013E000634B4868984214D06248634B6349C01A03
:1013F000C008000440F0010000F0C2FE0525B9F16C
:10140000000F40F0A080FFF725FB284624B0BDE880
:10141000F087AB6D03F5FF5203F6FF731F32C3F382
:101420000B03D31A8A689A4206D25248524B544947
:10143000C01AC0080004DDE74FF440535A688242E6
:1014400013D11A78102A88BF1A690B7898BF002226
:10145000102B8CBF0B6900239A4206D04548464B9F
:101460004849C01AC0080004C4E72046FFF78EFDB3
:1014700088B1404B404A4449A3EB02084FEAD808E0
:101480004FEA084848F0020000F07AFE1EB93F49D2
:1014900048F00100B0E701230193AB6D00930022F7
:1014A0002346294602A8FFF7DDFE0028A6D0AA6D34
:1014B000A318BA1AB6B10021CDE9002113A85246EB
:1014C0002946FFF7CFFE002898D09DF84C304BB14D
:1014D0002848294B2E49C01AC008000440F00200D9
:1014E00000F04EFEB9F1000F35D0DFF88080BAF180
:1014F000000F24D02046FFF749FD18B108F118006D
:10150000FFF73EFB2348412202A901F041FB002ED8
:1015100014BFAC23A523C8F82C30AB6DC8F8343009
:10152000002E3FF43FAF1C48412213A901F030FBCD
:101530006B68C8F80C3035E73A462346BAE7AA2369
:10154000C8F82C30ECE71548FFF71AFBFFF782FAD2
:10155000064B9C6459E7054B01255D6155E717254E
:101560004DE700BFC4F8002085F40020E4F100201E
:10157000DBE5B151B8590F0020590F0028530F0077
:1015800079530F00E2530F004F540F0090540F0097
:10159000D1540F0044F40020C6F4002008F20020CB
:1015A0000122FFF7D1BE0000F8B590F854309BB18E
:1015B00090F85530032B0FD890F86E20032A17D0DF
:1015C000414B42484249C01AC008000440F00100A3
:1015D00000F0D6FD1420F8BD3C483B4B3D49C01AF5
:1015E000C008000440F0010000F0CAFD0F20F2E73F
:1015F000027A32B93548344B3749C01AC008000462
:10160000F0E7C268342A0BD02F4B30483349C01A58
:10161000C008000440F0020000F0B2FD1120DAE73B
:101620004FF440552E496C68028A8C4236D142B143
:10163000416971B3D2B200F114040021CEB2B242BA
:101640000BD8214B21482749C01AC008000440F09C
:10165000020000F095FD1220BDE754F8047BAE892E
:10166000B74201F10101E9D102780AB3012B28D96F
:101670001D4B4268DB689A4223D8134B13481B4921
:10168000C01AC008000440F0020000F079FD1020EC
:10169000A1E7002BE8D0012BE6D1D2E712B14269D5
:1016A000002ACED1012BDFD10278002ADCD1C8E795
:1016B000012B06D90548044B0D49C01AC008000487
:1016C00090E7012087E700BF20590F00C0590F00A5
:1016D0003F550F0028550F0052550F0061550F0060
:1016E000DBE5B15174550F00E4F1002084550F0083
:1016F00098550F00008800F001007047030A087039
:101700004B70030C000EC8708B70042070470000F3
:1017100070B54278012A04460E4609D05748584B06
:101720005849C01AC008000440F0020000F02CFD27
:101730002378082B0DD173883288013B9BB27380CC
:10174000002A00F09980002B40F0968003237280DD
:101750002370356960232B7023786B706378AB70CE
:10176000012B7ED123780B2B00F28480DFE803F07D
:10177000758282488282525F82750635E91C6068F4
:10178000FFF7BCFF0330C2B255FA80F1A068FFF743
:10179000B5FF1044C2B255FA80F1E068FFF7AEFF22
:1017A0001044C2B255FA80F12069FFF7A7FF104438
:1017B000C2B255FA80F16069FFF7A0FF1044C4B2CD
:1017C000182C39D92E4B2D482F49C01AC0080004B7
:1017D00040F0010000F0D4FC2EE02379EB70291DCD
:1017E000A068FFF78BFF0430C2B255FA80F1E068C1
:1017F000FFF784FF1044C2B255FA80F12069DBE79D
:101800006068E91CFFF77AFF0330C2B255FA80F135
:10181000A068D1E7E91CE068FFF770FF0330C2B2AF
:1018200055FA80F16068FFF769FF1044EDE7A3887F
:10183000EB701B0A2B7105247368214628469847D4
:10184000D0B10E480E4B1149C01AC0080004BDE8C3
:10185000704040F0010000F093BC2379EB70042449
:10186000EAE70B2B06D1FEF781FCE8700020FEF7BB
:1018700077FCF4E70324DFE770BD00BF90590F0049
:1018800020590F00C3550F00EB550F000C560F00E9
:10189000F0B50F4687B004460D46164600211822C3
:1018A000684601F09DF917F8013B1D4A8DF800309C
:1018B000013B019402920A2B0BD8DFE803F01106DA
:1018C0000A0A0A0E291E2D0A2D00B5F801302380C0
:1018D0006380A3683846984715E06B780493F8E76F
:1018E000238863806B78D5F802200493012B05923E
:1018F000EFD16069FFF72CF9EBE7A3680497013E8D
:10190000ADF8146003936846FEF7DAFE07B0F0BD49
:10191000E368ADF81030DCE76B788DF81030D8E76D
:1019200011170F000369C26893429CBF80681B189F
:10193000013B981A70472DE9F843D0E90294054617
:10194000A9EB04084068904520440F46144404D98C
:1019500001F01EF9EC60BDE8F8834246A4EB0904EF
:1019600001F016F96868224607EB0801F0E72DE957
:10197000F843C5680646894617464FF000083469A3
:10198000B3687068A54228BFE418013C621B5C1B69
:10199000BC4228BF3C46944228BF144649462844CE
:1019A000224601F0F5F8B3682544AB4208BF002594
:1019B0003F1BA044A144F560E1D14046BDE8F88357
:1019C00010B5114C114AA2610223C4E90433104B33
:1019D000E361A2644FF400730E4A0F492362E2648C
:1019E00000231022E01DA3626362E362A3656365C6
:1019F000E365226501F04AF90849204601F046F9FD
:101A00002023A37110BD00BFC8F8002046560F0068
:101A100050F9002040F900204F560F0053560F0098
:101A200070B5164B182400FB04451D4404FB00331D
:101A30001646DC6A012C0ED0022C18D0E4B92846D8
:101A4000FFF770FF864204D832462846FFF773FF3F
:101A50003446204670BD2846FFF764FF8642344670
:101A600028BF044622462846FFF765FFF1E72846CF
:101A7000BDE87040FFF77BBF0024EAE7C8F800200C
:101A8000FFF79EBF826800239360826813618268BB
:101A900053618268D36082685360826813607047C4
:101AA00030B5C38885B004460D4633B1144A009260
:101AB0001449154A284600F07BFC217A05291DD0DF
:101AC000637A4BB1A08800F0F1F9104B104953F83C
:101AD0002020284600F06CFC227A0E4BA08853F898
:101AE00022200392002100F0C5F9039A0A49034617
:101AF000284605B0BDE8304000F05ABC05B030BD06
:101B00007A560F0062560F005A560F00EC560F001F
:101B100004530F0010570F007F560F0007B5034600
:101B20000846197A052911D05B7A2BB1094A0A496E
:101B3000019000F03DFC01980849019000F038FC4C
:101B4000019803B05DF804EB00F027BC002AF8D040
:101B5000F2E700BF7A560F0004530F0033370F002F
:101B60002DE9F04385B01F460C9D002395F80C909D
:101B70002B7306460C46904629463846FFF790FFE1
:101B8000B8F1060F09D8DFE808F00412181F28334F
:101B900040003146284600F00BFC0022294638461A
:101BA000FFF7BCFF85F80C9005B0BDE8F083226814
:101BB0003146284600F0FCFBEFE7D4E9002331462C
:101BC000284600F0F5FBE8E7A36800933146D4E926
:101BD0000023284600F0ECFBDFE7E3680193A368ED
:101BE00000933146D4E90023284600F0E1FBD4E716
:101BF00023690293E3680193A36800933146D4E913
:101C00000023284600F0D4FBC7E7636903932369E8
:101C10000293E3680193A36800933146D4E900235B
:101C2000284600F0C5FBB8E708292DE9F84F8046A3
:101C30000E4617461C463DD8002593F80C901D73A0
:101C400019461046FFF72CFFDFF890A0DFF890B0A0
:101C5000AE4231D918F805205946204600F0A8FBBD
:101C60000135082DF4D11A491A4DDFF878A0204625
:101C700000F09EFB4FF0000B5E4524D918F80B20B6
:101C80007E2A1ED8511C144BC9B2C95C11F0970FA3
:101C900008BF2E225146204600F08AFB0BF1010BB3
:101CA000BBF1080FE8D1012221463846FFF736FF85
:101CB00084F80C90BDE8F88F5146204600F078FB80
:101CC000CEE72E22E6E72946204600F071FBE5E745
:101CD00093560F0091560F00B4570F008F560F0008
:101CE00089560F0095560F00037813F0040216D0A2
:101CF00003F00303012B03D0022B09D0012070470E
:101D00000A6800880232C0F3831002440A60F5E7D3
:101D10000B684288023303EB92130B60EEE7104628
:101D2000704700002DE9F04FDFF81CA187B00F4687
:101D300000230446861C0DF1070015468DF8073078
:101D4000F9F746FBDAF804203A60DAF8083003F5D0
:101D500080739B1A0AF21C470AF583690AF2144839
:101D6000B3421AD30020002D69D004F00F039B0169
:101D700043F0050363F30F00DAF80430DAB20332FC
:101D800033444AF822009DF80700CAF80430F9F7F6
:101D900043FB012007B0BDE8F08F01213846F9F779
:101DA00052FC4846F9F76AFC4046F9F767FCDAF856
:101DB00008000290C0B203300AEB800002A9FFF7CE
:101DC00093FF029B30BBDAB20AEB8202D168039127
:101DD0009A1C0133DBB20AEB83030292D3F80CB0F6
:101DE00001F00303012B22D0022B15D0834640467D
:101DF000F9F747FC10B1029BCAF80830594638463B
:101E0000F9F721FCDAF80830DAF8042003F58073DA
:101E10009B1AA5E7D8B2CEE7BDF80E30C3F38913FD
:101E200003334FEA1B4B02EB93030293DFE7BDF84A
:101E30000C30C3F383134FEA1B4B1344F5E7A4059F
:101E400044F0060098E700BF20FC0020064B07483E
:101E500010B500221A70FAF712F8044610B90448B7
:101E6000FFF710FE204610BD20FC0020245A0F0072
:101E70003C570F0030B50A4C71B10A4A0A49121B8F
:101E8000D20800239A4201D1002030BD31F82350FE
:101E9000854202D00133F5E7034654F83300F4E7F6
:101EA00020590F00E8590F0058A20020094B0139B2
:101EB00003EBC000032909D8DFE801F00A02040699
:101EC00004207047007970474079704700207047C0
:101ED0000220704720590F00034BD3E90130C31A89
:101EE00058425841704700BF20FC00202DE9F041C6
:101EF00086B0FFF7F1FF0546002840F0ED80774CF3
:101F0000C4F81804BFF34F8FA3680293DBB2033306
:101F100004EB830002A9FFF7E7FE029B18B1D4F897
:101F20001824002A5AD0DAB2991C013304EB820239
:101F3000DBB204EB8303D268DB68049302F0030393
:101F4000022B0392029154D1BDF80E306448C3F3C2
:101F50008917502F3E4628BF502606F1080166F328
:101F60008F13C1F30901ADF80E30F9F7A0FF054654
:101F7000002800F09C80F9F7C9FF0023082203A97C
:101F80002846F9F7D5FF0299CB43DBB20133C9B23A
:101F90000331B6EB830F4FEA830204EB810125D9AD
:101FA0005FFA82F80823A6EB08062846F9F7C0FF77
:101FB000F6B208F108034B4903F0FC033246284609
:101FC000F9F7B6FF029B033703EB97070297D4F8A4
:101FD0001834002B43D1D4F8106453E062689A425D
:101FE00094D8A260284606B0BDE8F08108233246A6
:101FF000E5E7012B5BD1BDF80C303948C3F3831101
:10200000062928BF062161F38913023101F00F016F
:102010008900ADF80C30F9F74AFF0546002846D094
:10202000F9F774FF0023082203A92846F9F780FF77
:102030000026BDF80C20C2F38312B300964203F1D0
:102040000803C4D202994A1CC9B20331029204EBBC
:10205000810104222846F9F76BFF0136E9E728469B
:10206000F9F758FFFFF738FF80F00100C5B2B9E774
:10207000F3685B7923B1336829461B68304698477B
:10208000F3681E68002EF3D12846F9F743FF0DF1DF
:1020900007008DF80760F9F79BF9D4F818340BB9ED
:1020A000029BA3609DF80700F9F7B6F9DAE7D4F8C8
:1020B000104454B90C4B0D480D49C01AC008000417
:1020C00040F0020000F05CF8CCE7236820469B68F3
:1020D0009847E3681C68ECE7002583E720FC0020B4
:1020E000245A0F002CFC002020590F0048590F00E3
:1020F00024570F002DE9F34704460E46924601A9E6
:10210000012218469946FFF70DFE1B4F10B3019DA3
:102110004FF00008AA1CC84508EB020123D117485C
:102120000021F9F755FA80F31000000440EA14404A
:10213000E4006B1C04F03804DBB2EDB244F001049F
:1021400007EB8303033544EA881444EA8624D86005
:1021500047F825403B781BB1FFF7C8FE0028FBD1AC
:1021600002B0BDE8F087C9B207EB81015AF8283008
:10217000CB6008F10108CEE720FC00203C000120E4
:1021800000231A46FFF7B6BF07B50123019201AA43
:10219000FFF7B0FF03B05DF804FB07B5CDE90023FE
:1021A00002236A46FFF7A6FF03B05DF804FB1FB5E4
:1021B000CDE90123069B039301AA0323FFF79AFFAE
:1021C00005B05DF804FB000030B51349D1F81044A8
:1021D0000346002022464AB9DC682071D1F8104439
:1021E00054B9C1F81034DB681A6030BDD268157973
:1021F00085420AD01268EEE7E468DA682468146061
:10220000D1F81024D2681360EFE701300A28E1D139
:102210004FF0FF30E9E700BF20FC002038B5084B45
:102220000125D3F810441D7004B938BDE3685D7111
:10223000236820465B689847E3681C68F4E700BFA2
:1022400020FC002008B500F0A6F804480421FFF7A0
:10225000BBFF034B01225A7108BD00BF385A0F0063
:10226000E4A10020F0B595B01D46164608460C4680
:10227000F9F74CFE1A9B0D93CDE9086500252B4616
:10228000082205A920460A958DF82C500C95F9F7DF
:1022900059FE079B0293069B03939DF814308DF81B
:1022A000115003F00302012A1DD1BDF81420059D31
:1022B000C3F3C203C2F383168DF81030B2000823B3
:1022C0000EA92046F9F73EFEC5F3952508AB00930D
:1022D000324602AB0EA92846FFF742FC2046F9F72A
:1022E00019FE15B0F0BD022AF8D1BDF81650C3F39F
:1022F000C203C5F389158DF810300827082D2E4626
:1023000028BF08263B4632460EA92046F9F71AFE9A
:10231000AD1B08AB02AA31460EA83744FFF784FC78
:10232000002DEBD1DAE7704707B5044B0093044A60
:102330008023FFF797FF03B05DF804FB45230F00F0
:10234000D90001202DE9F84388461446B2B10F4B5D
:102350000F4E0325002743F00109224608EB070131
:102360000020FFF75DFB0744241A48B933782BB1EE
:102370004FF47A40C847013D02D13570BDE8F8837B
:1023800001233370002CE8D1F8E700BF60570F003D
:10239000D80001207047FFF773BB10B58268044670
:1023A0002AB143690168006998470023A36010BD02
:1023B0000EB403B5039921B104AB01AA019300F057
:1023C00077F802B05DF804EB03B070470A2938B51E
:1023D00004460D4602D10D21FFF7F8FFA3682268DD
:1023E000591CA160D554D4E901329A4204D3204645
:1023F000BDE83840FFF7D1BF38BD00002DE9F84FE8
:102400009846DDE90A43154682460F460A464FF0D4
:102410000109AA420FD2C14538BFC14613F0010BD2
:1024200001D16CB900240126B8F1010F1BD908F1C4
:10243000FF386E43F8E709F10109B2FBF5F2E8E76E
:102440009B070ED5B8F1000F0CBF30262026A14502
:10245000E9D2013C31465046FFF7B8FF002CF6D1D7
:10246000E0E72026F3E7B7FBF6F39D42E1D9DFF87A
:102470003C80B7FBF6F3504618F8031006FB1377C1
:10248000FFF7A4FF3346AB42B6FBF5F6F1D2BBF142
:10249000000F02D00CB1A14501D3BDE8F88F202177
:1024A0005046013CFFF792FFF4E700BF74570F005E
:1024B0002DE9F74F054617468846002900F03E8172
:1024C00018F8011B49B92B7B002B00F037812846F7
:1024D00003B0BDE8F04FFFF760BF252940F0B7809B
:1024E000002698F800302D2B424608F1010823D031
:1024F000302B24D02B2B25D000242A2B02F10101D4
:1025000023D13B681A1D3A601B680A461C441378A5
:102510002E2B26D101324FF0000A104610F8011B75
:10252000A1F1300CBCF1090F1DD80A2303FB0A13DB
:10253000A3F1300A0246F0E746F00106D1E746F083
:102540000206CEE746F00406CBE711F8013CA3F102
:1025500030000928DBD80A2202FB0434303C0A464A
:10256000CBE74FF0000A12F8011B01F0FB006828CE
:102570009046F8D0782909D86F290CD8632962D001
:1025800022D8252963D0582900F0888098F8003097
:10259000002B95D197E770390829F7D801A353F894
:1025A00021F000BF17270F008D250F008D250F008C
:1025B000AD260F008D250F008B260F008D250F00F7
:1025C0008D250F009D260F00642901D06929DDD1DA
:1025D0003A68111D3960D2F8009089EAE972A2EBDD
:1025E000E9724FF0010B092A35DCD34538BFD346D9
:1025F0002CB1B9F1000F01DB720700D5013CB30724
:1026000002D5BAF1000F03D0F00701D44CBB00246F
:10261000B9F1000F2DDAC9F100092D212846FFF785
:10262000D5FE06F00302022A04D1BAF1000F01D14F
:102630001CBB0024CDE9004653460A2249462846E1
:10264000FFF7DCFEA2E73B681A1D3A6019782846BE
:10265000FFF7BCFE9AE70A230BF1010BB2FBF3F282
:10266000C1E7A345D4D220212846013CFFF7AEFEA6
:10267000CCE77107D5D52B21D0E7A345DAD230219D
:102680002846013CFFF7A2FED2E73968CDE90046B3
:102690000A1D3A6053460A220968D0E739680A1DC4
:1026A0003A60CDE9004653461022F5E73B681A1D13
:1026B0003A6016F00106D3F8009024D1B9F1000F6A
:1026C00003D0484600F0EAFA0646B4421DD809F1A4
:1026D000FF3919F8011F00293FF458AF2846FFF7CA
:1026E00075FEF6E728460136FFF770FE19F806106A
:1026F0000029F7D1A642BFF449AF20212846013C6A
:10270000FFF764FEF6E70026F0E720212846013CAB
:10271000FFF75CFED9E73B681A1D3A603021284676
:102720001C68FFF753FE78212846FFF74FFE002272
:102730000823CDE900322146102280E703B0BDE82E
:10274000F08F00BF0649074A074B9B1A03DD043B85
:10275000C858D050FBDCF5F7DDFEF5F775FD00003D
:10276000A05A0F0090A100206CA20020FEE7FEE717
:10277000FEE7FEE7FEE7FEE7FEE7FEE70C4BC26979
:102780001A60826943F8042C426943F8082C0269F4
:1027900043F80C2CC26843F8102C826843F8142CC0
:1027A000426843F8182C026843F81C2C704700BF9D
:1027B0005CB602500C4B1B68C3610C4B1B688361F9
:1027C0000B4B1B6843610B4B1B6803610A4B1B6877
:1027D000C3600A4B1B688360094B1B684360094B4D
:1027E0001B680360704700BF5CB6025058B60250C9
:1027F00054B6025050B602504CB6025048B6025081
:1028000044B6025040B6025030B10268034B04484F
:102810009A4208BF0020704702487047DD55AABBA6
:102820000202F0000002F00013B5044670B104305B
:102830007021019000F0B0F801980549202200F0C5
:10284000A9F8044B2360002002B010BD0248FBE74A
:1028500094570F00DD55AABB0002F0002DE9FF4799
:10286000254B04460F4615460FCBE84688E80F0077
:1028700025B90026304604B0BDE8F0872046FFF7B2
:10288000C3FF06460028F5D1666A231D01938EBB5F
:10289000206FC0B1C0F14009A94528BFA94604F185
:1028A000300A4A463946504400F074F8226F4A44D0
:1028B000402A4F442267A5EB090504D15146404602
:1028C00000F06EF8266705F03F0935F03F0505D0AA
:1028D00039462A46404600F063F82F44B9F1000F0C
:1028E000C7D04A46394604F1300000F053F8C4F826
:1028F0007090BFE7014EBDE784570F000C02F00057
:102900002DE9FF41144B04460D460FCBE84688E8FD
:102910000F002046FFF778FF0746B0B9CDB1636AD4
:10292000261D01963BB90123226F636204F1300139
:10293000404600F035F83346043D243453F8042B68
:1029400012BAA34245F8042FF8D1384604B0BDE8C6
:10295000F081024FF9E700BF84570F000502F00035
:10296000084B1B681B0EF02B08D1074B1A68074B4E
:102970009A4205D1064B0020186070470520704729
:102980000620704728B9025024BA02500000E02007
:102990000CBA025000F0FCB80A46002100F020B941
:1029A0002DE9F74F314B4468054691469A461A681F
:1029B000002AFCD12E4B9B461A68002AFCD14FF00E
:1029C000FF30019100F064F8802000F067F8294E94
:1029D000294ADFF8B880294F012307203360A2F588
:1029E0009E72C2F83C011360636AC8F80030A36AA3
:1029F0003B602B6842F8043CAB682046984701993D
:102A0000DAF80030002BFBD1B9F1000F20D11C4BBC
:102A100004221A60DAF80030002BFBD1DBF80090BA
:102A2000B9F1000FFAD1EB6820469847D8F800308A
:102A300063623B68A362134BC3F80090C3F84491F0
:102A4000DAF80030002BFBD1336003B0BDE8F08F23
:102A5000236A012B04BF0B4A13600B4B4020196003
:102A6000C3F8049000F020F8D4E700BF10B902507A
:102A700020BC025018B8025000B90250D0B7025022
:102A8000C8B7025084B6025028BC0250CCB70250DE
:102A9000014B1860704700BF08BA0250014B186024
:102AA000704700BF04BA0250094BC2431A60043B8E
:102AB00082B01B680193074B019A024204D0064A78
:102AC0001060186802B0704720BF1A680192F3E7DF
:102AD00004BA02505C01012008BA0250054B4FF0C5
:102AE000FF321A6053F8042C034B1A601A68034B28
:102AF0001A60704704BA02505C01012008BA025003
:102B000008B5074B044613B10021AFF30080054B15
:102B10001868836A03B19847204600F009FD00BF9A
:102B200000000000B8580F0070B50D4D0D4C641B2F
:102B3000A4100026A64209D10B4D0C4C00F0FAFC63
:102B4000641BA4100026A64205D170BD55F8043BB5
:102B500098470136EEE755F8043B98470136F2E70F
:102B600050A2002050A2002050A2002054A2002019
:102B700010B501390244904201D1002005E00378EC
:102B800011F8014FA34201D0181B10BD0130F2E72C
:102B90000A44914200F1FF3300D1704710B511F89B
:102BA000014B03F8014F9142F9D110BD884210B595
:102BB00001EB020402D98442234607D8431EA142F6
:102BC00008D011F8012B03F8012FF8E70244014661
:102BD0008A4200D110BD13F8014D02F8014DF7E70C
:102BE00002440346934200D1704703F8011BF9E702
:102BF0000CB430B5174B0C1E1D689DB008DA8B2342
:102C00002B604FF0FF301DB0BDE8304002B0704780
:102C10004FF40273ADF8143014BF04F1FF332346B0
:102C2000049307934FF6FF7302900690ADF81630A9
:102C3000209A21AB02A92846019300F093F8431C87
:102C4000BCBF8B232B60002CDDD0029B00221A70AE
:102C5000D9E700BFECA1002030B50B4D044614F8B5
:102C6000013B5A5D02F00302012A11F8012BA85C16
:102C700000F0030008BF2033012808BF2032981A53
:102C800001D1002AEBD130BDB5570F00034611F832
:102C9000012B03F8012B002AF9D17047034613F8E2
:102CA000012B002AFBD1181A013870472DE9F04793
:102CB0008E689E4282460C4690461F4638D88A89C6
:102CC00012F4906F32D025680969A5EB0109656996
:102CD00005EB450505EBD57501334B446D109D4261
:102CE00038BF1D46530531D5294600F06DFB064619
:102CF00050B90C23CAF80030A38943F04003A381E4
:102D00004FF0FF30BDE8F08721694A46FFF740FFEA
:102D1000A38923F4906343F08003A3812661656156
:102D20004E44A5EB09052660A5603E46BE4200D98B
:102D30003E46206832464146FFF738FFA3689B1B9A
:102D4000A3602368334423600020DBE72A4600F0B9
:102D500095FB06460028E1D12169504600F0E8FACB
:102D6000C7E700002DE9F04F98468B891B069DB000
:102D700007460D4614460ED50B6963B9402100F095
:102D800023FB2860286120B90C233B604FF0FF3003
:102D9000D1E040236B610023099320238DF8293073
:102DA000CDF80C803023DFF8A8818DF82A304FF061
:102DB000010923469A4613F8012B0AB1252AF9D1B5
:102DC000BAEB040B0BD05B46224629463846FFF788
:102DD0006DFF013000F0AA80099A5A4409929AF8CE
:102DE0000030002B00F0A28000234FF0FF32CDE92D
:102DF00005230AF1010A049307938DF853301A93BF
:102E00005446052214F8011B514800F041FA049A77
:102E1000D8B9D00644BF20238DF85330110744BFE2
:102E20002B238DF853309AF800302A2B15D0079AAF
:102E3000544600204FF00A0C214611F8013B303B6C
:102E4000092B4ED9B0B1079214E0A0EB080309FAA0
:102E500003F313430493A246D2E7039B191D1B6897
:102E60000391002BBBBF5B4242F002020793079322
:102E7000B8BF049223782E2B0CD163782A2B35D13E
:102E8000039B1A1D1B680392002BB8BF4FF0FF3342
:102E900002340593DFF8C8A021780322504600F0E1
:102EA000F7F940B14023A0EB0A0003FA00F0049BBD
:102EB00003430134049314F8011B26488DF82810AD
:102EC000062200F0E5F9002838D0234B1BBB039BFA
:102ED000073323F0070308330393099B3344099313
:102EE00067E70CFB02320C460120A5E70023013402
:102EF000059319464FF00A0C204610F8012B303A82
:102F0000092A03D9002BC5D00591C3E70CFB012189
:102F100004460123F0E703AB00932A460F4B04A9B4
:102F20003846AFF30080421C0646D6D1AB895B061B
:102F30003FF52CAF09981DB0BDE8F08F03AB0093AF
:102F40002A46064B04A9384600F07AF8EBE700BFA2
:102F5000BC580F00C6580F0000000000AD2C0F0039
:102F6000C2580F002DE9F047164699468A680B694A
:102F7000DDF820809342B8BF1346336091F84320B8
:102F800007460C460AB1013333602368990642BFF5
:102F9000336802333360256815F0060506D104F165
:102FA000190AE36832689B1AAB4226DC94F8432086
:102FB000131E226818BF012392062BD404F143028A
:102FC00049463846C04701301ED02368E56832685C
:102FD00003F00603042B08BFAD1AA36822690CBFD7
:102FE00025EAE57500259342C4BF9B1AED1800261B
:102FF0001A34B5421AD1002008E00123524649464E
:103000003846C047013003D14FF0FF30BDE8F087AC
:103010000135C6E7E1185A1C302081F843002244EC
:1030200094F8451082F843100233C7E70123224683
:1030300049463846C0470130E6D00136D9E700009E
:103040002DE9FF470F7E0C9D782F914680460C4658
:103050009A4601F1430207D8622F0AD8002F00F0E8
:10306000D880582F00F0A38004F1420584F8427004
:103070003AE0A7F16303152BF6D801A151F823F02C
:10308000D9300F00ED300F0069300F0069300F00AC
:1030900069300F0069300F00ED300F0069300F000C
:1030A00069300F0069300F0069300F00F9310F00EF
:1030B0001D310F00DB310F0069300F0069300F0048
:1030C0001B320F0069300F001D310F0069300F00F7
:1030D00069300F00E3310F002B681A1D1B682A604E
:1030E00004F1420584F842300123A3E020682968F6
:1030F000060601F104030AD50E682B60002E03DAE0
:103100002D23764284F843305E480A2319E00E6886
:103110002B6010F0400F18BF36B2EFE72B68206825
:10312000191D2960010601D51E6802E04606FBD57F
:103130001E8854486F2F0CBF08230A23002184F8EF
:1031400043106568A560002DA2BF216821F004012D
:1031500021600EB9002D4DD01546B6FBF3F103FBEF
:103160001167C75D05F8017D3746BB420E46F4D9AD
:10317000082B0BD12368DE0708D5236961689942C3
:10318000DEBF302305F8013C05F1FF35521B2261FB
:10319000CDF800A04B4603AA21464046FFF7E2FEC9
:1031A00001304CD14FF0FF3004B0BDE8F087354816
:1031B00081F845702968236851F8046B29601D0661
:1031C00014D5DF0744BF43F0200323601EB92368F2
:1031D00023F0200323601023B0E7236843F020038B
:1031E00023607823284884F84530E3E7590648BF30
:1031F000B6B2E6E71546BBE72B6826686169181D7D
:10320000286035061B6801D5196002E07006FBD501
:103210001980002323611546BAE72B681A1D2A601E
:103220001D6862680021284600F032F808B1401B92
:10323000606063682361002384F84330A8E7236952
:103240002A4649464046D0470130ABD023689B0709
:1032500013D4E068039B9842B8BF1846A4E7012343
:10326000324649464046D04701309BD00135E3689D
:1032700003995B1AAB42F2DCEBE7002504F1190677
:10328000F5E700BFCD580F00DE580F00000000002A
:1032900001F0FF01102A2BDB10F0070F08D010F807
:1032A000013B013A8B422DD010F0070F42B3F6D10B
:1032B000F0B441EA012141EA014122F007047FF024
:1032C00000070023F0E80256083C85EA010586EA7B
:1032D000010685FA47F5A3FA87F586FA47F6A5FAB7
:1032E00087F68EB9EED1F0BC01F0FF0102F00702C3
:1032F00032B110F8013B013A83EA010313B1F8D16E
:103300000020704701387047002D06BF354603384E
:10331000073815F0010F07D1013015F4807F02BF87
:10332000013015F4C03F0130F0BC0138704700BFD8
:1033300037B5002944D051F8043C0190002BA1F18D
:103340000404B8BFE41800F0CFF81E4A01981368CF
:1033500033B96360146003B0BDE8304000F0CAB810
:10336000A34208D9256861198B4201BF19685B68BF
:1033700049192160EDE71A465B680BB1A342FAD9FF
:1033800011685518A5420BD1246821445418A34252
:103390001160E0D11C685B68536021441160DAE77A
:1033A00002D90C230360D6E7256861198B4204BF5C
:1033B00019685B68636004BF491921605460CAE7FB
:1033C00003B030BD60010120F8B5CD1C25F0030528
:1033D00008350C2D38BF0C25002D064601DBA9420F
:1033E00003D90C2333600020F8BD00F07DF821499B
:1033F0000A6814469CB9204F3B6823B921463046E1
:1034000000F062F838602946304600F05DF8431C51
:1034100023D10C233360304600F06CF8E3E72368D7
:103420005B1B17D40B2B03D923601C44256004E0DD
:103430006368A2420CBF0B605360304600F05AF83C
:1034400004F10B00231D20F00700C21ACCD01B1A78
:10345000A350C9E722466468CCE7C41C24F00304E7
:10346000A042E3D0211A304600F02EF80130DDD121
:10347000CFE700BF6001012064010120F8B50746D5
:1034800014460E4621B9BDE8F8401146FFF79CBF2F
:1034900022B9FFF74DFF25462846F8BD00F030F869
:1034A000A0420FD221463846FFF78EFF054600287E
:1034B000F2D031462246FFF76BFB31463846FFF724
:1034C00037FFE9E73546E7E738B5064D0023044600
:1034D00008462B6000F01EF8431C02D12B6803B194
:1034E000236038BD68010120014800F011B800BF19
:1034F0006C010120014800F00CB800BF6C010120F4
:1035000051F8043C181F002BBCBF0B58C018704763
:1035100070477047044A05491368002B08BF0B46E3
:10352000184410601846704770010120780101208E
:10353000FEE700BFF8B500BFF8BC08BC9E46704768
:10354000F8B500BFF8BC08BC9E4670476170705F5C
:103550006572726F725F68616E646C65722065720D
:10356000725F636F64653A25642025733A256400B1
:1035700052656365697665642061206661756C7467
:10358000212069643A203078253038782C20706307
:103590003A203078253038782C20696E666F3A20D2
:1035A00030782530387800636F6D706F6E656E749B
:1035B0002F636F72652F6D63752F6E7266353238AB
:1035C00034302F626F6F746C6F616465722F6D6140
:1035D000696E2E63004F70656E2055534220626FF6
:1035E0006F746C6F6164657220737461727465646A
:1035F000004166746572206D61696E2C2073686F7E
:10360000756C64206E6576657220626520726561F6
:10361000636865642E0000000000000000000000E8
:103620000338FDD87047436F756C64206E6F74204B
:10363000616C6C6F63617465207061796C6F61643B
:1036400020706F6F6C2E0055534220706F7765723B
:103650002064657465637465640055534220706F1F
:103660007765722072656D6F7665640055534220F0
:10367000726561647900436F756C64206E6F7420AD
:103680007363686564756C65205553422065766583
:103690006E742100436F756C64206E6F74207265C8
:1036A00061642066726F6D204344432E2045727220
:1036B0006F723A20307825782E004661696C656417
:1036C00020746F20616C6C6F636174652062756635
:1036D000666572210061742B626F6F74737461741C
:1036E000757300426F6F74204D6F64650D0A006141
:1036F000742B76657273696F6E0061742B766572D8
:103700003D3F0061742B626F6F747665723D3F00C0
:1037100061742B72756E0061742B72657365740031
:1037200061742B004154206E6F7420737570706F3C
:1037300072742E0D0A0041542B006E72665F64662F
:10374000755F73657269616C5F757362000000007C
:103750008CA20020383B0F00020001060102048207
:10376000810100000082010181000000B1880E008B
:1037700094A100206D880E00C9870E000000000093
:103780004661696C656420746F20616C6C6F636165
:1037900074652062756666657200416C6C6F63616A
:1037A0007465642062756666657220257800636FB3
:1037B0006D706F6E656E742F636F72652F6D6375BC
:1037C0002F6E726635323834302F626F6F746C6FC3
:1037D000616465722F2E2E2F2E2E2F2E2E2F2E2E21
:1037E0002F2E2E2F65787465726E616C2F6E524687
:1037F000355F53444B2F6E5246355F53444B5F3118
:10380000372E302E325F643637346464652F2F6371
:103810006F6D706F6E656E74732F6C69627261721A
:103820006965732F626F6F746C6F616465722F735B
:10383000657269616C5F6466752F6E72665F64663F
:10384000755F73657269616C5F756172742E630078
:103850004661696C656420696E697469616C697A36
:10386000696E672075617274004661696C656420D9
:10387000696E697469616C697A696E672072780033
:103880006E72665F6466755F73657269616C5F75A1
:1038900061727400FFFFFFFFFFFFFFFFFFFFFFFFED
:1038A000FFFFFFFF00000000000000000000D60145
:1038B000060100004661696C75726520746F2075A1
:1038C000706461746520636F6E6E656374696F6E9A
:1038D00020706172616D65746572733A203078256D
:1038E0007800636F6D706F6E656E742F636F7265B5
:1038F0002F6D63752F6E726635323834302F626FDC
:103900006F746C6F616465722F2E2E2F2E2E2F2EEA
:103910002E2F2E2E2F2E2E2F65787465726E616CD1
:103920002F6E5246355F53444B2F6E5246355F53D0
:10393000444B5F31372E302E325F64363734646447
:10394000652F2F636F6D706F6E656E74732F6C696A
:10395000627261726965732F626F6F746C6F6164FC
:1039600065722F626C655F6466752F6E72665F6448
:1039700066755F626C652E630063616E6E6F7420A6
:10398000616C6C6F63617465206D656D6F72792019
:1039900062756666657221004661696C75726520A4
:1039A000746F2075706461746520636F6E6E6563FB
:1039B00074696F6E20706172616D657465722072DA
:1039C0006571756573743A203078257800436F759A
:1039D0006C64206E6F742068616E646C65206F6E1D
:1039E0005F6374726C5F70745F77726974652E20A8
:1039F0006572725F636F64653A2030782530347881
:103A000000444655207265717565737420256420E5
:103A10006661696C65642077697468206572726F8D
:103A2000723A2030782578004466755461726700D8
:103A30006E72665F6466755F626C650050EADA30CC
:103A40008883B89F604F15F30000C98E0000000006
:103A50000338FDD870470C000C00000058020D0E12
:103A60000F100000D5960E0049970E00E5960E0047
:103A7000200000000000000000000000636F6D7077
:103A80006F6E656E742F636F72652F6D63752F6E29
:103A9000726635323834302F626F6F746C6F6164C8
:103AA00065722F2E2E2F2E2E2F2E2E2F2E2E2F2EB6
:103AB0002E2F65787465726E616C2F6E5246355F7D
:103AC00053444B2F6E5246355F53444B5F31372E74
:103AD000302E325F643637346464652F2F636F6D28
:103AE000706F6E656E74732F6C6962726172696556
:103AF000732F757362642F6170705F757362642ECB
:103B000063006170705F7573626400010000010101
:103B1000010100006D9B0E000A000000090000007A
:103B200008000000850000008003030E0D8163641F
:103B3000635F61636D0000001DA90E0079A20E0095
:103B40000000000000000000000000006170705FD5
:103B5000757362645F636F726500000004E10020AA
:103B6000783B0F0001000203008000000F090200F3
:103B700000000104C0320000A5AE0E0000000000ED
:103B80000000000000000000000000001201000220
:103B90000000004015191F5200010102030100003E
:103BA000CDAC0E0000000000D1AC0E0014E10020EE
:103BB00025303468582530386C5800000000040364
:103BC00009044E6F726469632053656D69636F6E9B
:103BD000647563746F72004F70656E2044465520A3
:103BE000426F6F746C6F61646572004465666175E5
:103BF0006C7420636F6E66696775726174696F6E4D
:103C00000055736572203100BC3B0F00C23B0F00B2
:103C1000D73B0F007CE10020EB3B0F00013C0F0085
:103C20000000010102020303040405056D656D5FD8
:103C30006D6E677200705F66730025732063686540
:103C4000636B206661696C656420696E202573284A
:103C50002920776974682076616C75652030782535
:103C6000782E00705F66732D3E705F617069007022
:103C70005F64657374006C656E00616464725F6993
:103C8000735F616C69676E65643332287372632990
:103C900000616464725F69735F77697468696E5FFD
:103CA000626F756E647328705F66732C2073726325
:103CB0002C206C656E2900705F7372630021286C84
:103CC000656E202520705F66732D3E705F666C61A7
:103CD00073685F696E666F2D3E70726F6772616D9B
:103CE0005F756E69742900616464725F69735F61F6
:103CF0006C69676E6564333228646573742900618A
:103D00006464725F69735F616C69676E65643332A6
:103D1000282875696E7433325F7429705F7372631B
:103D20002900616464725F69735F77697468696EA2
:103D30005F626F756E647328705F66732C206465B4
:103D400073742C206C656E2900616464725F697302
:103D50005F706167655F616C69676E656428705F3D
:103D600066732C20706167655F616464722900610D
:103D70006464725F69735F77697468696E5F626FAC
:103D8000756E647328705F66732C20706167655F61
:103D9000616464722C20286C656E202A20705F6636
:103DA000732D3E705F666C6173685F696E666F2D20
:103DB0003E65726173655F756E69742929006E7264
:103DC000665F6673746F72616765006E72665F66C8
:103DD00073746F726167655F6572617365006E729F
:103DE000665F6673746F726167655F777269746529
:103DF000006E72665F6673746F726167655F696E8D
:103E000069740000001000000400000001000000C0
:103E1000E9B90E000DBA0E001DBA0E002DBA0E0043
:103E200081BA0E00F5B90E00F9B90E00FDB90E0009
:103E300000100000040000000100000099BB0E000B
:103E400079BB0E0069BB0E00A9BD0E005DBD0E0062
:103E50003BBB0E003FBB0E0045BB0E004E52465F03
:103E600053554343455353004E52465F4552524FBC
:103E7000525F5356435F48414E444C45525F4D4953
:103E80005353494E47004E52465F4552524F525F80
:103E9000534F46544445564943455F4E4F545F4542
:103EA0004E41424C4544004E52465F4552524F529D
:103EB0005F494E5445524E414C004E52465F45526A
:103EC000524F525F4E4F5F4D454D004E52465F453B
:103ED00052524F525F4E4F545F464F554E44004E24
:103EE00052465F4552524F525F4E4F545F535550AA
:103EF000504F52544544004E52465F4552524F5225
:103F00005F494E56414C49445F504152414D004E2D
:103F100052465F4552524F525F494E56414C4944BA
:103F20005F5354415445004E52465F4552524F52E2
:103F30005F494E56414C49445F4C454E47544800FA
:103F40004E52465F4552524F525F494E56414C4980
:103F5000445F464C414753004E52465F4552524FD4
:103F6000525F494E56414C49445F44415441004ED2
:103F700052465F4552524F525F444154415F53494C
:103F80005A45004E52465F4552524F525F54494D7A
:103F9000454F5554004E52465F4552524F525F4E68
:103FA000554C4C004E52465F4552524F525F464F61
:103FB0005242494444454E004E52465F4552524F8C
:103FC000525F494E56414C49445F41444452004E71
:103FD00052465F4552524F525F42555359004E521E
:103FE000465F4552524F525F434F4E4E5F434F55CF
:103FF0004E54004E52465F4552524F525F52455307
:104000004F5552434553004E52465F4552524F5210
:104010005F4D4F44554C455F4E4F545F494E495498
:1040200049414C495A4544004E52465F4552524F11
:10403000525F4D555445585F494E49545F4641497A
:104040004C4544004E52465F4552524F525F4D55CB
:104050005445585F4C4F434B5F4641494C454400E3
:104060004E52465F4552524F525F4D555445585F30
:10407000554E4C4F434B5F4641494C4544004E52D0
:10408000465F4552524F525F4D555445585F434F1E
:104090004E445F494E49545F4641494C4544004EA9
:1040A00052465F4552524F525F4D4F44554C455F0B
:1040B000414C52454144595F494E495449414C494C
:1040C0005A4544004E52465F4552524F525F535438
:1040D0004F524147455F46554C4C004E52465F4556
:1040E00052524F525F4150495F4E4F545F494D50BD
:1040F0004C454D454E544544004E52465F45525244
:104100004F525F464541545552455F4E4F545F45AF
:104110004E41424C4544004E52465F4552524F522A
:104120005F494F5F50454E44494E47004E52465FEF
:104130004552524F525F4452565F5457495F455261
:10414000525F4F56455252554E004E52465F4552B1
:10415000524F525F4452565F5457495F4552525F27
:10416000414E41434B004E52465F4552524F525FC3
:104170004452565F5457495F4552525F444E414343
:104180004B004E52465F4552524F525F424C455F84
:10419000495053505F52585F504B545F5452554EE4
:1041A0004341544544004E52465F4552524F525F80
:1041B000424C455F495053505F4348414E4E454C39
:1041C0005F414C52454144595F455849535453004F
:1041D0004E52465F4552524F525F424C455F4950E6
:1041E00053505F4C494E4B5F444953434F4E4E45ED
:1041F00043544544004E52465F4552524F525F422F
:104200004C455F495053505F504545525F52454AB7
:10421000454354454400556E6B6E6F776E20657252
:10422000726F7220636F6465000000000000000080
:104230005C3E0F0001000000683E0F00020000001D
:10424000863E0F0003000000A73E0F0004000000A0
:10425000BA3E0F0005000000CB3E0F000600000034
:10426000DF3E0F0007000000F73E0F0008000000CF
:104270000F3F0F0009000000273F0F000A00000059
:10428000403F0F000B000000583F0F000C000000E3
:104290006F3F0F000D000000833F0F000E00000075
:1042A000953F0F000F000000A43F0F00100000001A
:1042B000B83F0F0011000000CF3F0F0012000000B8
:1042C000DE3F0F0013000000F33F0F0080000000EE
:1042D00007400F008100000028400F00820000000E
:1042E00044400F008300000060400F008400000085
:1042F0007E400F00850000009F400F0086000000F8
:10430000C4400F0090000000DB400F00910000004F
:10431000F9400F009200000017410F0000820000DA
:104320002C410F00018200004A410F000282000070
:1043300066410F000084000082410F0001840000EC
:10434000A6410F0002840000D0410F00038400004A
:10435000F5410F00636F6D706F6E656E742F636F44
:1043600072652F6D63752F6E726635323834302F5B
:10437000626F6F746C6F616465722F2E2E2F2E2EFC
:104380002F2E2E2F2E2E2F2E2E2F65787465726EC7
:10439000616C2F6E5246355F53444B2F6E5246353B
:1043A0005F53444B5F31372E302E325F64363734E3
:1043B0006464652F2F636F6D706F6E656E74732FFD
:1043C000736F66746465766963652F636F6D6D6F77
:1043D0006E2F6E72665F7364682E63006E72665F26
:1043E0007364680001000007505A0F00585A0F000C
:1043F00008000000705A0F00805A0F0008000000EB
:10440000585A0F00705A0F0008000000636F6D705B
:104410006F6E656E742F636F72652F6D63752F6E8F
:10442000726635323834302F626F6F746C6F61642E
:1044300065722F2E2E2F2E2E2F2E2E2F2E2E2F2E1C
:104440002E2F65787465726E616C2F6E5246355FE3
:1044500053444B2F6E5246355F53444B5F31372EDA
:10446000302E325F643637346464652F2F636F6D8E
:10447000706F6E656E74732F736F667464657669A2
:1044800063652F636F6D6D6F6E2F6E72665F736401
:10449000685F626C652E63006E72665F7364685F4E
:1044A000626C6500485A0F00505A0F000800000067
:1044B000636F6D706F6E656E742F636F72652F6DB5
:1044C00063752F6E726635323834302F626F6F74B9
:1044D0006C6F616465722F2E2E2F2E2E2F2E2E2F95
:1044E0002E2E2F2E2E2F65787465726E616C2F6EB6
:1044F0005246355F53444B2F6E5246355F53444B03
:104500005F31372E302E325F643637346464652F66
:104510002F636F6D706F6E656E74732F736F66743B
:104520006465766963652F636F6D6D6F6E2F6E7254
:10453000665F7364685F736F632E63006E72665F9D
:104540007364685F736F6300805A0F00985A0F009E
:1045500008000000636C6F636B0000434C4F434BDB
:104560000050525300554152540055415254450099
:1045700055534244000001010102030405060708E7
:10458000090B08010C011001140118011C01200184
:1045900024012C010C0D0E0F101112131400300108
:1045A000340138013C014001440148014C015001F3
:1045B00079DA0E00ADDA0E00F1DC0E0009DC0E0037
:1045C00003DC0E00FDDB0E00F7DB0E00F1DB0E005E
:1045D000EBDB0E00E5DB0E00D5DC0E0081DD0E000E
:1045E00035E60E00FDDF0E00F7DF0E00F1DF0E00F6
:1045F000EBDF0E00E5DF0E00DFDF0E00D9DF0E007F
:1046000039DD0E00F5DC0E0059E00E0011E80E0059
:1046100005E00E00496E61637469766974792074EF
:10462000696D656F75742E00426F6F742076616CD2
:1046300069646174696F6E206661696C65642E20BF
:104640004E6F2076616C69642061707020746F20F9
:10465000626F6F742E00426F6F742076616C6964B4
:104660006174696F6E206661696C65642E20536F9A
:10467000667444657669636520697320707265733A
:10468000656E742062757420696E76616C69642E43
:1046900000426F6F742076616C69646174696F6E3B
:1046A000206661696C65642E2041707020697320FA
:1046B000696E76616C69642E00556E72656163681F
:1046C00061626C6500636F6D706F6E656E742F63F1
:1046D0006F72652F6D63752F6E72663532383430A8
:1046E0002F626F6F746C6F616465722F2E2E2F2E88
:1046F0002E2F2E2E2F2E2E2F2E2E2F657874657294
:104700006E616C2F6E5246355F53444B2F6E52468E
:10471000355F53444B5F31372E302E325F6436376E
:10472000346464652F2F636F6D706F6E656E747384
:104730002F6C69627261726965732F626F6F746C3E
:104740006F616465722F6E72665F626F6F746C6FFB
:10475000616465722E63004661696C6564207275E0
:104760006E6E696E67206E72665F6466755F6D62FD
:10477000725F6972715F666F72776172645F6164A4
:1047800064726573735F736574282900436F756C79
:1047900064206E6F742070726F7465637420626F32
:1047A0006F746C6F6164657220616E6420736574F0
:1047B00074696E67732070616765732C203078258B
:1047C000782E00636F6D706F6E656E742F636F72FD
:1047D000652F6D63752F6E726635323834302F62F7
:1047E0006F6F746C6F616465722F2E2E2F2E2E2FBB
:1047F0002E2E2F2E2E2F2E2E2F65787465726E6121
:104800006C2F6E5246355F53444B2F6E5246355FC8
:1048100053444B5F31372E302E325F643637346469
:1048200064652F2F636F6D706F6E656E74732F6C80
:1048300069627261726965732F626F6F746C6F6108
:104840006465722F6E72665F626F6F746C6F616405
:1048500065725F6170705F73746172745F66696EB8
:10486000616C2E6300436F756C64206E6F742070F2
:10487000726F7465637420536F6674446576696300
:104880006520616E64206170706C69636174696F2A
:104890006E2C20307825782E0000000000000000EB
:1048A0000338FDD870475265717565737420746F55
:1048B00020636F707920424C206661696C656400EA
:1048C0004661696C656420746F2077726974652035
:1048D000696D61676520636F7079696E67207072BA
:1048E0006F677265737320746F2073657474696E7B
:1048F000677320706167652E00536F757263652062
:104900006164647265737320646F6573206E6F7485
:1049100020636F6E7461696E20612076616C6964DA
:1049200020536F66744465766963652E004661693D
:104930006C656420746F20636F7079206669726D96
:10494000776172652E0043524320636F6D707574FA
:104950006174696F6E206661696C656420666F7250
:1049600020636F70696564206170703A20737263B0
:10497000206372633A203078253038782C207265B5
:1049800073206372633A20307825303878005344BE
:104990002B424C3A20534420636F70792066616942
:1049A0006C65640053442B424C3A20424C20636FA8
:1049B0007079206661696C6564004E6F206669726B
:1049C0006D7761726520746F2061637469766174BC
:1049D000652E0041637469766174696F6E2066614B
:1049E000696C65642077697468206572726F7220E3
:1049F0002564202862616E6B20636F64653A203005
:104A00007825782900436F756C64206E6F74207769
:104A1000726974652073657474696E67732E000023
:104A200079FA0E001FFA0E0073FF0E00E3FF0E006E
:104A300003000F006FF90E0031F90E000FFF0E009A
:104A40000000000001000100000000000100000063
:104A5000000000000200050001000000420000000C
:104A60000000000000000000000000000000000046
:104A700000000000010011000100FFFF0100000024
:104A800000000000020017000200FEFF64010000A9
:104A9000D44A0F00000000000000000000000000E9
:104AA0000000000001000100000000000100000003
:104AB00000000000020005000100000022000000CC
:104AC00000000000000000000000000000000000E6
:104AD00000000000010011000400FCFF04000000C1
:104AE00000000000020011000400FCFF04000000B0
:104AF00000000000030021000400FCFF040010007F
:104B000000000000040011000100FFFF0100000090
:104B100000000000050011000200FEFF040000007C
:104B200000000000060011000400FCFF040000006B
:104B300000000000070011000400FCFF040000005A
:104B400000000000080017000200FEFF2400000023
:104B5000A44A0F00090010000100FFFF010000003F
:104B6000844B0F000A0027000200FEFF44000300F0
:104B7000444A0F0000000000000000000000000098
:104B80000000000000000000010017000400FCFF0E
:104B900068010000744A0F00020017000400FCFFC7
:104BA000AC010000B84B0F00000000000000000046
:104BB00000000000000000000100070000000000ED
:104BC00068010000744A0F000200010000000000AC
:104BD00001000000000000000300050001000000CB
:104BE0004200000000000000000000000000000083
:104BF0000000000000000000456E746572696E6779
:104C000020444655206D6F64652E00436F756C64BB
:104C1000206E6F7420696E6974616C697A652044D6
:104C20004655207472616E73706F72743A203078DA
:104C300025303878006E72665F6673746F726167D4
:104C4000655F77726974652829206661696C65649F
:104C50002077697468206572726F722030782578C9
:104C60002E006E72665F6673746F726167655F6552
:104C7000726173652829206661696C6564207769B3
:104C80007468206572726F7220307825782E006EFD
:104C900072665F6466755F666C6173680046616921
:104CA0006C656420746F207363686564756C65203F
:104CB0006F626A65637420657865637574653A2010
:104CC000307825782E0043616E6E6F7420637265B4
:104CD0006174652064617461206F626A6563742029
:104CE000776974686F75742076616C696420696E89
:104CF000697420636F6D6D616E64004F626A6563F5
:104D0000742073697A652063616E6E6F74206265CA
:104D100020302E004F626A6563742073697A6520C3
:104D20006D757374206265207061676520616C69C0
:104D3000676E656400496E76616C69642073697A98
:104D40006520666F72206F626A6563742028746FD5
:104D50006F206C6172676529004372656174696ECA
:104D60006720746865206F626A6563742077697470
:104D7000682073697A652030782530387820776F1D
:104D8000756C64206F766572666C6F7720666972E9
:104D90006D776172652073697A652E204F66667340
:104DA00065742069732030782530387820616E640E
:104DB000206669726D776172652073697A65206912
:104DC00073203078253038782E0045726173652065
:104DD0006F7065726174696F6E206661696C65647D
:104DE00000577269746520726571756573742074FB
:104DF0006F6F206C6F6E6700496E76616C6964201E
:104E0000646174612E2065787065637465643A200E
:104E100025642C20676F743A20256400496E766102
:104E20006C6964206F626A656374207479706520B0
:104E3000696E20726571756573742E00496E7661B6
:104E40006C6964206F70636F646520726563656967
:104E50007665643A20307825782E0053636865645F
:104E6000756C65722072616E206F7574206F66209C
:104E7000737061636521006E72665F6466755F7250
:104E800065715F68616E646C657200436F756C6418
:104E9000206E6F742065726173652074686520737D
:104EA000657474696E677320706167652100436F74
:104EB000756C64206E6F74207772697465207468F5
:104EC00065204446552073657474696E677320705D
:104ED0006167652100526573746F72696E67207334
:104EE000657474696E67732066726F6D20626163AA
:104EF0006B75702073696E636520746865207365D7
:104F00007474696E6773207061676520636F6E7477
:104F1000656E74732061726520696E76616C696478
:104F20002028435243206572726F72292E00526509
:104F300073657474696E6720626F6F746C6F6164FF
:104F400065722073657474696E67732073696E632C
:104F500065206E6569746865722074686520736584
:104F60007474696E67732070616765206E6F72205C
:104F7000746865206261636B75702061726520766C
:104F8000616C69642028435243206572726F7229F4
:104F90002E004F6C642073657474696E67732070A3
:104FA0006167652064657465637465642E2055705F
:104FB00067726164696E6720696E666F2E00426178
:104FC000636B696E672075702073657474696E67B2
:104FD00073207061676520746F206164647265730B
:104FE0007320307825782E00436F756C64206E6FC7
:104FF0007420706572666F726D206261636B75708C
:10500000206F6620626F6F746C6F616465722073CD
:10501000657474696E677321204572726F723A20ED
:1050200030782578006E72665F6466755F666C61C5
:1050300073685F696E69742829206661696C6564AC
:105040002077697468206572726F723A2025780043
:105050006E72665F6466755F73657474696E67739C
:105060005F77726974655F616E645F6261636B75BF
:10507000702829206661696C6564207769746820EE
:105080006572726F723A202578006E72665F646690
:10509000755F73657474696E6773006E72665F64C2
:1050A00066755F73657474696E67735F7376636941
:1050B0000041626F7274696E672E2043616E6E6F7D
:1050C0007420666974206E6577206669726D7761F9
:1050D0007265206F6E206465766963650048616E55
:1050E000646C65723A20496E76616C6964207072F6
:1050F0006F746F636F6C20627566666572206D5F9A
:1051000070625F73747265616D0048616E646C6596
:10511000723A20496E76616C696420696E69742008
:10512000636F6D6D616E642E0048616E646C6572B4
:105130003A20496E76616C69642070726F746F6397
:105140006F6C20627566666572206D5F70625F735A
:10515000747265616D2028696E697420636F6D6D6E
:10516000616E642900424C2073697A6520282564A9
:1051700029206F766572206C696D6974202825641A
:105180002900496E6974207061636B657420646FD7
:105190006573206E6F7420636F6E7461696E207624
:1051A000616C6964206669726D77617265207369EC
:1051B0007A6500436F756C64206E6F742072756E33
:1051C00020686173682076657269666963617469D5
:1051D0006F6E20286572725F636F6465203078257A
:1051E00078292E0048617368207665726966696364
:1051F0006174696F6E206661696C65642E006D6113
:105200006A6F72006D696E6F7200536F66744465E9
:1052100076696365207570646174652069732061C7
:105220002025732076657273696F6E2075706461D6
:1052300074652E2043757272656E743A2025642E53
:10524000204E65773A2025642E00496E69742063EC
:105250006F6D6D616E64206C617267657220746839
:10526000616E2065787065637465642E00507265A8
:1052700076616C69646174696F6E206661696C65E2
:10528000642E0045786563757465207769746820BD
:105290006661756C7479206F66667365740043612E
:1052A0006E27742066696E6420726F6F6D20666F62
:1052B0007220757064617465004661696C65642074
:1052C000746F206465636F646520696E6974207013
:1052D00061636B6574006E72665F63727970746F80
:1052E0005F686173685F63616C63756C6174652886
:1052F00029206661696C656420776974682065722D
:10530000726F7220257300496E76616C6964206249
:105310006F6F742076616C69646174696F6E20745C
:105320007970653A2025640054686520536F66746F
:1053300044657669636520646F6573206E6F7420C1
:10534000636F6E7461696E20746865206D61676952
:1053500063206E756D626572206964656E7469663E
:1053600079696E67206974206173206120536F66CC
:10537000744465766963652E0054686520536F66D2
:10538000744465766963652073697A6520696E2067
:1053900074686520696E666F20737472756374201B
:1053A000697320746F6F20736D616C6C20636F6D17
:1053B0007061726564207769746820746865207311
:1053C000697A65207265706F7274656420696E20F9
:1053D00074686520696E697420636F6D6D616E64B9
:1053E0002E00546865206E657720536F667444659F
:1053F00076696365206973206F6620612064696641
:10540000666572656E742066616D696C792074687A
:10541000616E207468652070726573656E742053C8
:105420006F66744465766963652E20436F6D7061A5
:10543000746962696C6974792063616E6E6F74203F
:1054400062652067756172616E746565642E0049DE
:105450006E76616C69646174696E6720617070203A
:105460006265636175736520697420697320696E74
:10547000636F6D70617469626C6520776974682010
:1054800074686520536F66744465766963652E00A1
:105490004D616A6F72205344207570646174652099
:1054A000627574206E6F20424C2E2041626F7274C0
:1054B00020746F2061766F696420696E636170612A
:1054C0006369746174696E672074686520424C2E4C
:1054D00000426F6F742076616C69646174696F6EED
:1054E000206F6620626F6F746C6F616465722069F3
:1054F00073206E6F7420737570706F7274656420A2
:10550000616E642077696C6C2062652069676E6FDC
:105510007265642E006E72665F6466755F76616C9C
:1055200069646174696F6E00496E76616C696420AC
:105530006669726D7761726520747970652E0049B5
:105540006E76616C69642068617368207479706537
:105550002E004E6F2048572076657273696F6E2E4D
:10556000004661756C7479204857207665727369BE
:105570006F6E2E00534420726571206E6F74206D23
:1055800065742E0046572076657273696F6E2074BD
:105590006F6F206C6F772E004657207665727369A7
:1055A0006F6E206D697373696E672E006E72665F31
:1055B0006466755F7665725F76616C696461746953
:1055C0006F6E004446552072657175657374206373
:1055D0006F6D706C6574656420776974682072659E
:1055E00073756C743A2030782578004D657373615B
:1055F0006765206973206C617267657220746861E9
:105600006E2065787065637465642E004661696C10
:10561000656420746F2073656E642064617461201A
:105620006F7665722073657269616C20696E74654E
:10563000726661636521006E72665F6466755F7392
:10564000657269616C005465726D696E616C0052BF
:10565000545400534547474552001B5B313B33319F
:105660006D0025734C6F67732064726F7070656492
:10567000202825642925730D0A001B5B306D003C32
:1056800025733E2025733A200020253032780020F3
:105690002020007C002563001B5B313B33306D0014
:1056A0001B5B313B33326D001B5B313B33336D0091
:1056B0001B5B313B33346D001B5B313B33356D007D
:1056C0001B5B313B33366D001B5B313B33376D0069
:1056D0006572726F72007761726E696E6700696ED3
:1056E000666F006465627567000000007A560F00FF
:1056F00098560F005A560F00A0560F00A8560F00DC
:10570000B0560F00B8560F00C0560F00C8560F0015
:1057100000000000D0560F00D6560F00DE560F00D6
:10572000E3560F004261636B656E647320666C75AF
:105730007368656400617070000000004000012023
:105740007F000000C00001207274745F6C6F675F9F
:105750006261636B656E6400000000000000000081
:105760000338FDD87047000029230F0095230F0050
:1057700027230F0030313233343536373839414240
:105780004344454602000000000000007D270F0052
:10579000B5270F0067E6096A85AE67BB72F36E3CFA
:1057A0003AF54FA57F520E518C68059BABD9831FEC
:1057B00019CDE05B00202020202020202020282858
:1057C00028282820202020202020202020202020C1
:1057D0002020202020881010101010101010101001
:1057E0001010101010040404040404040404041031
:1057F00010101010101041414141414101010101BF
:105800000101010101010101010101010101010188
:105810001010101010104242424242420202020294
:105820000202020202020202020202020202020258
:105830001010101020000000000000000000000008
:105840000000000000000000000000000000000058
:105850000000000000000000000000000000000048
:105860000000000000000000000000000000000038
:105870000000000000000000000000000000000028
:105880000000000000000000000000000000000018
:105890000000000000000000000000000000000008
:1058A00000000000000000000000000000000000F8
:1058B0000000000000000000F0A10020232D302B8C
:1058C0002000686C4C006566674546470030313201
:1058D0003334353637383941424344454600303158
:1058E00032333435363738396162636465660000B7
:0458F00000000000B4
:0858F400D1970E00C1970E00D0
:1058FC00D5860E00D1860E00858B0E00CD8C0E0049
:08590C0015950E0041920E00FA
:0C591400000000000300000085EC0E0005
:105920005B450F000000000061450F000000000013
:1059300065450F00000000006A450F0000000000F0
:1059400070450F000000000035570F0000000303F2
:10595000023B0F00000000004C3B0F000000000065
:105960002E3B0F000000000054450F000000000017
:105970002C3C0F0000000000303A0F000000030331
:105980008F4C0F0000000303774E0F00000003034D
:1059900037560F000000030380380F000000030398
:1059A0003A370F00000003038A500F000000030382
:1059B0009B500F000000030315550F000000030368
:1059C000AC550F0000000303BE3D0F0000000303B1
:1059D000DC430F000000000098440F0000000000AE
:0859E0003C450F00000000002F
:1059E80058A300206CBB00206FBB002060A30020E0
:1059F8000408000010BC002030BF002036BF002083
:105A080018BC002084000000ACBF0020E8CF0020B4
:105A1800F9CF0020B4BF0020F400000050FB0020A4
:105A280018FC002020FC002058FB00201800000073
:105A380068570F000000000048570F00E4A100203D
:085A4800118E0E0000000000A9
:085A500055BB0E000000000030
:105A58001DBD0E000000000055C50E00000000002E
:085A6800D9C60E000000000089
:105A70004DC30E000000000041C20E0000000000F7
:105A800011BD0E0000000000B9C40E0000000000AF
:085A9000A3C60E000000000097
:085A9800A827FF7F01000000B8
:105AA0000090D00310000000000000000020004023
:105AB000000000000020004000000000FF00FFFF89
:105AC00000000000959B0E00000000000000000098
:105AD00000000000000000000000000000000000C6
:105AE0000000000001000000B8A10020010000003B
:105AF00000E00F0000000000FF000000F0A1002007
:105B00000000000000000000000000000000000095
:105B10000000000000000000000000000000000085
:105B20000000000000000000000000000000000075
:105B30000000000000000000000000000000000065
:105B40000000000000000000000000000000000055
:105B50000000000000000000000000000000000045
:085B600025820E0001820E00F7
:105B6800000000000000000089000F000010000085
:045B78000000100019
:10D800005255495F424F4F545F302E375F6E52463C
:10D810003532383430000000000000000000000005
:020000020000FC
:020000041000EA
:0410140000800E004A
:0410180000E00F00E5
:04000003F00027459D
:00000001FF
