:02000002E0001C
:10000000000004208DA60E00B5A60E00B7A60E00B7
:10001000B9A60E00BBA60E00BDA60E000000000093
:10002000000000000000000000000000A16C0E00B5
:10003000C1A60E000000000000000000000000004B
:10004000BD4B0E00C3A60E00CD4B0E00C3A60E0086
:10005000C3A60E00C3A60E00C3A60E00C3A60E00C4
:10006000C3A60E00C3A60E00C3A60E00C3A60E00B4
:10007000C3A60E00C3A60E00C3A60E00C3A60E00A4
:10008000C3A60E00C3A60E00C3A60E00C3A60E0094
:10009000C3A60E00C3A60E007D410E00C3A60E002F
:1000A000C3A60E00C3A60E00C3A60E00C3A60E0074
:1000B000C3A60E00C3A60E00000000000000000052
:1000C000C3A60E00C3A60E00C3A60E00C3A60E0054
:1000D00091710E00C3A60E00C3A60E00D1670E00DC
:1000E000C3A60E00C3A60E0025AA0E000000000045
:1000F00000000000C3A60E0000000000C3A60E0012
:1001000000000000000000000000000000000000EF
:1001100000000000000000000000000000000000DF
:1001200000000000000000000000000000000000CF
:1001300000000000000000000000000000000000BF
:1001400000000000000000000000000000000000AF
:10015000000000000000000000000000000000009F
:10016000000000000000000000000000000000008F
:10017000000000000000000000000000000000007F
:10018000000000000000000000000000000000006F
:10019000000000000000000000000000000000005F
:1001A000000000000000000000000000000000004F
:1001B000000000000000000000000000000000003F
:1001C000000000000000000000000000000000002F
:1001D000000000000000000000000000000000001F
:1001E000000000000000000000000000000000000F
:1001F00000000000000000000000000000000000FF
:1002000010B5054C237833B9044B13B10448AFF350
:1002100000800123237010BD6CA2002000000000AC
:1002200060D80E0008B5034B1BB103490348AFF378
:10023000008008BD0000000070A2002060D80E0001
:10024000A3F5803A704700BF174B002B08BF134B34
:100250009D46FFF7F5FF00218B460F461348144AD1
:10026000121A0AF061FC0E4B002B00D098470D4B80
:10027000002B00D098470020002104000D000D48FD
:10028000002802D00C48AFF300800AF0F1FB2000F8
:10029000290000F073F80AF0D7FB00BF0000080047
:1002A0000000000000000000000004206CA20020FC
:1002B000702601200000000000000000BFF34F8FF7
:1002C0000549064BCA6802F4E0621343CB60BFF3F2
:1002D0004F8F00BFFDE700BF00ED00E00400FA050E
:1002E00008B550B9012001F086F94FF08043D3F8EA
:1002F0001824D2035CBF01229A6008BD08B509F03A
:1003000031FF09F097FD0028FBD1054D642445F02D
:1003100001054FF47A40A847013CFAD1FFF7CEFF20
:1003200070B50E0007B51346064C074A0091A41A93
:10033000E40824040246054944F0010009F0DBFE0C
:10034000FFF7DCFFB8D80E0090D80E009CB40E006A
:1003500007B50B46064C07490092641AE4082404CA
:100360000246054944F0010009F0C5FEFFF7C6FF4B
:10037000B8D80E0090D80E00C0B40E0010B54FF0E3
:100380001023D3F8043303F00703052B4FF00103C8
:100390001AD0304AC2F80435D2F80034002BFBD012
:1003A0004FF01021D1F8043323F0070343F0050385
:1003B000C1F804330023C2F80435264AD2F80034C9
:1003C000002BFBD0FFF77AFF4FF08042C2F8783560
:1003D00007F0EAF84FF48051002006F0F3FD18B161
:1003E0001D4AAF21FFF79EFF1C48C0F57E2106F095
:1003F000E9FD10B1184AB121F4E74FF40041184863
:10040000184C09F0C7FC09F0C1FE174B1749E41A54
:10041000E408240444F0030009F056FE09F00AFD44
:100420000028FBD1124806F0AFFC10B10A4ABA21ED
:10043000D8E709F0FFFC0028FBD10E4944F0010089
:1004400009F042FE09F0F6FC0028FBD1024AC12166
:10045000C8E700BF00E00140F7B40E0000000E0046
:1004600051720E00B8D80E0090D80E0025B50E00BF
:10047000E1020E0041B50E004FF08053D3F8302159
:10048000082A03BFD3F83401B0FA80F040090020F5
:100490007047000008B5674B0222C3F8842C4FF068
:1004A00080430022C3F80C21C3F81021C3F838257B
:1004B0004FF0805203F54043D2F80414C3F82015DE
:1004C000D2F80814C3F82415D2F80C14C3F8281570
:1004D000D2F81014C3F82C15D2F81414C3F8301540
:1004E000D2F81814C3F83415D2F81C14C3F8401508
:1004F000D2F82014C3F84415D2F82414C3F84815D0
:10050000D2F82814C3F84C15D2F82C14C3F850159F
:10051000D2F83014C3F85415D2F83414C3F8601567
:10052000D2F83814C3F86415D2F83C14C3F868152F
:10053000D2F84014C3F86C15D2F84424C3F87025DF
:10054000FFF79AFF18B13C4B3C4AC3F88C26FFF7E3
:1005500093FF18B13A4BFB22C3F81825FFF78CFF25
:1005600070B14FF080414FF08053D1F8E42ED3F8B2
:10057000583222F00F0203F00F031343C1F8E43E98
:10058000FFF77AFF20B12F4B4FF40072C3F84026DB
:100590004FF08043D3F80024D20744BF6FF001022C
:1005A000C3F80024284AD2F8883043F47003C2F814
:1005B0008830BFF34F8FBFF36F8F4FF01023D3F806
:1005C0000022002A03DBD3F80432002B2EDA1F4B63
:1005D0000122C3F80425D3F80024002AFBD04FF0F1
:1005E00010221221C2F80012D3F80024002AFBD0F6
:1005F0004FF010231222C3F80422144BD3F8002426
:10060000002AFBD00022C3F80425D3F80024002AD6
:10061000FBD0BFF34F8F0C490D4BCA6802F4E06268
:100620001343CB60BFF34F8F00BFFDE7094B0A4A6E
:100630001A6008BD00A00740005000404881030038
:1006400000F000400090024000ED00E000E00140BA
:100650000400FA0590A100200090D003002070470C
:1006600010B50446214802F0E8FF214B1F481C60EA
:1006700002F0FAFF58B91F4B1F482049C01AC008A2
:10068000000440F0010009F01FFD032010BD1C4BC9
:10069000002140F603020330C3E9021258601970CA
:1006A000184B194959601949C3E90212184A1A61CD
:1006B000184A5A6103F0E0FE852801D00028E5D1F0
:1006C000002004F01DF80028E0D102F0F1FD1248EE
:1006D00001F03CFA0028D9D1104801F0E5FA0028D1
:1006E000D4D1BDE8104001F0A3BA00BF58D90E0024
:1006F00054A3002090D80E0010D90E0076B50E003D
:10070000F8BB0020E0BB00202D070E0021070E00E3
:1007100088BB00206CD80E00C4B60E00A0B60E0038
:10072000011F014802F0C6BF58D90E0013B5074C8F
:100730000A4601AB0146204603F002FE019A044836
:10074000214602F01DFA02B010BD00BF6FBB0020B1
:10075000A0B60E00083810B506283ED8DFE800F035
:10076000081E2F3D3D3D0400BDE8104001F080BA59
:100770001A4B1B481B49C01AC008000440F0030074
:1007800009F0A2FC05F036FD08B901F06FFA164B2E
:100790001B6813B30120BDE8104018470F4B1048E9
:1007A0001249C01AC008000440F0030009F08CFC94
:1007B00001F070FA0C4B1B687BB10220EBE7074B92
:1007C00007480B49C01AC008000440F0030009F0B4
:1007D0007BFCBDE8104001F04DBA10BD90D80E0072
:1007E00010D90E0097B50E0054A30020AAB50E0034
:1007F000BCB50E0001F0B6BB08B503781BB9BDE867
:10080000084001F0AFBB094A042101F015F858B1C6
:10081000074B08480849C01AC0080004BDE8084052
:1008200040F0010009F050BC08BD00BFF5070E0004
:1008300090D80E0010D90E00C6B50E002DE9F04379
:100840008BB0A1B102296FD164496548012202F041
:10085000B9F9644B6449024664481B1ADB081B045F
:1008600043F002000BB0BDE8F04309F031BC5D4C31
:100870005E4B5F4DDFF86481E41AE408240444F021
:1008800001042B785B4E5C4F98F800103F2B84BF1F
:1008900000232B702B7830465A1CF9542A7003F031
:1008A00083FD814660B95548D6E9011208F094FFEE
:1008B000534802F0D9FEA8B95249204609F004FC79
:1008C00047480122414602F07DF90028D9D02B7813
:1008D000FA1812F8012C0D2A01D00A2A24D100227C
:1008E000002408E00330C6E9010986F80090E7E734
:1008F000C3B20122FC54581E395C0D29F8D00A29D4
:10090000F6D002B12B7040493B480AF049F970B962
:100910003E490B22324802F033F937484022002189
:100920000AF002F900232B700BB0BDE8F0833849C0
:1009300031480AF035F948B136492F480AF030F904
:1009400020B135492C480AF02BF9D8B900211D22D5
:1009500002A801910AF0E8F830480AF043F92F495B
:10096000024601A80AF0B8F82C480AF03BF90AAB95
:1009700018440A2300F8243C01A80AF033F901A91D
:100980000246C7E726491C480AF00AF920B1254962
:1009900019480AF005F960B9BFF34F8F2249234B7C
:1009A000CA6802F4E0621343CB60BFF34F8F00BF0D
:1009B000FDE71F49104803220AF07EF828B91D48B8
:1009C0000AF010F91B490246A4E71B490A48032212
:1009D0000AF072F80028F2D09FE700BFA0BB002009
:1009E000A0B60E0010D90E00E4B50E0090D80E008F
:1009F00088A20020F8BB002014A30020E0BB002048
:100A000058D90E000AB60E0025B60E0033B60E00F9
:100A10003FB60E004AB60E0053B60E0000D80F00C7
:100A200060B60E0067B60E0000ED00E00400FA05A7
:100A300070B60E0074B60E0086B60E00011F014897
:100A400002F038BE6CD90E000648074A0378074901
:100A5000D35C012213B1043004F092BE0C3004F0D8
:100A60008FBB00BF98A10020CC08012062E40020C9
:100A7000F8B50378012B04460F4602D0022B2DD087
:100A8000F8BD037ADBB143681E4D1978284603F0A0
:100A90008BFC064698B9D5E90112384608F09CFE51
:100AA000194802F0E1FD194B194A9B1ADB081B0497
:100AB000044640B9174943F0010009F005FBBDE8C1
:100AC000F840FFF7C1BF0246134943F00300033467
:100AD00009F0FEFAC5E901462E70F0E742680C4BBA
:100AE0000A4812780D49C01AC0080004237A40F061
:100AF000030009F0F6FAE068094ABDE8F8409821D9
:100B0000FFF710BC7CE400206CD90E0008D90E0061
:100B100090D80E00D0B60E00EAB60E00FEB60E005B
:100B20001BB70E002DE9F041DFF8008198F8003086
:100B300088B0002B5BD12F4F38602F4802F07DFD2D
:100B40000446002839D12C482C4E02F08DFD2C4B48
:100B5000DFF8DCC01C7040F603020330C3E9010477
:100B6000DA60284BCCF80430274BCCE90232274B13
:100B7000CCF81030264BCCF814300FCE6D460FC594
:100B800096E80F0085E80F0014221323CDE9002317
:100B90002048214ACDF810C06946CDE9024403F04F
:100BA0003BFE044668B11D481D4B1E49C01AC008D3
:100BB000000440F0010009F087FA204608B0BDE8C3
:100BC000F081FFF741FF044648B11448144B164921
:100BD000C01AC008000440F0010009F075FA3B6833
:100BE000012088F80000002BE7D09847E5E70024B3
:100BF000E3E700BF0CBC00206CD90E0004B80E0067
:100C00007CE40020350C0E003D0A0E004AE4002072
:100C100074D80E0098A10020710A0E0008D90E00A9
:100C200090D80E00BDB70E00D6B70E0008BC00204D
:100C300064E400201FB504460A460020019202F039
:100C400085FE0128019AF8D003AB2146094803F03C
:100C500077FB0948094A03780649D35C9DF80C20C4
:100C600023B1043004F03AFD04B010BD0C3004F0A0
:100C700037FAF9E731E4002098A10020CC080120E0
:100C800010B50B4C237863B10A4B984209D00A483F
:100C90000A4A0378D35C33B1043004F097FC002394
:100CA0002370002010BD0C3004F0AEF9F7E700BF50
:100CB00008BC002074D80E0098A10020CC080120A8
:100CC0006CDF70476DDF704772DF704773DF70470E
:100CD00074DF704775DF704776DF70477ADF7047E3
:100CE0007CDF70477DDF70477FDF704786DF7047AE
:100CF0008FDF704790DF7047A8DF7047AADF70472B
:100D0000ADDF7047AEDF7047B0DF7047B1DF7047CF
:100D1000B5DF704762DF704766DF704713DF7047EB
:100D20000146014802F0C6BC80D90E0070B51822F9
:100D30008CB000210DEB020009F0F6FE2823089389
:100D400016231E4CADF806300023CDE9033305937E
:100D50000223062223702371592301250926A2703C
:100D600063710322FE236570E270A3710DF1060129
:100D7000A0198DF818508DF82D500294ADF80C6024
:100D8000FFF7B0FFB8B9BDF8063026725A19E27104
:100D9000BDF80C200A4C134402A906AA2046ADF85F
:100DA0000C30FFF791FF30B92078FFF791FF2078E2
:100DB0002946FFF78BFF0CB070BD00BF0AF500207D
:100DC000ACA10020F0B50388232B8BB0044635D8A6
:100DD0000F2B04D8012B00F044810BB0F0BD103B69
:100DE000132BFAD801A252F823F000BF6D0E0E00AB
:100DF000A50E0E00DB0D0E00B30F0E009F110E00AE
:100E0000DB0D0E00DB0D0E00DB0D0E00DB0D0E000A
:100E1000DB0D0E00B9110E00DB0D0E00DB0D0E0018
:100E2000DB0D0E00DB0D0E00EF0F0E00DB0D0E00D4
:100E300023100E00DB0D0E00930F0E00503B9AB2F4
:100E4000062ACAD8062BC8D801A252F823F000BF40
:100E5000D70E0E007B100E00B9110E00DB0D0E0038
:100E6000DB0D0E00490F0E0043100E009D4D8388D0
:100E70002B809D4B1B680BB1012098479B4928880C
:100E8000FFF728FF0028A8D0994A9A4B9A499B1A45
:100E9000DB081B04024643F001000BB0BDE8F04044
:100EA00009F016B98F4B4FF6FF721A80934B1B68EF
:100EB0005A0707D4FFF73AFF20B1914A40F29D212B
:100EC000FFF730FA884B1B68002B86D002200BB04E
:100ED000BDE8F04018478B4EE288B3889A427FF411
:100EE0007CAF894802F0C0FB054660B9804B814861
:100EF0008649C01AC008000440F002000BB0BDE8EB
:100F0000F04009F0E1B8228A04F1120109F0E4FD91
:100F10001822002104A809F007FE08238DF81030DC
:100F20007B4B06937B4B0596CDE9073504A8238AB6
:100F3000ADF8243007F068FB00283FF44EAF72484C
:100F4000294602F0B7FB48E7E188F6291FD8CB1EF7
:100F50009B070DD0CB1F9BB2013B5A4202F003020C
:100F600003F0030301F1FF3158BF5342C91A89B29C
:100F70005C4B1888FFF7CCFE00283FF42EAF604A88
:100F800040F2CF210BB0BDE8F040FFF7CBB9F7211D
:100F9000EEE70022808804A9CDE90422FFF7AAFE2B
:100FA00000283FF41AAF564A40F2DE21FFF7BAF9A3
:100FB00013E74C4C02230493208802AB04AA42F6A8
:100FC00005210593FFF79CFE20B14D4A40F2F72121
:100FD000FFF7A8F9002320881A468521FFF784FE31
:100FE00000283FF4FAAE464A40F2FF21DEE73D4BCF
:100FF00000F108011888FFF76DFE044600283FF451
:10100000ECAE3B483B4B44491B1ADB081B04224611
:1010100043F0010009F05CF8394A4FF4477120466B
:10102000B0E7002380888DF8103004A98DF81130C6
:10103000FFF75EFE00283FF4D0AE314A4FF44D7109
:10104000B4E7A379002B7FF4C8AE264B1321188890
:10105000FFF742FE00283FF4C0AE294A40F23D317E
:1010600090E7204B00211888FFF756FE00283FF438
:10107000B4AE234A4FF4517184E7A379002B3FF4B7
:10108000ACAE022B7FF4A9AE1E4D2189AA899142F4
:101090007FF4A3AEA27B012A7FF49FAE4FF480328F
:1010A0000592228A0F4EADF81820628AADF81A20F8
:1010B00004F11402079201AF298A3088049302AA2E
:1010C00002930397FFF71CFE40BB384608F0B6FAC0
:1010D00020BB40F2FD133088ADF8143004A9FFF7AF
:1010E00013FE7AE6AEA1002030F50020C6B90E004E
:1010F00090D80E00E8D80E0024B80E002CF5002081
:1011000052B80E00F6F4002080D90E00E9B80E00A7
:1011100099120E00210D0E0008B90E00002304A93B
:101120003088ADF81430FFF7EFFD014600287FF45A
:1011300054AE182204A809F0F7FC237D254A8DF847
:101140001030022B0595069222D0062B10D0012BD1
:1011500010D1214B1A88214B1A80637DD4F81620B8
:101160000893012B099205D11D4807F095FC01E079
:10117000637D089304A807F047FA00283FF42DAEDA
:10118000184A194B19499B1ADB081B04024682E6D0
:10119000114AB4F815301380104A1380EAE700238F
:1011A00080881A461946FFF7A1FD00283FF415AEC6
:1011B0000F4A40F26B31E5E60023A0881A46194633
:1011C000FFF7A4FD00283FF408AE094A40F276314B
:1011D000D8E600BF99120E0034F5002036F5002045
:1011E0007CD80E0090D80E00E8D80E003DB90E0055
:1011F00052B80E0038B5134A1368D90701D400203D
:1012000038BD11498842FAD0104908884FF6FF715D
:10121000884211D043F0040313211360FFF75CFDF3
:101220000028EDD10A4DC82445F001054FF47A405D
:10123000A847013CFAD1E2E7064B1878BDE83840F0
:10124000FFF746BD2CF500207CD80E00AEA1002093
:10125000C0B90E00ACA100207FB50023CDF80B3043
:101260008DF80F300A4BADF806109B89ADF80830A9
:1012700001238DF80A300DF10603CDE90430054B4A
:1012800002A91888FFF73EFD07B05DF804FB00BF18
:10129000F6F40020AEA1002010B5044686B000216F
:1012A0000D2202A8019109F03FFC2378082B0BD1F5
:1012B0003C4A3D4913880988013B9BB2138031B3F6
:1012C0002BBB032311802370637822788DF80520CF
:1012D0006021012B8DF804108DF8063019D03349A8
:1012E0003348401AC0080004324940F0020008F0B8
:1012F000F8FE63780B2B12D106F0DCFE8DF80700A8
:10130000002006F0D1FE042101A8FFF7A5FF06B0DA
:1013100010BD062A05D0082A29D0032A27D0032188
:10132000F2E7E1688DF80710D4E90123080A8DF887
:101330000800080C090E8DF80A10110A8DF80B2010
:101340008DF80C10110C120E8DF80E201A0A8DF863
:101350000F308DF810201A0C1B0E8DF80D108DF823
:1013600009008DF811208DF812300F21CCE7D4E957
:101370000123110A8DF807208DF80810110C120EA8
:101380008DF80A201A0A8DF80B308DF80C201A0CF3
:101390001B0E8DF809108DF80D208DF80E300B21E5
:1013A000B2E700BF36F5002034F5002090D80E00DB
:1013B000E8D80E0071B90E002DE9F0413E4B94B013
:1013C00005464FF6FF721A8001204FF659632A46F0
:1013D00002A98DF80A00ADF80830FFF78DFC04462D
:1013E000002865D1354B04AA03F11007164618688A
:1013F0005968144603C40833BB422246F7D1A91CDE
:101400003046FFF787FC0446002851D101461C22D4
:101410000DA809F089FB9DF834308DF8044043F0A5
:1014200004038DF834300223ADF80C30AB788DF81E
:101430000E3003238DF80630F423CDE90A44ADF8CD
:101440002C302B464FF0110833F8040B0C9403AFEB
:1014500001AE08AA0DA98DF8058008970996FFF737
:101460004DFC044620BB01461C220DA809F05CFB84
:1014700018238DF834300123ADF80C30AB788DF89B
:101480000E3013238DF806301723CDE90A44ADF84A
:101490002C302B4608AA33F80C0B8DF804400DA90C
:1014A0000C94CDE908768DF80580FFF727FC0446FB
:1014B000204614B0BDE8F081AEA10020ACB90E000A
:1014C00030B5334C236813F0010585B05DD1314B45
:1014D0001860314802F0B1F8029506F006FE0028C7
:1014E0004CD12E48FFF71AFC002847D102F0AEFD80
:1014F000002843D102A802F081FE00283ED102A9B3
:10150000012002F085FE002838D102A802F0E8FE92
:10151000002833D107F080FA30B1214807F070FA83
:10152000236843F002032360112302A88DF80430DE
:10153000FFF7C8FB10BB9DF8093002A801338DF8F6
:101540000930FFF7BDFBC8B923689B0718D51449BC
:101550008869043182B201A8FFF7C2FB70B9114853
:10156000FFF7BCFB50B91048FFF726FF30B9FFF773
:10157000DDFB18B9236843F00103236005B030BDDB
:101580000A4809F02FFB0949E4E70020F6E700BF0D
:101590002CF5002030F5002080D90E0000000E0050
:1015A0008CE40020C6B90E00F6F4002098B90E00B5
:1015B000074B1B5C1F2B86BF064903F01F034FF030
:1015C000A041012202FA03F3C1F80835704700BFB9
:1015D000CEB90E000003005008B50020FFF7E8FF69
:1015E0000120FFF7E5FF0220FFF7E2FFBDE808401A
:1015F0000320FFF7DDBFC20710B504460CD54FF03E
:10160000A0430322C3F83427C3F83827C3F83C2784
:10161000C3F84027FFF7E0FFA3070AD54FF0A04328
:101620000C22C3F82C27C3F83027C3F86027C3F86F
:10163000642710BD0E4B984214D00AD8B8B10D499A
:1016400048F2165248F20153884214BF1046184619
:101650007047094B984208D0084948F2165248F2A0
:101660000353F1E748F20350704748F202507047C5
:101670000102F0000002F0000202F0000F02F00090
:1016800008B5083009F074F8BDE80840FFF7D2BF8C
:1016900013681F2B2DE9F34106460F46144620D947
:1016A000DFF84C800121404601F068FF0546BFF39A
:1016B0005F8FC8B900F07CF8394606F1080009F0E0
:1016C000C3F8019000F082F8BFF35F8F0198C8F86B
:1016D0000050FFF7AFFF08B92023236002B0BDE838
:1016E000F08148F21450F9E748F20450F6E700BFE1
:1016F000380501202DE9F04105460E461948012123
:10170000144601F03BFFBFF35F8F38BB00F050F889
:10171000DFF854800835B4F5805F274628BF4FF4C2
:10172000805731463A46404609F0D6F93A46414696
:10173000284609F037F8E41B3E4468B9002CEAD18A
:1017400000F044F8BFF35F8F064B00221A6020467A
:10175000BDE8F041FFF76EBF0446F1E748F20450E0
:10176000BDE8F0813805012038F50020024B00204B
:10177000C3F80005704700BF00A0025038B50A4BFF
:1017800000251D60BFF35F8F084C0123C4F80035AE
:1017900009F08AF8C4F8005520B1052848F2035032
:1017A00018BF032038BD00BF3805012000A002503B
:1017B000044B0122C3F80025034B4FF480625A60AA
:1017C000704700BF00A0025000E100E0064B00227D
:1017D000C3F80025054B4FF48062C3F88420BFF3A3
:1017E0004F8FBFF36F8F704700A0025000E100E001
:1017F0004B1C30B5DB00044612F003009BB20DD148
:10180000074D2A601A44074B1A60074B1870074BA4
:101810001870074B1C80074B198030BD0720FCE770
:1018200044050120400501203C0501204C05012014
:10183000480501204A0501202DE9F347DFF8C08063
:10184000B8F800308B4206460D4617464CD30024AC
:101850000DF107008DF8074001F090FD244B254A5B
:1018600025481B78008892F800C084455FFA8CF107
:1018700038BF4C1CDBB238BFE4B2A3422ED0147880
:101880001178CBB2884286BF0133DBB200231370DC
:101890009DF8070001F096FD4FF6FF739C4225D09E
:1018A000DFF86090D9F800204FEAC40A42F834709B
:1018B00002EBC403AEB1A5B1104BB8F800001B6831
:1018C0002A4604FB0030314609F006F9D9F8003009
:1018D000534400209D8002B0BDE8F0874FF6FF74AE
:1018E000D6E700209880F6E70920F4E70420F2E725
:1018F0004C0501203C0501204A050120400501203E
:10190000480501204405012070B5104C104D227887
:101910002B789A4200D170BD0E480F4A2378126886
:1019200006880E4802EBC301006852F8332089880C
:1019300003FB060090470A4922780988D3B29142F6
:1019400086BF0133DBB200232370E0E74C050120A2
:101950003C050120480501204405012040050120E7
:101960004A05012043681B6818470000024B5B686A
:1019700003B11847704700BF50050120020600F070
:101980000F034CBF02480348DB001844704700BFF8
:101990005C050120A405012008B5FFF7EFFF0160F9
:1019A00009B14B681968416008BD0000024B01464F
:1019B000D3E90002104700BFA405012038B5831EFB
:1019C000DBB2062B98BF1A4A1A4D98BFD25C2B780F
:1019D000A3F10203DBB288BF0022062B9ABF144991
:1019E000CB5C00239342044603D0B2B1124802F00C
:1019F000B9FD022C14D0A4F10800424242412B78D8
:101A0000022B0FD0A3F108014B424B41934202D06D
:101A100052B104F039FC2C7038BD02F0DDFDE8E76E
:101A20000122ECE70123F1E704F024FCF3E700BF17
:101A30007BBA0E00F5050120B0A100202DE9F04F82
:101A400087B000260546884691461F4602966B6879
:101A500000225C682946012302A8A047044638B941
:101A60008DF8060004908246564503D8052028E0EC
:101A70000136ECE76B680DF10602D3F804B0294695
:101A8000012304A8D8476B680DF10702D3F804B00E
:101A90002946012304A8D8479DF8073043459DF8FF
:101AA000063013D14C450FD1109A13603B7087F864
:101AB00001806A68023B54682946BA1C04A8A04702
:101AC000002007B0BDE8F08F0134E4B26A68023B41
:101AD000D2F804B02946002204A8D8479DF8063061
:101AE0009A44C1E70378052B0BD1074AD2F8843416
:101AF000D2F88024D2B222B9044ADBB2052B08BF47
:101B00001046034B1B6818470070024094BA0E0041
:101B100050050120FFF7E6BF012805D0022805D0B7
:101B200030B90448FFF7DEBF0348FBE70348F9E795
:101B3000704700BF90BA0E008CBA0E0088BA0E0033
:101B40000148FFF7CFBF00BF98BA0E002DE9F74359
:101B500005462D4804F0AEFB044600284FD12B4B20
:101B600018702B4B18602B4B0146186048222A48EE
:101B700008F0DAFF29484822214608F0D5FF284B13
:101B8000ADB9284A1D72C3E90025002002F0B8FD56
:101B900030B1852804D0244A40F25F31FEF7C2FB01
:101BA000224F002697F8089007F1090814E095E8FD
:101BB000070083E807000028E7D11A4A1A60E4E723
:101BC000A37823443946985CFFF7E6FE0135637835
:101BD000EAB29342F4D80136F4B2A14504D904EB39
:101BE000440444440025F2E70B2310488DF80430E8
:101BF00001A9FFF7B7FE044608B104F023FA204616
:101C000003B0BDE8F08300BF151B0E00F5050120F1
:101C1000EC050120F00501205C050120A405012050
:101C200050050120651F0E00ECB90E00CCBA0E0065
:101C300010B504F0D7FA10B90823184610BD04F007
:101C4000D9FA04460028F7D1064802F08DFD034674
:101C50000028F2D0044A40F2C231FEF763FB23466B
:101C6000EBE700BF84BA0E00ECB90E0004F0F4B943
:101C700004F03CBE4FF08043D3F83824920702D5DD
:101C80000348FFF72FBFD3F83824D107F4D47047A7
:101C90009DBA0E0007B5822301A88DF80430FFF726
:101CA00021FF03B05DF804FB2DE9F74300F10901C2
:101CB00090F80890054600270E46FBB24B452AD205
:101CC00091F801800024E3B298450AD98B780A196B
:101CD0000134D05CFFF752FE0368002BF3D01120D3
:101CE00028E001370331E8E7A27823442946985CCD
:101CF000FFF752FE01376278FBB29A42F4D808F13E
:101D000001082B7A5FFA88F4A34216D904EB440445
:101D100034440027EFE74FF00008F2E713681A6831
:101D2000002AFBD11D6001A90B2328468DF8043041
:101D3000FFF718FE03B0BDE8F083014BEFE700BFEB
:101D4000EC050120024B1878003818BF01207047BD
:101D5000F4050120030710B5044604D404F0CEFBBB
:101D6000204604F091FE2046BDE8104004F036BE47
:101D700004F002BE014B1868704700BFEC0501205B
:101D8000F0B50A4B0246186878B1057A0023861D23
:101D9000DCB2A54201D80368F5E7013303EB430742
:101DA000F75D9742F4D101B10C70F0BDEC05012054
:101DB0001146FFF7D7BD08B500F00F03082B07D871
:101DC000FFF7DCFD006818B1BDE80840FFF7CABDA9
:101DD000102008BD38B5054B05461C6804B938BD50
:101DE00029462046FFF7BEFD2368F6E7EC050120F3
:101DF00038B5074B05461C680CB9062038BD294686
:101E00002046FFF7AFFD0628F8D12368F3E700BFAF
:101E1000EC05012013B50446019104F091FA50B18C
:101E2000064B1B78022B06D10199204602B0BDE873
:101E3000104004F095BA082002B010BDF50501204D
:101E400013B50446019104F07BFA50B1064B1B78A0
:101E5000022B06D10199204602B0BDE8104004F0E3
:101E6000F9BA082002B010BDF5050120F8B54368A5
:101E70009B6805460C46164613B92EB1072002E0B2
:101E800098470628F9D0F8BD2B7AA34213D9093513
:101E900004EB44042C446778F3B29F4201D800203D
:101EA000F1E762789A4208D9A219A378D05CFFF7CB
:101EB00051FF0136F0E77378FFDE00231B78FBE764
:101EC00070B54368DB6805460C4603B198472B7A2A
:101ED000A34213D9093504EB44042C440025667849
:101EE000EBB29E4200D870BD62789A4209D962195D
:101EF000A378D05C04F040FD0135F1E700235B7866
:101F0000FFDE00231B78FBE743681B6903B118471A
:101F10001846704770B5084B1C6804B970BD267A26
:101F20000025E9B28E4201D82368F5E70022204659
:101F3000FFF79CFF0135F4E7EC05012070B5084B75
:101F40001C6804B970BD267A0025E9B28E4201D81A
:101F50002368F5E72046FFF7B3FF0135F5E700BF3B
:101F6000EC05012038B503780F2B044610D9A3F1F6
:101F7000800283F08003052B00D938BD052AFCD8E8
:101F8000DFE812F067002C00490073007E00E000DB
:101F90000F2BF2D801A252F823F000BFA3200E00AD
:101FA000D3200E0033210E00F7200E0015210E0065
:101FB00045210E0057210E007B1F0E0081210E00CF
:101FC00085210E0089210E007B1F0E007B1F0E0055
:101FD0007B1F0E007B1F0E004F210E006B48FFF78A
:101FE000E5FC6A48FFF7F6FE0D20FFF7BFFCFFF7A0
:101FF000A5FF00F0DEFE664B1B6853B9654B187AEF
:1020000000F0010004F0CAF80120BDE83840FFF7F5
:10201000D5BC0120F4E7FFF791FF04F045FC002058
:10202000FFF7CCFC5C48FFF7D5FE5B48FFF7BEFC32
:102030000E20FFF79BFC594B1B78023BDBB2062BB3
:102040009BD8574AD35C002B97D0BDE8384002F0AC
:10205000C3BA524B1B78062B05D003F0FD03052BAA
:102060008BD10220D1E70820CFE74C4B1B78032B04
:1020700083D104F055FC00283FF47FAF0420C4E76F
:10208000464B1B78032B05D104F04AFC10B1042009
:10209000FFF794FC04F0B8F800283FF46EAF062078
:1020A000B3E73E4B1B78032B01D0082B02D13D48F0
:1020B000FFF758FF0020FFF759FC354B1D68002D36
:1020C0003FF45BAF28462146FFF74CFC2B685D6868
:1020D000F5E7FFF733FF00F063FE0220FFF76EFC29
:1020E0000120FFF743FC2046FFF760FC2046BDE8D7
:1020F0003840FFF76FBE294B1B78082B06D1022012
:10210000FFF75CFC04F0CAF80320EAE70520FFF7BC
:1021100055FCF9E70320FFF729FC2348FFF746FCAD
:102120002148FFF757FE1D4B1B78062B99D107203E
:102130006BE70320FFF742FC0220FFF717FC204665
:10214000FFF748FE2046BDE83840FFF72FBC0F20C0
:10215000FFF70CFCCAE78078FFF710FC21464368C4
:102160000068984700283FF408AFA07802073FF4C2
:1021700004AF03073FF501AFBDE8384004F0B0B944
:102180000820E5E70920E3E70A20E1E79CBA0E0012
:10219000F0050120500501209BBA0E00F505012035
:1021A0007BBA0E009ABA0E0099BA0E00C36903B149
:1021B0001847704703680022C3E91E22C3E92022A2
:1021C0001A845A62DA6203F134025A67704710B512
:1021D000044658B90868037B202B09D100F10E0191
:1021E0000722183008F078FC204610BD0320FCE7D9
:1021F0000620FAE74360CA699A420DD38A690260F1
:10220000C8691A448A610A6FC01A1A44C861003842
:102210000A6718BF0120704701F1280202608B672E
:1022200000207047F0B504680D7A002C00F087801C
:10223000A4F213347C2C00F222837C2C00F21F8346
:10224000DFE814F085008F009D00A900B500C100F3
:10225000CD00D9001D031D031D031D031D031D0318
:10226000EF00FB001D031D031D031D0318012401C6
:1022700032011D031D031D03450151017F011D0393
:102280001D031D031D03670173017F011D031D0352
:102290001D031D031D031D038B011D031D031D03D2
:1022A0001D039F01AB01B701C301CF011D031D0336
:1022B000DB01E701F301FF010B021D031D031C02FB
:1022C0002802340240021D031D034C02580264021E
:1022D00070027C021D031D031D031D031D031D034E
:1022E0001D031D031D031D031D031D031D031D03EE
:1022F0001D031D031D031D031D039B02A7021D03D8
:102300001D031D03C0021D031D031D031D03DD026C
:102310001D031D031D031D03DD021D031D031D03FE
:102320001D031D031D03E902F5021D031D031D030B
:102330001D0313031D031D031D031D0313030824A5
:10234000047123B940F2133303600120F0BD0AB1D8
:10235000047914700B24012B04710ED84FF44573CB
:10236000F2E700240AB10679165501340E7D067194
:102370009C4205D340F21533E6E70124F2E700243E
:102380000AB106791655013402269C42067103D320
:1023900040F21633D8E700240AB106791655013405
:1023A00002269C42067103D340F21733CCE7002487
:1023B0000AB106791655013402269C42067103D3F0
:1023C0004FF44673C0E700240AB10679165501346C
:1023D0004E7E06719C4203D340F21933B4E70024C9
:1023E0000AB106791655013400269C42067103D3C2
:1023F00040F21A33A8E700240AB1067916559D4E1B
:102400000027013437709B4E3678AE4202D340F23B
:102410009A3399E70926A342067103D840F2213383
:1024200092E700240AB106791655013404269C422D
:10243000067103D340F2223386E700240AB10679FD
:1024400016558C4E0F7A3678DFF82CC2B74204F15D
:10245000010440F2188201F1090706EB460607EB7A
:10246000060E9C42BE5DCCF800E0067103D340F23C
:10247000273369E700240AB106791655013400268E
:102480009C42067103D34FF44A735DE700240AB1FE
:1024900006791655784E36680134767806719C4276
:1024A00003D340F229334FE700240AB106791655C9
:1024B000714E0F7D36683678B74204F101041ED1A3
:1024C00002269C42067103D340F22D333CE70024E0
:1024D0000AB106791655013402269C42067103D3CF
:1024E00040F22E3330E700240AB106791655013444
:1024F0004E7E06719C4225D340F22F3324E78F7D18
:10250000B74223D10A269C42067103D34FF44D7380
:102510001AE700240AB106791655013400269C42B8
:10252000067103D340F235330EE700240AB1067971
:102530001655013400269C42067103D340F236330F
:1025400002E700240AB10679165501340026A34299
:10255000067103D840F23D33F6E600240AB106794D
:102560001655454E0F7D36683678B74204F10104A2
:1025700040F0E98005269C42067103D340F24233C5
:10258000E2E600240AB106791655013424269C425D
:10259000067103D340F24333D6E600240AB106792C
:1025A0001655013400269C42067103D34FF4517333
:1025B000CAE600240AB106791655013410269C4259
:1025C000067103D340F24533BEE600240AB1067912
:1025D0001655013401269C42067103D340F246335E
:1025E000B2E600240AB106791655013405269C424C
:1025F000067103D340F24933A6E600240AB10679F6
:102600001655013424269C42067103D340F24A3306
:102610009AE600240AB106791655013401269C4237
:10262000067103D340F24B338EE600240AB10679DB
:102630001655013403269C42067103D34FF453739D
:1026400082E600240AB10679165501348E7D0671A2
:102650009C4203D340F24D3376E600240AB106795A
:102660001655013404269C42067108D34FF4547366
:102670006AE600BFF7050120FC05012000240AB12D
:1026800006791655013424269C42067103D340F284
:10269000513359E600240AB1067916550134022651
:1026A0009C42067103D340F252334DE600240AB136
:1026B00006791655013402269C42067103D340F276
:1026C000533341E600240AB1067916550134052634
:1026D0009C42067103D340F2563335E600240AB11A
:1026E00006791655013424269C42067103D340F224
:1026F000573329E600240AB1067916550134062617
:102700009C42067103D34FF456731DE600240AB1B0
:102710000679165501340E7D06719C4203D340F2B2
:10272000593311E600240AB10679165501348E7D1D
:1027300006719C4203D340F25A3305E600240AB1E5
:10274000067916550134534E36687778524E3770F5
:10275000524E00273770514E37784F4E3678B74279
:1027600004D34F4F3E7801363E704CE60726A34215
:10277000067103D840F26E33E6E500240AB106790B
:102780001655013405269C42067103D340F26F337F
:10279000DAE500240AB1067916553E4E3F4F3668F9
:1027A0003F7896F801C0BC4504F1010470D996F851
:1027B00002C03E449C4216F80C60067103D340F2FE
:1027C0007333C1E500240AB106791655314E0F7DE9
:1027D00036683678B74204F1010406D103269C42DC
:1027E00006710DD34FF45E73AEE58F7DB7420BD10A
:1027F00002269C42067103D340F27D33A4E50024F7
:102800000AB10679165501344026A342067103D851
:102810004FF4617398E500240AB106791655013426
:1028200000269C42067103D340F285338CE50024D8
:102830000AB106791655174E0F7D36683678B742BD
:1028400004F1010407D10E6A9C42367806710DD35B
:1028500040F28A3378E58F7DB7420BD100269C4247
:10286000067103D340F28F336EE500240AB1067976
:1028700016550134094F3E7801363E706BE7002350
:102880000360184662E50023CCF800301B78FFDEB9
:102890000023FBE7FC050120F6050120F8050120D7
:1028A000F7050120037A012B08D9427B012A00F1A8
:1028B0000C0306D9827B13445878704700235B7859
:1028C000FFDE00231B78FBE72DE9F0470B7888B08B
:1028D00005460E460E2B1AD8DFE813F060004201C1
:1028E0006000600019000F00AD00190019003F01E1
:1028F000190060006000600060004A78D1094FEA6A
:10290000521335D013F0030303D0012B21D006243A
:102910001BE002F01F02012AF9D1B478062CF6D18F
:1029200005A8039300F0BCFC03AB0093F278317967
:10293000034607462846FFF781F8052805D0039A85
:102940003946701C00F050FA0446204608B0BDE835
:10295000F087B378212BDAD1B6F80720072AD6D131
:102960000168701C183108B0BDE8F04700F03CBAAF
:10297000012BCCD1B3780768202B11D0222BC6D1E4
:10298000B6F80730002BC2D13A8CB6F803303B843E
:1029900002F0010203F001018A4227D10024D4E7AA
:1029A000B6F80720072AB2D13B73B6F80730DBB27E
:1029B0007B7300240DF10B000E37CDE905730794EE
:1029C0008DF80B4000F0DAFC204605A9FFF722FA4B
:1029D000044630B9684B03A9CDE9033500F0F2F99C
:1029E00004469DF80B0000F0EDFCAEE78CB2C1F19F
:1029F0000301C9B2FFF7DAFB002CCFD12B7A012BF0
:102A000040F2B4806B7B05F10C02002B00F0B0802B
:102A1000AB7BD05C03F09EFE2846FFF743FF03F03C
:102A200099FE07F13403C7E91E44C7E920447C62DC
:102A3000FC627B6789E7037A002B00F09B80837A36
:102A400000F10901002B00F09380C27AB3788A5C10
:102A50009A42A3D01B06F77809D527B1032F14BFDC
:102A60000324002471E70121FFF7A0FB96E707F09C
:102A7000FD03012B92D0002F76D10668FFF712FFDD
:102A80003E4B059306F10C030693B46A8146C4B924
:102A9000F36FB467C6E91F43F36A63B1D6E90B016C
:102AA00006F1240383E80300F46205A94846FFF712
:102AB000C7F9044600E0746200212846FFF776FB60
:102AC00043E7D6F884A0706A544528BF544606F1FF
:102AD00034082246414607F0FFFFF36F2344C6E95E
:102AE0001F73AAEB0403B367F36A444474672BB300
:102AF00006F1240406F12C0898E8030084E803009A
:102B0000B36F706AF7621BB9736A002BCDD116E000
:102B1000B26A716F9A4214D807F0DEFFB36AB26FDF
:102B2000C6F88030D21AB267726F1A4472670021F9
:102B30002846FFF73BFBF36A002BDDD173620024CC
:102B4000BAE71A4607F0C8FFB26FB36AF2679B1A7A
:102B5000B362736A13447362D6E70321FFF726FB5F
:102B60002846FFF727FB19E70324EEE66378FFDE2C
:102B70001B78FCE75B78FAE7CF210E00F5210E0009
:102B80001FB503681B8CDC0714D5037A012B13D9FE
:102B9000437B00F10C0493B1837BE05C9306CDE9A9
:102BA00001120CBF0123002301A90393FFF732F99F
:102BB00004B010BD0820FBE700235B78FFDE1B7824
:102BC000FCE700002DE9FF410468238CDB07804609
:102BD0000F4616464BD500230DF107008DF8073040
:102BE00000F0CCFB656A002D39D1A16FB14214D33E
:102BF000616F3246384607F06FFFA36FC4F88060FC
:102C00009B1BA367636F334463679DF8070000F065
:102C1000D9FB284604B0BDE8F081C4E909764046F6
:102C2000FFF740FE134B029304F10C030646039397
:102C300069B10A463846616F07F04EFFA36FA26A7A
:102C4000D21AA262626AC4E91E531A44626202A9DD
:102C50003046FFF7F5F8051E08BF9225D5E7E36A71
:102C60001BB9C4E90B769225CFE71125CDE70825DE
:102C7000CFE700BFF5210E00002070472DE9F04F8F
:102C80002DED028B85B04B68019280460C466BB9E6
:102C90000B681B681B684BB98D683DB9C0E90055CE
:102CA000284605B0BDEC028BBDE8F08F03F014FCA4
:102CB000019BE7689F4228BF1F4604F110034FF0B5
:102CC000000A08EE103A8146564601254FB3A36824
:102CD0006168BB429B4628BFBB4629B35A4609EBF5
:102CE000060007F0F9FE00236360A268E368A2EB28
:102CF0000B02A3EB0B03A260E360A7EB0B075E44A0
:102D00000ABBBAF1000F03D0226812681268226071
:102D1000DBB12368DBB963601EB1019BB34288BF9E
:102D20000025C8E90096BBE7002BDED021684B6880
:102D300018EE100AD3F804A009EB06025B46D04750
:102D40004FF0010AD1E7002BC0D10025BEE70023D8
:102D5000029321684B680022D3F804B002A8012333
:102D6000D84708B92061B1E7A3680133A360F0E751
:102D7000084B1A7882420CD0052818BF064A1870F2
:102D800018BF137805481CBF23F002031370FFF728
:102D9000E9B870470C06012028060120DCBA0E00B5
:102DA00008B50020FEF7D6FFBDE808408020FEF7FA
:102DB000D1BF08B50020FEF7DBFFBDE8084080204A
:102DC000FEF7D6BF38B505460C4603F017FCA842FF
:102DD00003BFD4E90001034BC3E90001102008BF81
:102DE000002038BD2C0601207FB5C38893421E46C3
:102DF00028BF164693420D46144625D9802003F07D
:102E000099FAB4FBF0F202FB1044B4FA84F46409BA
:102E100000230DF1030003948DF80330CDE9015632
:102E200000F0ACFA01A98020FEF7F4FF044620B9B7
:102E300006498020FFF7C6FF04469DF8030000F016
:102E4000C1FA204604B070BD0024E1E710BB0E00BB
:102E50002DE9F04F0B780E2B89B00D4613D8A3B196
:102E6000013B0D2B11D8DFE813F012001A001600F9
:102E700010002A00FA0110001000100010001A00C3
:102E8000E401E801F801852B13D00624E1E10320D9
:102E9000FFF76EFFF9E7A84800F0C9FB08B9002466
:102EA000D7E1A64B0122DA65BFF36F8FBFF34F8FD7
:102EB000F5E7A34B1B78032BE7D10420E8E70523B4
:102EC000A04D8DF814300DF1150003F027FB002301
:102ED0002B609DF8153003F01F07032F00F262816D
:102EE000DFE817F00400FB0057013E0013F0600F0D
:102EF000C3F3411834D1DB099DF8161000F0A68009
:102F0000062916D0082900F0938049BB8E4C022276
:102F1000204607F009FE237843F0010222708B4A15
:102F20001278920744BF43F00303237002228649BC
:102F30000EE09DF81830022B16D0032B68D0012B21
:102F40000ED1BDF81B30002B00F070818049122299
:102F50000DF11500FFF748FF0446062C40F02A81CA
:102F600005A8FEF745FF12E1BDF81B60002E00F03A
:102F70005D81092E28BF0926FEF7FCFE4FF00909E6
:102F8000044674BB704C73493246204607F0A4FDDA
:102F90002771A4F80290FEF7D5FE18B1E37943F04B
:102FA0002003E371FEF7E6FE6B4BC3E900049E606D
:102FB000BDF81B20DA6003A800238DF80C3000F068
:102FC000DDF966498020FEF73BFF044620B96449DD
:102FD0008020FFF7F7FE04469DF80C0000F0F2F9A0
:102FE000BBE7CDF80C804FF0000A63680022D3F8ED
:102FF00004B02146012303A8D84730B9237A1F44DF
:103000002368D1441C68FFB2BBE70AF1010AECE770
:10301000BDF81B30002B00F00981BDF819109DF898
:10302000170000F08DF90146002899D002788FE74B
:10303000434A1278052A03D1434A1370012276E7E6
:10304000042A8DD1404B83F80080F7E7032910D084
:1030500009292CD0012983D1BDF81730012B7FF429
:103060007FAFFEF76FFE60B1384A137823F002039A
:103070000FE0BDF81730012B7FF472AFFEF762FE50
:1030800018B90F2403F0B0FAE3E0304A137843F0A4
:10309000020313702B68002B00F0C88003F0AEFA17
:1030A000044600287FF4FBAE03F05EFAD1E0244B27
:1030B0001B78043B012B01D90824E3E79DF8173066
:1030C0002BB9FEF73BFF0420FFF752FEE2E7012B8E
:1030D00056D1FEF71FFF0520F6E79DF8190003A95A
:1030E000FEF74EFE064608B91024CBE79DF80C10FB
:1030F00005AAFEF75DFE062804465BD19DF8152063
:1031000012F0600FBED10E4B9DF80C1018789DF890
:103110001630D2092CD02BB30A2BB3D10528CBD132
:1031200030460192FEF7F0FE0749019A08700DF152
:103130001500FFF759FE2AE0340601200070024016
:103140000C0601202C06012038060120280601204B
:10315000FCBA0E00DDBA0E001006012018BB0E00EE
:1031600010BB0E000528A7D14A490B800222DEE7DA
:103170000B2B87D105289FD1BDF81730FF2B01D924
:1031800007247FE79DF817203046FEF76FFE0446C0
:1031900010E09DF81900070706D19DF8153013F0CF
:1031A000600F0BD006246DE705A9FEF704FE062884
:1031B0000446F2D0002C3FF46DAF63E79DF8162073
:1031C000354B9DF819401B78012A1DD0032A0CD0DD
:1031D000002AE7D1052B02D026077FF46DAF2046E9
:1031E00003F08AF92B490880C0E72007DAD4BDF83C
:1031F0001720002AD6D1052B02D021077FF45CAF1F
:10320000204603F06DF945E72207CBD4BDF817201F
:10321000002AC7D1052B02D023077FF44DAF2046EB
:1032200003F06CF9204603F02FFC33E703F0D2F9EA
:1032300035E60020FFF79CFD31E64FF08043D3F8E0
:10324000384414F0010401D00220F3E70120FFF715
:103250008FFD204609B0BDE8F08F0120EAE7C8786D
:1032600003283FF412AE0D4E33688BB10022716813
:1032700032609847044600287FF404AF336823B1D6
:10328000AB78002B7FF40BAE0EE703F0A3F9E0E779
:103290000E24F7E6380601200C0601202C0601203A
:1032A00008B1402303600148704700BF3806012081
:1032B00070B54FF0805286B0D2F8A830D2F8A42072
:1032C00000926FEA83436FEA93430B4A0B4E9BB223
:1032D0000D2102A807F030FC02AD002402A807F07F
:1032E00081FC844201D306B070BD15F8013B06F89D
:1032F000013B0134F2E700BF20BB0E00780601203D
:1033000010B50E4B53F8204023780BB9A01C10BD0C
:103310000020FFF7C5FF013C00235A1CA15C39B90E
:10332000DBB201335B00DBB243F440730380EEE7B2
:10333000D3B220F813101346EFE700BF78BB0E009E
:10334000034608B9FFF7DCBF012807D0022805D0E3
:10335000032803D0042801D0052809D1054800EB33
:103360004303587820B1044B53F82030002BE9D1A7
:103370000020704790BB0E0078BB0E0070B5EFF3D5
:10338000108672B60C4A946801239CB993600B4B6B
:103390000B4DD3F8801029401160C3F88050D3F84A
:1033A000841051604FF0FF32C3F88420047006B9D6
:1033B00062B670BD0370FAE78806012000E100E004
:1033C000FC06FFBD10B5084B9A685AB150B9EFF32F
:1033D000108172B6054A1C6814605C68546098607D
:1033E00001B962B610BD00BF8806012000E100E00F
:1033F00030B53AB11368DB430A4D0144814204D130
:10340000D84330BD4FF0FF33F6E710F8012B53409F
:10341000082213F0010418BF2C46013A84EA530332
:10342000F7D1EBE72083B8ED10B561B1B2FBF3F44F
:1034300003FB1424A4B244B9C0E90014846082815F
:10344000C381204610BD0E20FCE70920FAE782B0B8
:1034500050E8022FC188B2EB324F4FF0000317BF84
:1034600092B241EA014142EA014104E04268B2EB12
:10347000324F08BF012340E80212002AE8D18DF83C
:1034800007309DF80730002B0CBF1120002002B040
:10349000704737B550E8013F9DB2C48925448489FF
:1034A000A54228BF2D1B0489A54202BFBFF32F8F61
:1034B000002207E0C5EA030540E80154002CE9D1E9
:1034C0004FF001028DF803200193019A0A609DF8E4
:1034D000031001F0FF0321B1006810FA82F003B07D
:1034E00030BD1846FBE70A884B889A4209D150E85C
:1034F000012FC2EA024240E80123002BF7D101204C
:1035000070470020704737B550E8023F1FFAA3F517
:10351000C488A54202BFBFF32F8F00220DE0C489EB
:1035200025448489A54228BF2D1BC3EA054540E8F0
:103530000254002CE8D14FF001028DF803200193D2
:10354000019A0A609DF8031001F0FF0321B10068A1
:1035500000EB124003B030BD1846FBE70A884B88E9
:103560009A4209D150E8022FC2EA224240E80223DF
:10357000002BF7D1012070470020704710B503469B
:1035800053E8000F0A4643E8002494F0000FF7D1F7
:1035900010BD10B5034653E8000F40EA010243E8AE
:1035A000002494F0000FF6D110BD10B5034653E887
:1035B000002F42EA010043E8000494F0000FF6D126
:1035C00010BD10B5034653E8000F00EA010243E8BE
:1035D000002494F0000FF6D110BD10B5034653E857
:1035E000002F02EA010043E8000494F0000FF6D136
:1035F00010BD10B5034653E8002F02EB010043E86D
:10360000000494F0000FF6D110BD10B5034653E846
:10361000002FA2EB010043E8000494F0000FF6D164
:1036200010BD0121FFF7B5BF0121FFF7BEBF00218B
:10363000FFF7C7BF0021FFF7D0BF10B590B1D0E9A9
:10364000012301689B1ADBB20A60013BDBB2FF2B4E
:10365000026802D10020107110BD11684C1C14606A
:103660000B70F2E70E20F7E737B5044600250DF1A1
:1036700007008DF80750FFF781FE22686168136824
:103680008B4210D9591E116013F8013C228AE5685B
:1036900002FB03552268A36811685B1A1179DBB23B
:1036A000994238BF13719DF80700FFF78BFE28463B
:1036B00003B030BD37B5054600230DF107000C46B9
:1036C0008DF80730FFF75AFE2A681368591C1160FD
:1036D000E968641A298AB4FBF1F41C709DF80700AC
:1036E000FFF770FE03B030BD13B50B46114680B92D
:1036F000104B1148114AC01A0E23C0080093104BFA
:103700000004104940F0010006F0F5FC0E2002B064
:1037100010BD4BB9074B08480B4AC01AC0080E230E
:1037200000930004064BECE703601B6802B0BDE8A1
:103730001040184790D80E0038D90E00A5BB0E00D7
:1037400061BD0E00AABB0E00D9BB0E002DE9F341EE
:1037500088B93D4B3D483E4AC01AC0080E243D4B37
:10376000009400043C4940F0010006F0C4FC2046EF
:1037700002B0BDE8F0814AB9334B3448374AC01A29
:10378000C0080E24334B00940004EBE7D0F800E0AF
:10379000BEF1000F09D12C4B2C48314AC01AC00889
:1037A00008242C4B00940004DCE74BB9264B274837
:1037B0002C4AC01AC0080924264B00940004D1E703
:1037C0004568D5F80480B3FBF8F508FB15354DB115
:1037D0001D4B1E48244AC01AC00809241D4B0094E2
:1037E0000004BFE78D0709D0174B18481F4AC01ABD
:1037F000C0081024174B00940004B3E712F0030F25
:1038000009D0114B11481A4AC01AC0081024114B94
:1038100000940004A6E7C568A9420BD34D1EEC181E
:103820000569AC4206D8DEF80C40A44602B0BDE8FB
:10383000F0416047044B05480E4AC01AC0081024E6
:10384000044B009400048DE790D80E0038D90E0088
:10385000A5BB0E004EBD0E00AABB0E0027BC0E007D
:10386000D3BB0E00E6BB0E002DBC0E0057BC0E00F5
:103870006FBC0E0092BC0E00F7B580B92A4B2B48E6
:103880002B4AC01AC0080E242A4B009400042A496F
:1038900040F0010006F02FFC204603B0F0BDD0F848
:1038A00000C0BCF1000F09D11F4B2048234AC01AA9
:1038B000C00808241F4B00940004E8E74AB91A4BDB
:1038C0001A481F4AC01AC00809241A4B0094000461
:1038D000DDE74568D5F800E00EF1FF350D4209D06F
:1038E000114B1248174AC01AC0081024114B0094FB
:1038F0000004CCE7C568A9420CD34D1E0EFB025450
:103900000569AC4206D8DCF81040A44603B0BDE817
:10391000F0406047044B05480B4AC01AC008102409
:10392000044B00940004B2E790D80E0038D90E0082
:10393000A5BB0E003BBD0E00AABB0E00D3BB0E0004
:10394000E6BB0E00B9BC0E00DFBC0E0070B550B96E
:103950000E4D0F4C0026641B1423B4FBF3F4B44249
:1039600008D1002010E00368002BF1D0BDE87040C2
:10397000DB6918472B6813B901361435EFE7DB69AB
:10398000284698470028F7D070BD00BF58A20020F5
:103990006CA20020014B43600020704774BD0E00F4
:1039A0000846704700207047024B1868003818BF5F
:1039B000012070479406012008B50248FFF73AFE3F
:1039C000002008BD9406012008B510461A4607F0ED
:1039D00083F8002008BD00002DE9F041804686B044
:1039E00011480F4616461D46FFF71BFE0446C8B990
:1039F000AA083146384600F083FF0B48FFF71AFE4D
:103A0000D8F8083053B101228DF800200C9A0592A5
:103A1000CDE90147CDE9036568469847204606B0E1
:103A2000BDE8F0811124F9E7940601202DE9F04367
:103A3000814687B014480E4615469846FFF7F1FDBB
:103A40000446F0B90746BD4215D10F48FFF7F2FD15
:103A5000D9F808305BB102228DF800200022CDE9B0
:103A60000126CDE90325CDF8148068469847204605
:103A700007B0BDE8F08306EB073000F013FF013715
:103A8000E1E71124F3E700BF9406012029DF704726
:103A900028DF704770B50668B36886B004460D46E7
:103AA00073B114220021684607F03EF8A36805931D
:103AB0002379019533B1012B0ED0B368684698473E
:103AC00006B070BD01238DF8003023690293E368CE
:103AD000039363690493F0E702238DF80030E368F1
:103AE0001B030293F5E7084670470020704700006B
:103AF000024B187A003818BF012070478408012053
:103B0000034B187A0122B0FA80F05A7440097047CA
:103B10008408012008B510461A4606F0DDFF002093
:103B200008BD000008B514220021044806F0FCFF7F
:103B30000348FFF78CFC002008BD00BF840801206B
:103B40007408012010B5094C094B43602046FFF76B
:103B500068FD48B900F0F8FA064920741C230648AD
:103B60004FF4EE72FFF760FC002010BD84080120C6
:103B7000A0BD0E00980601207408012038B5234D21
:103B8000234C2B7A3BB923492348FFF7BCFC206028
:103B900008B9686038BD022324682B72237973B199
:103BA000012B24D020460321FFF774FF00232B7242
:103BB0006B6018491848BDE83840FFF7CFBCD4E91E
:103BC0000523D21AB2F5805FD4E9031028BF4FF461
:103BD00080529208012A38BF012219441844FFF785
:103BE00055FF50B11128DDD101232B72D2E7D4E962
:103BF00003031844FFF74CFFF3E72B7C002BC9D1DC
:103C0000BDE83840022000F009B800BF8408012058
:103C10009C080120980801207408012038B5234C25
:103C2000237A002B41D0022B09D1032830D0204B1E
:103C300000221B68E2601A793AB1012A22D0637C23
:103C40007BBBBDE83840FFF799BFD3E905128D1A59
:103C5000B5F5805F94BF521902F580529A61914286
:103C6000EDD102284FF0000308BF19462372104B14
:103C700018BF0D211868FFF70DFF0E490E48FFF71A
:103C80006DFCDCE71A6901321A615B699A42E7E769
:103C9000E3680133082B01D8E360D0E70023E36039
:103CA000DFE7BDE8384000F03FBA38BD84080120A6
:103CB0009C0801209808012074080120831E012B14
:103CC00001D8FFF7ABBF704700F0FD03012B08D10F
:103CD000044B00225A74421E504250411874FFF7A0
:103CE0004DBF70478408012010B5064C201DFFF71A
:103CF00098FC28B9637C1BB9BDE81040FFF73EBFB4
:103D000010BD00BF840801202DE9F34180460D4617
:103D10000F4801A916461F46FFF7BBFB0446A8B192
:103D20001C22002106F000FF2D0B0123237101A9A5
:103D30000748C4F80080A760E5606661FFF7D3FB21
:103D4000FFF7D2FF002002B0BDE8F0810420FAE7BF
:103D5000740801202DE9F74381468846104801A9DF
:103D600017461E46FFF795FB0446B0B11C22002102
:103D700006F0DAFE00250A9BA36001A9C4E90378D6
:103D800007482571C4F800906661FFF7ACFBFFF7A8
:103D9000ABFF284603B0BDE8F0830420FAE700BF7C
:103DA000740801202DE9F84FB0F806A04579D2F843
:103DB00000B09DF828900AFB05F5043D88460BEB02
:103DC0000301A94203F1040488BFA5EB030BB4FB74
:103DD000FAF607460AFB1644C2F800B04EB9AAEB41
:103DE00004055D4528BF5D46BBF1000F04D1BDE869
:103DF000F88F3F68013EF1E7043408EB06003C44CD
:103E00002A46B9F1000F0DD02146ABEB050B06F0A9
:103E100063FEDA452E443F6855464FF0000428BF44
:103E20005D46E1E701462046EFE7FFF706BCF8B53F
:103E300046790146721E0546002393422D6803D33E
:103E40000024A64202D8F8BD0133F6E70F682846E1
:103E5000FFF730FC01343946F3E72DE9F843CD1C78
:103E6000068A0746FFF700FC043E35440446B5FBCE
:103E7000F6F5F0B14FF48073EDB28380C680013D5A
:103E8000076081464FF00008A84512D23846FFF778
:103E9000EBFB064648B163790133637108F1010811
:103EA000C9F8000007608146EEE72046FFF7BFFF34
:103EB00034462046BDE8F88301210430FFF799BB62
:103EC00010B5012104460430FFF79FFBC0B220B9B2
:103ED0002046BDE81040FFF7AABF10BD1FB50392F2
:103EE0000022009203AAFFF75DFF05B05DF804FB16
:103EF0001FB503920122009203AAFFF753FF05B0FA
:103F00005DF804FB01600B6843604A68934204BF9C
:103F1000002343607047436843B1026891680B44D3
:103F200043605268934204BF00234360704700001F
:103F300010B50D49A1F59472914201D800200FE00F
:103F40008C1AE30F03EBE4035B1002EBC30452F89B
:103F50003330834205D802D204F10802ECE76068EE
:103F600010BD2146E8E700BFC4C20E0008B5FFF748
:103F7000DFFF024B002808BF184608BD86C10E00AF
:103F800010DF704711DF704713B5044609496846D2
:103F9000FFF7B8FF019808B902B010BDD0E90021C1
:103FA0002046904718B16846FFF7B5FFF2E71120A9
:103FB000F2E700BF58C30E0013B504460749684630
:103FC000FFF7A0FF019B0BB902B010BD2046D3E95B
:103FD000002190476846FFF79EFFF3E770C30E008D
:103FE000084B9A6822B11A6822F480021A6070475E
:103FF000054B4FF48002C3F88020BFF34F8FBFF30F
:104000006F8F70478806012000E100E00C4991F8AD
:1040100016335A09EC231341DB0706D5094B9A687E
:104020004AB94FF480030B607047074AA12142F25E
:104030000200FCF777B91A6842F480021A607047F0
:1040400000E100E088060120C4C20E00F7B5194F58
:104050003C7864BB184E012520463570FFF794FF6D
:10406000112821D02046FFF7A7FF144B8DF80340FD
:10407000186801900DF10300FFF780F9104901A8BD
:10408000FFF77EFF0446B0FA80F0400938709DF8D3
:104090000300FFF797F93CB90A4B34701C70FFF727
:1040A000B5FF2846FFF788FF204603B0F0BD08247F
:1040B000FAE700BFA1080120A008012054C30E00A8
:1040C00051030E00A2080120F7B5154F3B781BB332
:1040D000144E01203070FFF757FF11284FF00005F4
:1040E0001CD00220FFF768FF0DF107008DF8075084
:1040F000FFF744F9FFF746FF04469DF807003D70BF
:10410000FFF760F92CB903203470FFF769FFFFF760
:1041100053FF204603B0F0BD0824FAE72C46F8E729
:10412000A1080120A0080120054B1B7833B1054BE5
:104130001B780BB1FFF7C8BFFFF788BF0820704797
:10414000A0080120A1080120014B1878704700BF8A
:10415000A108012007B508496846FFF7D3FE019B77
:1041600013B903B05DF804FBD3E90020904768461B
:10417000FFF7D1FEF3E700BF64C30E00FFF7EABF0D
:1041800060DF704769DF704761DF704730B5154DFC
:10419000ADF5017D4FF4FA740DF1020103A8ADF8FD
:1041A0000240FFF7F1FF70B9294601A8FFF7AAFE08
:1041B000029B002BF0D003A8D3E90021904701A86F
:1041C000FFF7A9FEF4E7052808D0074A40F23B11A3
:1041D0000DF5017DBDE83040FCF7A4B80DF5017D7B
:1041E00030BD00BF14C40E007CC30E00024B1B7810
:1041F0000BB1FFF7CBBF7047A308012018B1034BE9
:104200000360002070470E20704700BF90A100207F
:10421000F0B5074685B00D4600295DD02F4B0B60E9
:104220000C22002101A806F07FFC012606232A6843
:10423000ADF8083001A920208DF804708DF80660D3
:10424000FFF7A0FF0C22002101A806F06DFC00245E
:104250002A688DF8056001A94020ADF80640FFF7F7
:1042600091FF0C22214601A806F05EFCF7232A6884
:10427000ADF8063001A923208DF80470FFF782FF06
:104280000C22214601A806F04FFC2A688DF8046034
:1042900001A93046FFF776FF0C22214601A806F05F
:1042A00043FC4FF4B0632A68019301A9A120FFF7F2
:1042B00069FF0C22214601A806F036FC9DF8043067
:1042C0002A6864F3000301A9A0208DF80430FFF7E9
:1042D00059FF204605B0F0BD0E20FBE790A100205D
:1042E00008B5FFF74DFF10B9014B01221A7008BD48
:1042F000A30801204BDF70471FB50F4C01A8FFF743
:10430000F9FF70B9214602A8FFF7FCFD039B002BC3
:10431000F4D00198D3E90021904702A8FFF7FBFDF4
:10432000F4E7052806D0054A6B2104B0BDE810402B
:10433000FBF7F8BF04B010BDB8C40E0020C40E00D7
:10434000F0B578B371B36BB300241C608E18DB2713
:104350004FF0DC0C4FF0DD0E1A688E4202F10104C2
:1043600000EB020504D11C60C0232B700020F0BDBF
:104370000D78C02D05D0DB2D0CD01C600C7884543A
:1043800006E01C6087541A68541C1C6000F802C0C8
:104390000131E1E71C6085541A68541C1C6000F868
:1043A00002E0F5E70E20E2E710B580B3D0E9022382
:1043B0009A422ED00378012B0FD0022B21D053B973
:1043C000C02928D0DB2902D10123037003E0436810
:1043D000541C84609954112006E0DC2905D0DD29A5
:1043E0000AD0022303700B2010BD511C436881606A
:1043F000C02199540023E8E7511C81604368DB2108
:10440000F7E7C029E7D1002303708360E3E70E20BC
:10441000EAE70420E8E71846E6E742DF704743DFB3
:104420007047000038B5074C051E04F1080318BF9B
:104430001C4623682BB11A6822605B68284698479F
:10444000F7E738BDAC08012020B9054B01225A70AE
:10445000FFF7E8BF012802D1014A9070F8E77047E2
:10446000A408012020B9034B01225A70FFF7DABFDC
:10447000704700BFA408012038B50E4C2378B3B9AB
:104480000D486360A3602361E36000F06FFA0546A6
:10449000FFF75AFE08B900F075FA01232370074BA5
:1044A000D3F800340BB10123A370284638BD85250D
:1044B000F5E700BFA408012049440E0000000140B8
:1044C00037B50D4C00230DF107008DF80730FEF7CE
:1044D00055FFE368013BE360E36833B9074BD3F86A
:1044E000005415B900F064FAA5709DF80700FEF7B6
:1044F00069FF03B030BD00BFA408012000000140E7
:10450000012813B50CD0032820D038B9134B012251
:10451000C3F88020BFF34F8FBFF36F8F02B010BD81
:104520000F4C00230DF107008DF80730FEF726FF32
:1045300023780BB9FFF7A0FFE3689DF8070001336C
:10454000E3600123A370FEF73DFFE7E700F01AFAEE
:1045500002B0BDE81040FFF7B3BF00BF00E100E0CC
:10456000A408012037B51B4C6378054603F0FF0211
:104570009BB110B143680020984700230DF107005C
:104580008DF80730FEF7FAFE63689DF807000133E7
:104590006360FEF717FF03B030BD0DF107008DF823
:1045A0000720FEF7EBFE25B1A268134653B92A6037
:1045B000A5606368002BE7D1FFF7C6FD30B1FFF7B8
:1045C0002CFFE1E79D42F4D01B68EFE700F001FA11
:1045D000DAE700BFA408012073B50F4C00230DF1EA
:1045E00007008DF80730FEF7C9FE6368013B636082
:1045F000666836B9FFF7A8FD054640B1FFF70FFF23
:1046000066709DF80700FEF7DDFE02B070BD00F099
:10461000EDF96570F5E700BFA408012036DF7047AB
:104620004DDF70474EDF70474FDF704750DF7047F8
:1046300010B50446FFF7F6FF40B92046FFF7F0FF3C
:1046400020B92046BDE81040FFF7EEBF10BD01289D
:1046500010B5044602D100F019FA804700F01CFAA8
:10466000034668B10A2C07D00B2C07D0092C07D1C0
:104670000220BDE8104018470020FAE70120F8E7C3
:1046800010BD0000012813B5044603D003281CD038
:1046900002B010BD00230DF107008DF80730FEF7C2
:1046A0006DFE00F0F3F910B12046FFF7B7FF9DF85B
:1046B0000700FEF787FE00F0EFF90028E8D00120A0
:1046C00002B0BDE81040FFF7B3BF0C4BC02283F827
:1046D000002301221A6000F0D9F920B14FF0804385
:1046E0000422C3F8042300F0D7F90028D0D04FF0FB
:1046F00080434FF46072C3F80423C9E700E100E08F
:1047000038B50A4D2B78044663B9FFF71DFD58B93B
:104710000748002C18BF204600F0C4F908B901234F
:104720002B7038BD8520FCE70820FAE7B808012087
:10473000CAC40E0013B500240DF107008DF8074020
:10474000FEF71CFEFFF700FD58B12046FFF770FF93
:104750009DF80700FEF736FE02B0BDE8104000F0FD
:10476000D7B900F0CEF9F3E71FB50190FFF7E2FFEC
:10477000019800F0B9F9FFF7E7FC0446A0B1012069
:10478000FFF756FF044660B903A8FFF74FFF044642
:1047900038B9039BDB0704D500F07EF903462046B9
:1047A0009847204604B010BD00F0A4F9F9E70000D6
:1047B0001FB503788DF800304368019383688DF846
:1047C0000830C368054A0393054B684653F8213007
:1047D00052F82110984705B05DF804FBBC08012091
:1047E000C40801201FB503788DF800304368019399
:1047F00083688DF80830C368054A0393054B684603
:1048000053F8213052F82110984705B05DF804FBA9
:10481000BC080120C4080120F0B5194B90F800C075
:10482000DFF86CE043F82C20164B16460A6943F873
:104830002C204B7F0EF80C300C4607460FCC89B06D
:104840006D460FC594E80F0085E80F003B78CDF862
:1048500010C01EF803304BB1002E0B4A694608BF4A
:104860003246381D00F0BAFD09B0F0BD002E074AEF
:10487000694608BF324607F10C0000F0DBFAF3E7A7
:10488000C4080120BC080120B1470E00E5470E0016
:10489000CC080120024AD2F80034002BFBD070472C
:1048A00000E001400A4908B50223C1F80435BFF30E
:1048B0006F8FBFF34F8FC1F80805FFF7EBFF0023A1
:1048C000C1F80435BFF36F8FBFF34F8F08BD00BF32
:1048D00000E0014010B5094C0123C4F80435BFF3D2
:1048E0006F8FBFF34F8F0160FFF7D4FF0023C4F831
:1048F0000435BFF36F8FBFF34F8F10BD00E0014051
:1049000070B50E4E01231546C6F80435BFF36F8F00
:10491000BFF34F8F0024AC4207D10023C6F8043503
:10492000BFF36F8FBFF34F8F70BD51F8243040F845
:104930002430FFF7AFFF0134EDE700BF00E0014096
:1049400010B5034653E8000F00EA010243E80024D3
:1049500094F0000FF6D110BD00F18040002382B02A
:10496000036003680193019B02B07047044A137906
:1049700023B9012110609180184670478520704747
:10498000D0080120084B1A68D20704D4C02283F84B
:10499000002301221A604FF080420123C2F818352B
:1049A000024A1370704700BF00E100E0D808012000
:1049B0004FF0804208B50223C2F808334FF48270EA
:1049C000FFF7CAFF0123D360D2F81834DB03FBD40E
:1049D00008BD08B54FF48070FFF7BEFF4FF080436D
:1049E0000122C3F804231A6008BD00004FF0804282
:1049F000012108B54FF48070C2F80813FFF7ACFF2F
:104A00005160D2F80C3403F00113B3F1011FF8D058
:104A1000014B00225A7108BDD008012010B54FF09B
:104A20008041D1F8003163B14FF48070FFF794FFFB
:104A300001220D4BC1F80823587910B95A711B682F
:104A400098474FF08042D2F8043163B14FF482703E
:104A5000FFF782FF0223C2F80833034BBDE8104082
:104A60001B680120184710BDD008012000F18043C9
:104A700082B01A68002A14BF0120002004D000224E
:104A80001A601B680193019B02B07047014B1868C4
:104A9000704700BFDC080120014B1868704700BF59
:104AA000E40801200E4A1378C3B903784FF080411F
:104AB000C3F34003C1F88035037803F00103C1F864
:104AC0007835084B1968C90704D4C02183F800134E
:104AD0000121196001231370002070478520704761
:104AE000E808012000E100E0014B02681A6070470D
:104AF000E40801204FF080434FF46072C3F80423B0
:104B000070474FF080434FF46072C3F8082370473A
:104B1000014B00221A607047E408012010B54FF0E5
:104B20008043D3F80443620707D54FF48470FFF73E
:104B30009DFF10B11E4B1B689847A30608D54FF484
:104B40008A70FFF793FF18B11A4B00201B68984733
:104B5000600608D54FF48C70FFF788FF18B1154B2D
:104B600001201B689847210608D54FF48E70FFF787
:104B70007DFF18B1104B00201B689847E20508D54F
:104B80004FF49070FFF772FF18B10B4B01201B68B8
:104B90009847A3050AD54FF49270FFF767FF28B135
:104BA000054BBDE810401B680220184710BD00BF30
:104BB000DC080120E0080120E408012008B5FFF727
:104BC000ADFFBDE80840FFF729BF0000014B1B689F
:104BD000184700BFEC0801200E4B984237B50C4631
:104BE00002D0002003B030BD00230DF107008DF886
:104BF0000730FEF7C3FB084B1D7915B901221C6075
:104C00001A719DF80700FEF7DDFB002DE9D0112099
:104C1000E8E700BF00200040EC080120034B984269
:104C200001BF034B00221A601A7170470020004038
:104C3000EC0801200023435082B043580193019BAC
:104C400002B070470A4610B54FF48E71FFF7F2FFBD
:104C5000136A9168C95C136A01331362C0F81C15AA
:104C600010BD08B502464FF492710068FFF7E2FFED
:104C700010684FF48471FFF7DDFF136801221A609A
:104C800008BD10B58B690A464FF4847123B9FFF74C
:104C9000D1FFD0F8183510BDFFF7CCFF536AD168AB
:104CA000D0F81805C854536A01335362F3E7000083
:104CB0001FB501238DF80030044BCDE90110D3E975
:104CC00000126846904705B05DF804FBF408012027
:104CD00030B54E4DD5F804339A0585B051D5D5F889
:104CE0002431002B4DD04FF492712846FFF7A2FFDC
:104CF0004FF40173C5F80833454B93F829200AB9DE
:104D000001226A60414902228DF80020D1F88024F6
:104D1000C1F8802403929A690292DA680192002213
:104D2000C3E906226846D3E9001290473748D0F815
:104D30001C315BB1364A5169136A99424ED992F8D7
:104D40002830002B4AD11146FFF77CFF2F48D0F8BE
:104D50004431002B57D04FF4A271FFF76BFF2C4B5F
:104D600093F829200AB1012202609A69002A4AD0E8
:104D7000586AD96800229A6105B0BDE83040FFF753
:104D800097BFD5F804335B07D0D5D5F80831002B91
:104D9000CCD01F4C1D482146FFF773FF636AA26900
:104DA0009A42C3D1E36953B1A3612369E168E36027
:104DB0000023606AE3616362FFF77AFFB6E794F865
:104DC00029300BB901236B60104B4FF40172C3F80B
:104DD00008230023606AE168A361EDE70B484FF404
:104DE0008E71FFF727FF5369002BAFD051690291F5
:104DF000002391688DF80030019153616846D2E933
:104E000000139847A2E705B030BD00BF0020004066
:104E1000F40801201F2886BF00F01F00044B4FF04C
:104E2000A04300F5E070022243F82020704700BF45
:104E3000000300502DE9F8436D4E90F804802C23B8
:104E400003FB0863054693F82A300C469146002B75
:104E500040F0CA8067490068FFF7BEFE0746002899
:104E600040F0C48023685A1C19D01F2B4FF0010258
:104E70008ABF61494FF0A04103F01F0302FA03F318
:104E8000C1F8083523681F2B86BF03F01F035A4A59
:104E90004FF0A04203F5E073032142F8231063684A
:104EA000581C0BD01F2B86BF03F01F03524A4FF034
:104EB000A04203F5E073002142F823102B68A26999
:104EC000C3F82425217D637D2A680B43C2F86C3525
:104ED000D4E900122B68C3F81425C3F80C15237D00
:104EE000012B32D1A368591C0BD01F2B86BF03F0B6
:104EF0001F03414A4FF0A04203F5E073002142F83E
:104F00002310E3685A1C19D01F2B4FF001028ABFEF
:104F100039494FF0A04103F01F0302FA03F3C1F82F
:104F20000835E3681F2B86BF03F01F03324A4FF09A
:104F3000A04203F5E073032142F82310D4E90212E2
:104F40002B68C3F80825C3F810152C2303FB08F3BE
:104F5000F218C2F804902269F250B9F1000F30D073
:104F60002868247F254A4FF48E71FFF763FE4FF4C3
:104F7000A2712868FFF75EFE2B68C3F804232A6835
:104F8000110B42F30732002AAEBF02F160421C4A05
:104F900001F00F014FEA4413DBB2AABF02F56142F0
:104FA000535482F800332A68130B42F30732002A65
:104FB00007DB03F01F0101238B405209114941F81F
:104FC00022302B680422C3F800252C2303FB08633E
:104FD0000022C3E9062283F829205A61012283F8BE
:104FE0002A203846BDE8F8830827FAE71127F8E7B2
:104FF000F4080120D14C0E00000300508000020094
:1050000014ED00E000E100E02DE9F04103680579CE
:105010002A4C0022C3F800252C2303FB054301463C
:105020005B68B3B10368264AC3F8082303681A0B08
:1050300043F30733002B0CDB02F01F005B09012256
:10504000824020331F4840F82320BFF34F8FBFF327
:105050006F8F0B684FF0FF32D3F80C05D3F814852F
:10506000D3F80865D3F81075C3F81425C3F80C25D8
:105070000B689042C3F80825C3F8102501D0FFF74C
:10508000C9FEB8F1FF3F02D04046FFF7C3FE7A1CCD
:1050900002D03846FFF7BEFE731C02D03046FFF741
:1050A000B9FE0868FFF7BAFD2C2303FB0544002373
:1050B00084F82A306360BDE8F08100BFF408012065
:1050C0008402020000E100E00279044B2C2101FB84
:1050D00002335869003818BF01207047F4080120D6
:1050E0002DE9F84F064690F8048089469246FFF76E
:1050F000EBFF044600283DD1204F2C2508FB057B03
:105100004FF48E71CBF814A0CBF80890CBF82000A8
:105110008BF828003068FFF78DFD336801229A6014
:1051200030685946FFF78EFDDBF804305D461BBB47
:105130003068DBF814402B6A9C4211D83368D3F8EE
:105140001C21002AFBD00122DA6000202C2303FB63
:10515000087700237B61BDE8F88F95F828303BB9CC
:10516000D0F81C31002BF8D05946FFF76BFDE2E771
:105170000F20EBE71120EEE72046ECE7F4080120D2
:105180002DE9F0473A4D07792C2303FB07530646D8
:105190005C6824B103684FF40170C3F808032C2342
:1051A00003FB0753986950B1D869002841D024B156
:1051B00033684FF40172C3F80423112436E09A6176
:1051C000D9605862D8612C2303FB075393F8293028
:1051D0001BB910B93046FFF744FD4FF02C0808FB0F
:1051E000075A3068DAF80430002B37D14FF4A27137
:1051F000D046FFF71FFD3068D0F82491D0F8083171
:10520000D0F84441CBB914B9B9F1000FF3D02C2335
:1052100003FB07550023AB61B9F1000F24D12CBB70
:1052200095F8291033680122B1B11A602046BDE813
:10523000F0871961DA610120C5E7B9F1000FE6D105
:10524000002CE4D14146FFF71CFDDAF82430DAF8EF
:1052500018209A42CFD8DAE75A60E7E74FF4017393
:10526000C0F804330024E1E70324DFE70F24DDE77F
:10527000F40801200023435082B043580193019B5E
:1052800002B070471FB501238DF80030044BCDE903
:105290000110D3E900126846904705B05DF804FBA1
:1052A000200901207FB5434AD2F82461002E60D046
:1052B00010464FF49271FFF7DDFF02238DF80030A6
:1052C000D2F88034C2F880340393D2F83C3502938C
:1052D000394BDA6801920022C3E906226846D3E915
:1052E000001290473348D0F8443173B14FF4A271A3
:1052F000FFF7C0FF304B9A693AB10022C3E906229A
:10530000D968D0F83C05FFF7BDFF2A48D0F8203116
:10531000ABB14FF49071FFF7ADFF0123C360264B93
:105320005A6962B1D0F84C150291002299688DF843
:10533000002001915A616846D3E9001290471D4848
:10534000D0F858319BB14FF4AC71FFF793FF1A4B73
:105350005A6962B1D0F84C150291002299688DF813
:10536000002001915A616846D3E90012904704B0C9
:1053700070BDD2F81031002BB4D04FF488711046B4
:10538000FFF778FF0C4BD2F83C0599698842A9D108
:10539000DC69D96864B1D2F8005225F02005C2F862
:1053A00000521A699C61DA60DE61FFF76BFF99E7D2
:1053B0009C61FAE700200040200901201F2886BFD9
:1053C00000F01F00044B4FF0A04300F5E0700222F4
:1053D00043F82020704700BF000300502DE9F84338
:1053E000744E90F80480242303FB0863054693F869
:1053F00020300C469146002B40F0D7806E49006863
:10540000FFF7EAFB0746002840F0D18023685A1CCA
:1054100019D01F2B4FF001028ABF68494FF0A041FD
:1054200003F01F0302FA03F3C1F8083523681F2BAA
:1054300086BF03F01F03614A4FF0A04203F5E073FB
:10544000032142F823106368581C0BD01F2B86BF22
:1054500003F01F03594A4FF0A04203F5E0730C21FB
:1054600042F823102B68A269C3F82425217D637DAF
:105470002A680B43C2F86C35D4E900212B68C3F8C5
:105480000C25C3F81415237D012B32D1A368591CB8
:105490000BD01F2B86BF03F01F03484A4FF0A042DA
:1054A00003F5E073002142F82310E3685A1C19D079
:1054B0001F2B4FF001028ABF40494FF0A04103F07B
:1054C0001F0302FA03F3C1F80835E3681F2B86BFF8
:1054D00003F01F03394A4FF0A04203F5E0730321A4
:1054E00042F82310D4E902122B68C3F80825C3F848
:1054F0001015242303FB08F3F218C2F80490226964
:10550000F250B9F1000F3FD02868227F4FF4887124
:10551000FFF7B0FE28684FF49071FFF7ABFE2868E4
:105520004FF49271FFF7A6FE28684FF4A271FFF7BF
:10553000A1FE4FF4AC712868FFF79CFE2B68204950
:10554000C3F804132B68190B43F30733002BAEBFCA
:1055500003F160431B4B01F00F014FEA4212D2B23C
:10556000AABF03F561435A5483F800232B681A0B32
:1055700043F30733002B07DB02F01F0101228A40AF
:105580005B09114941F823202B680822C3F8002544
:10559000242303FB08660023C6E906337361012355
:1055A00086F820303846BDE8F8830827FAE7112747
:1055B000F8E700BF20090120A5520E0000030050AB
:1055C0001003420014ED00E000E100E02DE9F84393
:1055D000394D06790468242303FB065302465B68B1
:1055E000ABB1364BC4F808330368190B43F30733E8
:1055F000002B0CDB01F01F005B09012181402033EF
:105600002F4840F82310BFF34F8FBFF36F8FD4F8AC
:105610000032242723F0200307FB0657C4F800328A
:105620000023BB614FF4AC712046FFF723FE01233A
:10563000E360D4F85831002BFBD0BB691BB1D4F820
:105640004431002BF5D00023C4F8003513684FF027
:10565000FF31D3F80C05D3F81495D3F80875D3F8B7
:105660001085C3F80C15C3F8141513688842C3F8E5
:105670000815C3F8101501D0FFF7A0FEB9F1FF3FE0
:1056800002D04846FFF79AFEB8F1FF3F02D04046ED
:10569000FFF794FE7B1C02D03846FFF78FFE2046B2
:1056A000FFF7BCFA242303FB0655002385F82030BE
:1056B0006B60BDE8F88300BF2009012010034200A1
:1056C00000E100E00279044B242101FB0233586918
:1056D000003818BF012070472009012001F0604305
:1056E000B3F1005F2DE9F0470546884692463ED16A
:1056F00090F80490FFF7E6FF0446002839D11F4FC9
:10570000242606FB09764FF49071C6F814A0C6F85B
:1057100008802868FFF7AEFD4FF4AC712868FFF7EA
:10572000A9FD2B687269B168C3F84415C3F8482510
:105730002B6801229A607368EBB92B68D3F820219B
:10574000D3F858011AB90028F8D00F2008E0002833
:10575000FBD10122DA602A68D2F85831002BFBD045
:10576000242303FB097700237B61BDE8F087102029
:10577000FBE71120F9E72046F7E700BF20090120E9
:10578000F8B501F06043B3F1005F04460F4660D105
:105790000379314D242101FB0351496821B100688F
:1057A0004FF40476C0F80863242000FB03539E697D
:1057B00056B1D86900283BD021B123684FF4047258
:1057C000C3F80423112032E09A61DF60DE612068B3
:1057D0004FF48871FFF74EFD20684FF4A271FFF778
:1057E00049FD2368C3F83475C3F8382523681EBB08
:1057F00001221A6026792368242202FB065252688D
:105800000ABBD3F81011D3F84421D3F82401114373
:1058100002D10028F5D00A46242303FB06550023B5
:10582000984218BF03209A42AB6118BF0F20F8BD01
:105830001F61DA610126CAE7D3F8002242F0200294
:10584000C3F80022D6E74FF40472C3F80423002003
:10585000EDE71020EBE700BF20090120020713D479
:1058600000F00F0310F0800F084A0BBF03F5887398
:1058700003F5847302EB830352F8230008BF5868D2
:10588000431E584258417047002070470070024044
:1058900010F0080F074B06D0D3F8C00410F4803F77
:1058A00018BF0020704700F00F0000F5947053F807
:1058B00020007047007002404FF08053D3F8300151
:1058C000A0F1080358425841704700004FF0805340
:1058D000D3F83021082A06D1D3F83431032B04D869
:1058E000034AD05C7047002070470120704700BF1A
:1058F000E5C40E0030B54C689C4209D200254560D5
:105900000968016093420CD1201E18BF012030BDF0
:1059100043600D6805600868E41A18444C6008602C
:10592000F0E70020F3E74B689A4228BF1A460B685D
:10593000C0E9003248680B68801A48601A44003891
:105940000A6018BF012070474B689A4228BF1A4668
:1059500062B10B68C0E900324B689B1A4B600B6860
:10596000101E13440B6018BF012070471346F1E767
:10597000054B10F0800FA3F1900208BF134600F012
:105980000F0003EB00107047B80A012010F0800FE1
:1059900014BF0023102300F00F00184470470000CC
:1059A00008B5FFF789FF18B1034B0022C3F81C2C80
:1059B000024B00221A7008BD007002404509012008
:1059C00007B5094A00231370084AADF80530137073
:1059D0008DF8073001238DF80430054B01A81B68B2
:1059E000984703B05DF804FB440901204C0B0120EB
:1059F000480B012070470000F8B54B680B4F9342ED
:105A000028BF13460C461D4606461A460968384606
:105A100005F062F8C6E9007560682268401B6060A6
:105A20002A440038226018BF0120F8BD500B012025
:105A3000F8B54B68934228BF134606460D461C46F0
:105A40008BB10A4F09681A46384605F045F83760A9
:105A500074606B681B1B6B602B68201E23442B60DB
:105A600018BF0120F8BD0360F2E700BF500B012012
:105A700007B500230DF107008DF80730FDF77EFC18
:105A80000B4BD3F8001C032271B949F27531C3F8EE
:105A9000001CC3F8142DC3F8001C9DF80700FDF787
:105AA00091FC03B05DF804FBC3F8142DF5E700BFCB
:105AB00000E0064013B500240DF107008DF8074003
:105AC000FDF75CFC0A4BD3F8001C69B949F275324A
:105AD000C3F8002CC3F8141DC3F8002C9DF8070070
:105AE000FDF770FC02B010BDC3F8144DF6E700BF1F
:105AF00000E0064008B50146FFF752FF0846FFF7F1
:105B000037FF827B032A0AD10846FFF73FFF0121B6
:105B10008140BDE808400448C943FEF711BF03684F
:105B2000002BF1D008BD00BFB40901208720FFF78A
:105B3000E1BF8620FFF7DEBF8520FFF7DBBF8420B3
:105B4000FFF7D8BF8320FFF7D5BF8220FFF7D2BF72
:105B50008120FFF7CFBF000008B5FFF721FF084BFA
:105B600093F89E20032A06D1BDE8084005486FF04F
:105B70000101FEF7E5BED3F89030002BF4D008BD4C
:105B8000280A0120B409012073B5012202FA01F5A7
:105B90001E491F4E0B6810F0800F43EA05030446B0
:105BA0000B6027D000F00F021A4B33F8123003F1CC
:105BB000804303F51C331A684AB100221A60BFF310
:105BC0006F8FBFF34F8F802811D0FFF793FF31689D
:105BD00029400AD106238DF804308DF806408DF84F
:105BE00007100D4B01A81B68984702B070BDFFF766
:105BF000B3FFECE733681D42F7D106238DF804307C
:105C00008DF806008DF80720EBE700BF240A01207D
:105C1000B4090120F2C40E00480B012008B5054B61
:105C20001A781046FFF7B2FEBDE80840014610465C
:105C3000FFF7AABF4C0B0120FFF78EBF07B500236B
:105C40008DF804300B4BD3F82025ADF80620D3F89F
:105C5000C034094A002B13680CBF4FF480714FF019
:105C600001210B431360054B01A81B68984703B043
:105C70005DF804FB00700240240A0120480B01205B
:105C800007B5FFF78DFE0D4B93F88E20032A11D038
:105C9000D3F8803073B90A486FF08071FEF750FE78
:105CA00006238DF804300823ADF80630054B01A813
:105CB0001B68984703B05DF804FB00BF280A012069
:105CC000B4090120480B012007B5FFF769FE114B0D
:105CD00093F81E21032A07D10F486FF4807103B097
:105CE0005DF804EBFEF72CBED3F8103173B90A4807
:105CF0006FF48071FEF724FE06238DF804308823AC
:105D0000ADF80630054B01A81B68984703B05DF855
:105D100004FB00BF280A0120B4090120480B012020
:105D20002DE9F04F5D4E337885B0002B6DD15C4C82
:105D30005C4B19682368194067D011F0012367D0C4
:105D400093FAA3F1002966D0B1FA81F10F2964D941
:105D5000A1F110085FFA88F84046FFF709FE4FF0FE
:105D6000010B4FFA88FA0BFA01F1BAF1000F8146E4
:105D70006FEA010B54DA03688289416802A89847E8
:105D800008B9C9F80000FFF797FD18B1464B822209
:105D9000C3F81C2C01232168039A3370D9F808300A
:105DA00001EA0B011344BAF1000F2160C9F8083071
:105DB00008F0080002993C4B08F00F085EDA002852
:105DC00054D0C3F8A016C3F8A426042303EB880319
:105DD00003F1804303F51C3301221A60BFF36F8F78
:105DE000BFF34F8F314B324A2F4913EA2A0338BF92
:105DF000134633F8183003F1804303F51C331A6857
:105E00001AB9D1F80021002AF9D005B0BDE8F08F09
:105E100091FAA1F196E720219AE741F080089BE7EB
:105E20004046FFF735FDB9F80C20D9F80410D9F831
:105E300000500346074602A8A847029A002A9FD0AE
:105E4000039A97429CD9022789F80E705946154843
:105E5000FEF776FD06238DF80430164B8DF806808C
:105E60001B688DF8077001A8984761E7142000FBB4
:105E70000833C3F80016C3F80426A6E728B1C3F810
:105E8000A017C3F8A4272823A0E7142000FB083399
:105E9000C3F80017C3F80427F5E700BF4509012040
:105EA000240A0120B409012000700240F2C40E004F
:105EB0000EC50E00480B012037B50446FFF770FDF4
:105EC0002046FFF755FD837B032B0DD12046FFF7BE
:105ED0005DFD01218140C9430F48FEF731FD03B04C
:105EE000BDE83040FFF71CBF0568002DF7D1204604
:105EF000FFF74CFD01218140C9430748FEF720FD13
:105F000006238DF80430054B8DF806401B688DF88C
:105F1000075001A89847E2E7B4090120480B012087
:105F20000720FFF7C9BF0620FFF7C6BF0520FFF710
:105F3000C3BF0420FFF7C0BF0320FFF7BDBF02208F
:105F4000FFF7BABF0120FFF7B7BF000038B5134B0A
:105F5000D3F86C44C3F86C44BFF36F8FBFF34F8F1B
:105F600001251CB9BDE83840FFF7DABE94FAA4F168
:105F700071B1B1FA81F30F2B19460BDDA1F11000BD
:105F8000C0B205FA01F324EA0304FFF7FDFDE8E7D8
:105F90002021F3E743F08000F3E700BF00700240E8
:105FA00013B5254BD3F80044C3F80044BFF36F8FFB
:105FB000BFF34F8FBFF36F8FBFF34F8FE1050ED548
:105FC0001E4B01221A700023ADF805308DF8073002
:105FD00002238DF804301A4B01A81B689847A205CC
:105FE0000DD5164A00231370ADF805308DF8073033
:105FF00003238DF80430124B01A81B6898476305F2
:1060000018D50E4A1378ABB1002313700A4A012148
:10601000C2F808159165BFF36F8FBFF34F8FADF8CE
:1060200005308DF8073004238DF80430044B01A8A7
:106030001B68984702B010BD00700240440901205F
:10604000480B0120024A00231360024A1370704774
:10605000480B0120460901204A4B4FF4006213B55A
:10606000C3F80024BFF36F8FBFF34F8FFFF72EFCF1
:1060700008B1FFF7FDFCFFF71FFCC0B100230DF1D5
:1060800007008DF80730FDF779F93F4BD3F8001C76
:10609000C02200296ED149F27531C3F8001CC3F843
:1060A000142CC3F8001C9DF80700FDF78BF9354B45
:1060B0000122C3F80025BFF36F8FBFF34F8FD3F8D2
:1060C00000241205FBD54FF40062C3F80024BFF38F
:1060D0006F8FBFF34F8FFFF7EFFBB8B100240DF1C7
:1060E00007008DF80740FDF749F9274BD3F8001C4E
:1060F000002942D149F27532C3F8002CC3F8141CB0
:10610000C3F8002C9DF80700FDF75CF9FFF7DEFBF4
:1061100030B1FFF7CFFCFFF7D9FB08B1FFF7A8FCC0
:10612000FFF7CAFB174B50B140F2E372C3F80028E7
:106130004022C3F80428BFF36F8FBFF34F8F0021B5
:106140008022C3F81C25C3F83015104B40F2FF1213
:106150001A600F4B1960FFF723FC0E4B19700E4BA2
:1061600002221A70FFF7B2FB50B102B0BDE8104036
:10617000FFF7A0BCC3F8142C95E7C3F8144CC1E793
:1061800002B010BD0070024000E00640240A012069
:10619000B40901204C0B0120460901200C4B0022C0
:1061A0001A700C4A0C4B002818BF13460B4AC2F851
:1061B00004330B4BC02183F827138021596001233E
:1061C000C2F80435BFF36F8FBFF34F8F704700BF26
:1061D000440901200714E0010714C00100700240C7
:1061E00000E100E0024B1878003818BF012070472A
:1061F00046090120034B1878012894BF0020012094
:10620000704700BF4609012037B500250DF1070092
:106210008DF80750FDF7B2F8134B1B7803F0FF041D
:10622000B3B1124AD2F82C35E3B1C2F82C55FFF7BE
:1062300043FB68B10E4BD3F8001CC02279B949F278
:106240007531C3F8001CC3F8142CC3F8001C0446B5
:106250009DF80700FDF7B6F8204603B030BDC3F83F
:10626000142CF4E71C46F3E74409012000700240B7
:1062700000E00640024B034AC3F80823704700BF02
:106280000070024004148001024B034AC3F8042347
:10629000704700BF0070024004148001014B0022CF
:1062A0001A7070474409012008B5FFF761FB81812E
:1062B00008BD000073B51D4B1C78002C33D11C4A5F
:1062C000106001221A702546264615F0080F65F069
:1062D0007F00C0B20CBF40214FF400710190FFF766
:1062E000E3FF0198FFF744FB0135092D8673066033
:1062F0008660EAD1402100252046FFF7D5FF2046E1
:10630000FFF736FB0134E4B2092C85730560856024
:1063100002D1002002B070BD14F0080F14BF4FF47A
:1063200000714021E8E70820F4E700BF460901209A
:10633000480B012008B5FFF71BFB808908BD000052
:10634000064A10F0800F00F00F0314BFD2F81005BA
:10635000D2F81405D84000F00100704700700240E8
:106360002DE9F743002306460DF107000F468DF88F
:106370000730FDF703F816F00F0503D12A4B1B7801
:10638000B3424DD1294BDFF8C8801C68D8F80030E3
:10639000E443A4B230461C43FFF7F8FA4FF001097A
:1063A00009FA00F914EA09043CD13046FFF7E0FA93
:1063B0000C225543320603462ED51D4A3968154432
:1063C00001F06041BA68B1F1005F02F001021ED134
:1063D000DAB9184A1A6097E8070085E80700D8F884
:1063E00000005D6000229A609A73134B40EA090036
:1063F0008022C8F80000C3F804219DF80700FCF7CC
:10640000E1FF204603B0BDE8F0830C4AE2E70AB999
:106410000B4ADFE70B4ADDE70B4A15440B4AD9E785
:106420001024EAE71124E8E74C0B0120240A01209C
:10643000B809012027590E0000E100E049590E007B
:10644000F9590E00315A0E0048090120F5580E0086
:10645000B4090120F7B5002306460DF107008DF8B9
:1064600007300D46FCF78AFF330703D1164B1B7824
:10647000B34225D1154B164F1C683B68E443A4B2C8
:1064800030461C43FFF782FA012303FA00F10C4067
:1064900018D13046FFF76CFA84602B6803606B6894
:1064A0004360847338680B4B084380223860C3F81C
:1064B00004219DF80700FCF785FF204603B0F0BDDE
:1064C0001024F6E71124F4E74C0B0120240A0120E4
:1064D000B409012000E100E000487047500B0120A2
:1064E000044B40F48070C3F81805BFF36F8FBFF3FF
:1064F0004F8F704700700240FFF7B0B9064BC3F8EA
:106500000C05BFF34F8F40F48070C3F80C05BFF348
:106510006F8FBFF34F8F70470070024010B5082295
:106520000021044604F000FB0E4BD3F880242270B7
:10653000D3F884246270D3F88824D3F88C1442EA08
:1065400001226280D3F89024D3F8941442EA012205
:10655000A280D3F89824D3F89C3442EA0323E38042
:1065600010BD00BF00700240034B0122DA64BFF38C
:106570006F8FBFF34F8F70470070024013B5FFF766
:106580000FFA114B9A7B032A07D110486FF4803120
:1065900002B0BDE81040FEF7D3B91C687CB96FF4B7
:1065A00080310A48FEF7CCF906238DF80430084BF9
:1065B000ADF806401B6801A8984702B010BD02B0B4
:1065C000BDE81040FFF7D0BF280A0120B409012020
:1065D000480B0120034B01221A65BFF36F8FBFF3F5
:1065E0004F8F704700700240034B01225A65BFF382
:1065F0006F8FBFF34F8F704700700240014B1878C8
:10660000704700BF4C0B012013B5002304460DF169
:1066100007008DF80730FCF7B1FE2046FFF7B6F90A
:106620000D4901220B6802FA00F023EA000314F07E
:1066300008020B600AD104F00F04084B04F59474AF
:1066400043F82420BFF36F8FBFF34F8F9DF80700EF
:10665000FCF7B8FE02B010BD240A01200070024011
:10666000F7B5002304460DF103008DF80330FCF765
:1066700085FE2046FFF77CF905462046FFF786F9A0
:10668000012214F0800F02FA00F22E4819D103689B
:1066900032EA03030AD02046FFF7B6FF0323AB73A9
:1066A0009DF80300FCF78EFE03B0F0BD2B6003687D
:1066B00023EA02030360244B186820EA02001860F2
:1066C000ECE7230715D4802C204B2ED004F00F01CB
:1066D00001F2DA314900C3F80018D3F80418D3F8EE
:1066E0000468C9B241F002013143C3F80418D3F879
:1066F0000438154E0168336861EA03071742CFD0AA
:10670000134321EA02013360002301602B6003235D
:10671000AB738DF807300E4B8DF8064006221B68D0
:106720008DF8042001A89847BAE740F2B471C3F885
:106730000018D3F80418D3F80468C9B241F0040172
:10674000D2E700BFB4090120240A012000700240F2
:10675000480B0120FFF784BF73B5184B184CD3F8D2
:1067600080542368174EDA43174B31781B6892B276
:1067700008461A43FFF70AF9012303FA00F0104212
:1067800002D00846FFF76CFF6FF0011105F080059D
:106790000D483570FEF7D4F8236843F001032360F9
:1067A0000023ADF805308DF8073005238DF804304F
:1067B000064B01A81B68984702B070BD00700240EC
:1067C000240A01204C0B0120B4090120480B0120B0
:1067D0002DE9F0411B4BD3F80413002301241D467F
:1067E00071B9194F03F4000623F400044FF00108B7
:1067F000D4B9FFF795FA1EB3BDE8F041FFF7ACBF7F
:1068000091FAA1F21148B2FA82F29600304404FAE9
:1068100002F206682EB10560BFF36F8FBFF34F8F92
:10682000134321EA0201DBE794FAA4F5B5FA85F5F2
:1068300057F8253008FA05F5984724EA0504D7E704
:10684000BDE8F0810070024020C50E0000710240DA
:10685000F8B5134E134B34681B68240C24041C43F6
:1068600001271CB940F2FF133360F8BD94FAA4F578
:1068700085B1B5FA85F30F2B1D460DDDA5F110008E
:10688000C0B2030701D4FFF7EBFE07FA05F524EACF
:106890000504E6E72025F1E743F08000F1E700BFBB
:1068A000240A0120B409012038B50E4C8025C4F813
:1068B000845163681B0613D5FFF7CAFF0A4B0022F9
:1068C000C3F80425BFF36F8FBFF34F8FC4F8845014
:1068D000BFF34F8FBFF36F8F4FF0FF32C3F8082322
:1068E00038BD00BF00E100E00070024008B5FFF7CE
:1068F000DBFF094BD3F80423C3F808230022C3F8B5
:106900000025BFF36F8FBFF34F8FFFF749F8034B9D
:1069100001221A7008BD00BF007002404609012024
:1069200013B500230DF107008DF80730FCF726FDA5
:106930000F4B1B7803F0FF043BB900249DF80700C0
:10694000FCF740FD204602B010BDFFF781FF094A69
:10695000D2F8003413F40073EFD10121C2F82C15E2
:10696000D2F80014890544BFC2F82C351C46E5E76F
:10697000440901200070024010B50446FFF770FE84
:10698000134A04F00F0064B2002C4FF00103B4BFAF
:10699000D2F81015D2F8141503FA00F36FEA0303C6
:1069A000B5BF0B400B40C2F81035C2F81435BFF329
:1069B0006F8FBFF34F8F074A074B13EA240338BF8B
:1069C00013461A5C01239340014AC2F8083310BDF4
:1069D0000070024004C50E00E9C40E0037B5264A17
:1069E000264B45B2002DA8BF134600F00F01044608
:1069F000585C234A4FF0010303FA00F0C2F8040385
:106A00002EDAD2F81005C840C00727D4D2F81005F6
:106A10008B400343C2F81035BFF36F8FBFF34F8F26
:106A2000E1B1002D1ADB14F0080317D10DF10700B6
:106A30008DF80730FCF7A2FC2046FFF7E5FD204665
:106A4000FEF7A4FF0F4901220B6802FA00F023EAC7
:106A500000039DF807000B60FCF7B4FC03B030BDE9
:106A6000D2F81405C840C007F8D4D2F814058B40FA
:106A70000343C2F81435CFE704C50E00E9C40E0085
:106A800000700240B4090120030610B5044605D485
:106A9000FEF7E4FE10B12046FFF7B6FD034BC3F846
:106AA0001845BFF36F8FBFF34F8F10BD00700240CA
:106AB00010B5044638B149B141600B68984708B930
:106AC000044B236010BD48F20150FBE748F2105020
:106AD000F8E700BF6E524648F0B4134648B1076865
:106AE000094EB7420AD161B12AB14368F0BC5B6874
:106AF000184748F201531846F0BC704748F2025359
:106B0000F9E748F21053F6E76E524648F0B460B128
:106B100007680C4EB7420CD171B143681568DC6848
:106B2000A5420CD3F0BC9B68184748F20150F0BC5A
:106B3000704748F20250FAE748F21350F7E748F27C
:106B40001450F4E76E524648F7B50446DDE908678D
:106B500015460193FFF7ACFF68B9019A2946204614
:106B6000FFF7BAFF38B93A463146204603B0BDE8D0
:106B7000F040FFF7CBBF03B0F0BD0000F8B50A4FFF
:106B80000A4C0B4EE41B0123E40833700025A54298
:106B900003D1022333700020F8BD57F835309847F1
:106BA0000028F9D10135F2E764D80E006CD80E0048
:106BB000900B0120013A02440139824200D2704711
:106BC00011F8013F02F80139F7E7000038B1054B31
:106BD0000360054B436001230372002070470E20C1
:106BE000704700BF136C0E00ED6B0E0069B10B789F
:106BF000022B0CD1022804D0032814BF0820112036
:106C0000704703230B70002070470E207047082048
:106C1000704710B50C4681B10B78012B06D00ED908
:106C2000033B012B94BF0820112010BD01F0CCFEC6
:106C30000028FAD102232370F7E70E20F5E7082099
:106C4000F3E7000070B5144B144A0C21D21AB2FBC2
:106C5000F1F2816911F8025C044635B9006900213E
:106C6000914205D1012323600EE04FF0FF30F6E79B
:106C70001E68AE420CD1461C07D19D68D4E90001C4
:106C8000D4E90223A847206070BD5E688642F4D034
:106C900001310C33E4E700BF84D80E0090D80E0019
:106CA0001EF0040F0CBFEFF30880EFF30980FFF72D
:106CB000C9BF00BF41DF7047014B01221A70704706
:106CC000B40F012008B503F04DFA03F0B3F8002823
:106CD000FBD1BFF34F8F0549054BCA6802F4E06250
:106CE0001343CB60BFF34F8F00BFFDE700ED00E023
:106CF0000400FA05042810B5044609D8022811D862
:106D000016D00D4B1B68B3B12046BDE810401847A4
:106D1000831F012BF5D8094B094800221A7001F096
:106D2000FBFDEEE707494FF4701000F075FAE8E755
:106D300001F0F0FCE5E710BDB80F0120B40F012011
:106D4000C56C0E00496D0E0008B50948094B0A498B
:106D5000C01AC008000440F0030003F0B5F9074B67
:106D6000074800221A70BDE8084001F0D5BD00BFF9
:106D7000B8D80E0090D80E0084C50E00B40F0120C4
:106D8000C56C0E000020704738B5644B18600020B9
:106D900001F0D8FD0446002840F0898000F044FB53
:106DA000012875D0022800F0848000287FD14FF0A0
:106DB0008043D3F8004414F4803415D04FF480326B
:106DC000C3F800240446564D2B6A012B1FD05548AA
:106DD000554B5649C01AC008000440F0030003F0A8
:106DE00073F94FF4701466E0D3F8202502F0F8022E
:106DF000A82A0AD1D3F82025D10706D5D3F8202513
:106E000002F05602C3F82025DDE70124DBE74FF44A
:106E100040535A68464B9A4214D16A6B1CB995F894
:106E20006032012B0ED043484FF4805102F09EF99E
:106E300040B93C483C4B4049C01AC008000440F0EF
:106E40000200CCE701F04CFEAA6901461CB995F896
:106E5000A132012B0AD0394802F088F930B9314803
:106E6000314B3749C01AC0080004E8E74FF08043AF
:106E7000D3F81C3513F0B10FB3D101F0DDFDB0B97B
:106E8000304B1870304801F047FD00F06BF804E01B
:106E90002C4B2E481C7001F03FFD2248224B2C4900
:106EA000C01AC008000440F0010003F00DF90320EF
:106EB00038BD4FF4A024274A20211820FAF798FC67
:106EC00018B1254ABC21F9F72DFA4FF08043D3F8C9
:106ED0001C2502F0F802B02A09D1D3F81C25D207EC
:106EE00042BFD3F81C2502F04E02C3F81C25FFF761
:106EF00049FF0028DBD12046184900F08DF91848D9
:106F000001F038F80028D2D1FAF7FEFC02F092FF27
:106F10000028F9D1FFF7CEFEF6E700BFB80F012039
:106F2000E0160120B8D80E0090D80E0098C50E00CB
:106F3000DBE5B15140190120C6C50E0081190120C1
:106F400001C60E00B40F0120B96C0E00C56C0E0016
:106F500029C60E00940B012035C60E00496D0E00A7
:106F6000F56C0E0008B5114B4FF0FF32C3F88020CE
:106F7000C3F88021C3F88420C3F8842101F0C2F84B
:106F800048B10B480B4B0C49C01AC008000440F034
:106F9000010003F099F802F04DFF0028FBD1BDE895
:106FA00008404FF4805000F02FB800BF00E100E02F
:106FB000B8D80E0090D80E00C7C60E0080F308881F
:106FC0000847000070B50546C1F30B00A8B9B5F538
:106FD0007F2F12D80B4E3268072A10D8130103F105
:106FE000804404F5F0340132C4F80058C4F80418A1
:106FF0000221C4F80818326070BD0720FCE70420A5
:10700000FAE700BFBC0F012038B504462348C0F59D
:107010007F21FFF7D7FF054678B12148214B224950
:107020001B1ADB081B042A4643F0010003F050F84A
:107030001E4AAF212846F9F775F901F051FD1C4BA6
:107040009B6903F6FF7323F47F6323F00F03191882
:107050000020FFF7B7FF054678B11148114B1549DD
:107060001B1ADB081B042A4643F0010003F030F82A
:107070000E4AB8212846F9F755F9EFF305830023A6
:10708000D4E9000183F3148883F3108883F3118813
:1070900083F31388BDE83840FFF790BF00000E006F
:1070A00090D80E00B8D80E00FCC60E0033C70E00F4
:1070B000E0160120D5C70E001FB518490B7853BB49
:1070C0004FF08043A024D3F81824D2035CBF0122E0
:1070D0009A60134B0022C3F80021D3F800010390FB
:1070E0000398C3F84021D3F8400102900298C3F8F6
:1070F0004421D3F84401019001980A4880F82443C0
:10710000102444600220C3F8082501229A601A6006
:10711000C3F804030A7004B010BD00BFC40F0120FF
:107120000040024000E100E037B56FF07F42154CAF
:10713000057BD4F804358A4228BF0A46891A1344CD
:107140004A1E942A23F07F4305F5A8729BBF963B05
:1071500096314160416044F822300B4B4FF4F860A7
:1071600043F001039847094BAA00134400221A6018
:107170001B680193019B4FF48033AB40C4F8043388
:1071800003B030BD0040024010C80E004041024034
:107190002DE9F3411B4BD3F8042152B11A490A6877
:1071A00001320A600022C3F80421D3F804310093AD
:1071B000009B164C164DDFF84C80164E00272B68AE
:1071C00073B12F602B68227B0193019B4FF48033B6
:1071D0009340C8F80833616851B12046FFF7A4FF17
:1071E0000435B54204F11004E9D102B0BDE8F081E4
:1071F000A16811B12046FFF797FF2368002BEFD05D
:107200009847EDE700400240C00F0120B8A10020E0
:10721000404102404841024070B50B4B1D682A7B3B
:107220004FF480339340094A0E46C2F808330446AF
:1072300040B1FFF741FF2E6021462846BDE870406F
:10724000FFF772BF70BD00BFD8A100200040024010
:10725000034A044B1068D3F8043503EB0060704711
:10726000C00F012000400240014B01221A707047FC
:10727000C50F012070B5164BDA6A5E6A9D6CAC2AA8
:107280001FD15B6B1D44F61A12483246294603F0A3
:1072900013FC044698B102F0CDFD0028FBD1314625
:1072A000284600F011FF044648B10B480B4B0C492F
:1072B000C01AC008000440F0010002F005FF20469B
:1072C00070BD002DE0D101F01FFC0546DCE700BFDA
:1072D000E016012000000E00B8D80E0090D80E0075
:1072E00016C80E0081422DE9F74F04460F46154699
:1072F00004D10023184603B0BDE8F08F0E1A360BF8
:10730000082E28BF082602F6FF783303DFF888B07E
:1073100001934FEA1838002DEBD046452CBFC246EA
:10732000B2464FF000025146204634BFDDF80490CB
:10733000A94600F093FE03460028DBD109F10302C1
:1073400022F003023946204600F060FE0346002882
:10735000D0D1DBF830304B44A8EB0A08A5EB090587
:107360004C444F44CBF8303001F0DCFA0028D2D046
:10737000064A019006480749801AC008000440F0F8
:10738000010002F0A1FE019BB4E700BF90D80E00FF
:10739000B8D80E0030C80E00E016012010B501F07C
:1073A000C5FB1B4A916C01F500535C68194B9C426C
:1073B0000CD0194B19481A49C01AC008000440F0F3
:1073C000010002F081FE0324204610BDD2E90C32F8
:1073D00093421BD0D21A02F6FF7222F47F6222F08F
:1073E0000F0219441844FFF77DFF044650B10A48C4
:1073F0000A4B0C491B1ADB081B0443F0010002F086
:1074000063FEE1E7BDE8104001F08CBA0024DBE741
:10741000E0160120DBE5B15190D80E00B8D80E007F
:1074200069C80E009DC80E0070B5524DEB6AAA2BBC
:107430007FD00FD8012B20D0A52B73D04E4B4F48B7
:107440004F49C01AC008000440F0030002F03CFE9F
:10745000002070BDAC2BF1D1FFF7A0FF044600283F
:107460006CD04648444B4749C01AC008000440F05D
:10747000010002F029FE01261BE0AC6C6E6A01F0EF
:107480002FFB2A6B03469C4204EB0201104414BFFD
:10749000B21A0022FFF726FF0446B8B1364B374830
:1074A0003949C01AC008000440F0010002F00CFE87
:1074B0000026314B31483549C01AC0080004EB6A38
:1074C000224640F0010002F00CFE0DE001F008FB46
:1074D00022463146FBF78CFFAA6A904216D101235F
:1074E000C5E90703AE612646294801F0EDFA294BAC
:1074F000294800221A7001F015FA60BB002E36D020
:107500002B6A012B14BF01200220A2E71A4B1B4E4D
:107510002249F61AF6083604034646F0010002F046
:10752000E0FDE0E7FFF73AFF01260446002CDBD040
:10753000BFE7FFF79FFE00260446F7E7FFF79AFE36
:10754000044630B10D480C4B1549C01AC008000460
:107550008DE70126C8E7084B08481249C01AC00841
:10756000000440F0010002F0AFFD032071E70120AC
:107570006FE700BFE016012090D80E00B8D80E00CB
:107580002AC90E00FEC80E009DC80E0043C90E0099
:1075900004170120C50F012069720E00B6C80E0045
:1075A00014C90E0075C90E0010B50024D4F8F83FB8
:1075B000013304D1084940F6F870FDF78BF9D4F88F
:1075C000FC3F013307D1BDE810404FF47E2140F667
:1075D000FC70FDF77FB910BD00000E000023C0E96C
:1075E0000232C0E900118B881A440261B1F90630F9
:1075F0001A4442610888003818BF0120704710B54E
:10760000426811880346002939D002F11001416017
:10761000148A2CB9C2680168FFF7E0FF204610BD4C
:107620009078118900F03004302C1BD1947C04F048
:107630003004302C1DD190881969091A1961002174
:10764000907810F0300F02BF986801309860908AEF
:107650000844196901441961B2F9162011445961AD
:107660000120DCE700F0F004202C02D150894143D6
:10767000E6E700F0C000802808BF0421E0E70846E4
:10768000CDE770B5466804460D4663681A88AA427D
:1076900004D19B7803F00F03082B07D12046FFF796
:1076A000AEFF6368B342F0D1002070BD0120FCE75B
:1076B00043681A44426011B101399A4201D1012054
:1076C000704713F8010B01F8010FF6E770B5426837
:1076D000927802F00F01082986B003461FD1036992
:1076E0001C6800260CB906B070BD236826739D681F
:1076F000626829466846FFF771FF6368049304F1E6
:107700000C030593AB7803F0C003802B08BF231D47
:10771000684608BF0493FFF7D9FFA468E2E712F0B8
:10772000C00126D102F03000102810D15A69117022
:107730005A6818699378D46803F00F03072B0BD1AC
:107740000146204606B0BDE8704000F01AB8900629
:10775000EED55B691980C6E71289214624B106B0CF
:10776000BDE8704003F0B8B906B0BDE8704003F062
:10777000DBB98029B7D10069002192060160B2D53A
:10778000E7E77FB50A4601466846FFF727FF30B1B5
:107790006846FFF79BFF6846FFF731FFF7E707B042
:1077A0005DF804FB10B5836804460BB9002010BDDA
:1077B0000368012298470028F8D0A368013BA36022
:1077C000F5E72DE9F3410F460DF107018046FFF77C
:1077D000E9FF054620B90025284602B0BDE8F08142
:1077E0009DF907309DF80740002B13DA04F07F0461
:1077F00007260DF107014046FFF7D4FF0028EAD025
:107800009DF8072002F07F03B3401C43130606F1E6
:10781000070601D43C60DFE7232EEAD1DBE7000056
:1078200030B5044685B01546A9B90268114B9A4295
:1078300011D0102D06D82A4669462046FFF7F0FFE2
:1078400005B030BD102269462046FFF7E9FF002849
:10785000F6D0103DEDE7A368AB4201D20020EFE780
:1078600023682A46204698470028F7D0A268521B72
:10787000A260E5E7B1760E00F7B50E4601A907460E
:107880001546FFF79EFFA0B1019A511C4FF000046E
:1078900004D2B37803F0C003802B01D1204608E066
:1078A00033898B42FAD329463846FFF7B9FF019B4B
:1078B000EC5403B0F0BD73B50D4601A9064614465D
:1078C000FFF77FFF98B1019AB2F5803F11D2AB78F4
:1078D00003F0C003802B02F102010AD02B898B42F6
:1078E00007D32146304621F8022BFFF799FF02B05B
:1078F00070BD0020FBE7000010B5034C8260002241
:10790000C0E90041C26010BDB1760E002DE9F3411F
:10791000002580460E462F462C460DF107014046B5
:10792000FFF740FFC0B19DF807C0A4F120030CF0A1
:107930007F02C4F1200102FA03F322FA01F10B43A2
:10794000A2401CF0800F45EA020547EA030704F154
:10795000070404D1C6E9005702B0BDE8F081462C07
:10796000DBD10020F8E737B50D4669461446FFF72E
:10797000CDFF70B12B89082B0DD1DDE90032C4E9B0
:107980000032DDE90001914208BF98420CBF01209E
:10799000002003B030BD042B03D1009B23600022E4
:1079A000EFE7022B03D1009B23809BB2F7E7012B6B
:1079B00004D1009B237003F0FF03F0E70020E8E709
:1079C00037B50D4669461446FFF7A0FF30B12B8945
:1079D000082BDDE9001203D1C4E9001203B030BD69
:1079E000042B4FEAE17009D121600B460246824226
:1079F00008BF8B420CBF01200020EFE7022B03D110
:107A00000BB22380DA17F2E7012B02D14BB22370BD
:107A1000F8E70020E2E7F7B51F4600233B700D466C
:107A20000B70136001A904461646FFF7CAFE30B971
:107A3000A36813B901233B70002003B0F0BD019C83
:107A4000002CF7D0E30804F0070433602C70F4E74F
:107A500013B50446052925D8DFE801F0030F1724E4
:107A60002422012201A92046FFF7DAFE18B19DF970
:107A70000430002BF5DB02B010BD082200212046A7
:107A800002B0BDE81040FFF7CBBE01A9FFF799FE99
:107A90000028F0D0019A00212046FFF7C1FEEAE756
:107AA0000422EBE70020E6E773B50D4601A9044682
:107AB000FFF787FE064618B90026304602B070BDB3
:107AC00094E80F0085E80F0001998A42F4D3A96079
:107AD000A3685B1AA360F0E72DE9F0435768BB7811
:107AE00013F0C00489B006468C46154603D0402CDE
:107AF0006CD000240CE003F00F02614903F0300366
:107B0000202B51F8228028D006D8CBB1102B1ED0C4
:107B1000204609B0BDE8F083302BF9D16B69398874
:107B20001980072A0AD16B6828691A89214602F050
:107B3000FBFF6B682969D868FFF723FE2A6942E0DA
:107B40002A693946434609B0BDE8F04318476B69D6
:107B500001221A702A696968F4E7BCF1020FD5F8AE
:107B6000149024D1042A22D804A9FFF79DFF0446CB
:107B70000028BED0069B2BB16968B9F800304A894D
:107B80009A4205D8059B7360069B002BC0D0B0E7D6
:107B900008892A6903FB002204A8C04728B1B9F864
:107BA00000300133A9F80030E4E70446EAE7B9F809
:107BB00000307A899A429CD92A693989581CA9F8D7
:107BC000000003FB012269683046BBE7D2F8108051
:107BD000474657F8043B23B909B0BDE8F043FFF727
:107BE00037BF022914D104A9FFF75EFF002880D017
:107BF000D8F8003069683A4604A898470446002837
:107C00003FF477AF069B002BF2D1059B73607FE7B3
:107C1000012926D005292CD000297FF46AAF0C4613
:107C20000DF1040901340B2C3FF463AF01224946E6
:107C30003046FFF7F5FD00283FF45BAF19F9013B33
:107C4000002BEFDB0F4B049301ABCDE90534002390
:107C50000793D8F8003069683A4604A89847044664
:107C600056E7082201A9FFF7DBFD08240028E9D127
:107C70003FE704220DEB0201FFF7D2FD0424F5E7F4
:107C800090C90E00B1760E002DE9F04F91B0044678
:107C9000002604A8CDE90266FFF7A0FCA3683BBB61
:107CA000DDE9053404A89D78FFF7A9FC0028F7D189
:107CB00015F0300F03D1059B1B8803B10134002C54
:107CC00000F0A980630902A90022934240F09C8041
:107CD00010AA02EB830304F01F0453F8383CC4F1EC
:107CE00020044FF0FF30E040C31A584258410DE0E5
:107CF0000DF1030301AA0DF102012046FFF78BFEEF
:107D000038B99DF80330002BCAD1002011B0BDE86E
:107D1000F08F019904A8FFF7B4FC002850D1019B13
:107D2000B3427DD3059D059A937803F00F03082B8A
:107D30007FD004A8FFF763FC059B9D42F3D14FF071
:107D4000FF36019FB7426BD3089B9DF802A0D4F881
:107D500008801D684FF00109A368002D5DD098458B
:107D60009CD12B68D3F800B0BBF1000F08D053466C
:107D70003A4629462046D8470028C6D0AD68EBE7EA
:107D8000D3F808B0BBF800309F42F7D16A68594673
:107D90000AA8FFF723FC6B680E9305F10C030F9301
:107DA0009BF8023003F0C003802B04BF2B1D0E9301
:107DB0000AAA85F80C9051462046FFF78DFEDBE7B6
:107DC000059B9B7813F0300F0FD1069A3F2A0CD8F1
:107DD000510910AB03EB810102F01F020123934014
:107DE00051F8382C134341F8383CE5682DB19DF823
:107DF0000220019904AB2046A8479DF8021004AA6E
:107E00002046FFF769FE10E051F8045B01357FF46E
:107E10007DAF013259E7012078E798457FF43EAF06
:107E20009DF802102046FFF713FE00287FF436AFBE
:107E30006BE7168885E737B50C46054611462046A0
:107E40000192FFF79EFC019A2146284603B0BDE847
:107E50003040FFF719BF70B586B0CE6801920C466E
:107E600002A90546FFF720FE68B1E06858B1A37883
:107E7000019A03F03003202B314602A805D1FFF709
:107E8000DAFF039B6B6006B070BDFFF7FDFEF8E7FD
:107E900013B50C466946FFF739FD60B1DDE9001303
:107EA0004A0842EAC372C9074FEA530344BFD243A8
:107EB000DB43C4E9002302B010BD37B50D46694667
:107EC0001446FFF7E5FF70B12B89082B0DD1DDE9D2
:107ED0000032C4E90032DDE90001914208BF984256
:107EE0000CBF0120002003B030BD042B03D1009B48
:107EF0002360DA17EFE7022B03D1BDF900302380AE
:107F0000F7E7012B03D19DF900302370F1E7002042
:107F1000E9E713B504220C460DEB0201FFF780FCE4
:107F200008B1019B236002B010BD1146FFF7F1BFFD
:107F300013B508220C466946FFF772FC18B1DDE95B
:107F40000023C4E9002302B010BD1146FFF7F0BFC3
:107F5000831F012B10B5044602D8002000F09CFDC1
:107F6000034B1B681BB12046BDE81040184710BDED
:107F7000C80F012038B5104B104C1860104B114938
:107F8000E41AE408240444F0030002F09DF8002001
:107F9000FFF7DEFF0C4800F067FD054620B9BDE89D
:107FA0003840094800F050BB0246084944F001003F
:107FB00002F08EF8284638BDC80F0120B8D80E0050
:107FC00090D80E0068CB0E00517F0E007BCB0E00C8
:107FD000044A13680BB1013B136043690BB1C068DD
:107FE00018477047CC0F012010B40549054C0022FA
:107FF000904218BF214604485DF8044BFBF774BB60
:1080000080BD0E00ACBD0E0058A2002013B5009339
:1080100013460A4601460C48FBF798FB044630B964
:108020000A4A136801331360204602B010BD0848A5
:10803000084B09491B1ADB081B04224643F00200C7
:1080400002F046F8F0E700BF58A20020CC0F012054
:1080500090D80E00F0D80E00A5CB0E0010B5134638
:108060000A4601460B48FBF707FC044628B90A4AB2
:10807000136801331360204610BD0848084B0949B6
:108080001B1ADB081B04224643F0020002F020F812
:10809000F1E700BF58A20020CC0F012090D80E00BD
:1080A000F0D80E00D2CB0E00014B18700B20704799
:1080B000D00F0120024B002218781A70704700BFC1
:1080C000D00F012018DF704730B585B0054610226B
:1080D0000C466846002102F027FDA4086846019579
:1080E0000294FFF7EFFF05B030BD1FB50023CDE9C7
:1080F00001330393684602230093FFF7E3FF05B0C3
:108100005DF804FB4FF000534FF480521A600020DA
:1081100070470000014B06201B681847DC0F012048
:108120000A2803D90B38C0B2FFF7BEBF7047000062
:1081300010B5044686B00020FBF708FC014698B154
:108140001D4A18212046F9F777FB58B31B4A1C4BF0
:108150001C499B1ADB081B04024643F0010006B0D1
:10816000BDE8104001F0B4BF1822684602F0DCFC04
:108170000423154A8DF80030144B116D1B68994289
:1081800012D1134B186801F0AFF98DF80100FFF719
:10819000C7FFD4E901138DF80100684698470D48E0
:1081A00000F0C0FB06B010BD01238DF80130684619
:1081B000D4E901139847F5E731810E0090D80E00FD
:1081C000F8D80E000DCC0E00E0160120D40F0120CF
:1081D000D80F012015810E00F0B5044689B0182291
:1081E000002102A802F0A0FC22788DF808200123CB
:1081F0008DF809300C2A00F2EC81DFE812F06600FD
:1082000074001F0074007400EA0174006B007400B5
:1082100069000D002C006F004FF08053D3F800214F
:108220000392D3F804210492D3F80C21920206920F
:10823000D3F81021920205921B690793D4E9011328
:1082400002A898479DF80930012B00F0B781A94B8F
:1082500005201B68B1E14FF44053A74D58682A6AC6
:10826000A649884214BF01230223012A227C08BFA9
:10827000013352B902238DF80C30EB680493A04B04
:108280000593C3F57E230693D8E7012A10D18842CF
:108290000ED14FF440531A78142A8CBF5B69002327
:1082A00004934FF4805305934FF440539B68EAE7DF
:1082B0009A4209D201238DF80C30AB68049300F088
:1082C00033FCAB690590DEE7FF238DF80C30B5E792
:1082D000237CFAE7238AADF80C30AFE7854B072003
:1082E0001B689847AAE7062A864D01D0012A01D1CA
:1082F00023692B702B78012B0ED0022B60D0824B80
:1083000082488349C01AC008000440F0010001F00F
:10831000DBFE00232B70D7E0013A072A8ED801A399
:1083200053F822F045830E003D820E00B5830E0007
:1083300085830E003D820E00AF830E003D820E004D
:108340005D830E006B4B03201B689847606900F04B
:108350001FFEFFF7E5FE8DF809006FE7A18A20698F
:1083600000F02EFEFFF7DCFE634B8DF80900DA6BA0
:108370001B6C0493E3680392002B3FF45FAF20690A
:1083800098475BE76349644800F074FEFFF7C8FE56
:1083900001288DF809007FF451AF002000F0C2FAE7
:1083A00000283FF44BAF0A238DF8093046E74FF41D
:1083B00000730593504BDA6B1B6C039204933DE7FB
:1083C000013A072A3FF63AAF01A353F822F000BF63
:1083D000F1830E003D820E0077850E0081850E0030
:1083E0003D820E00C1850E003D820E00CD840E0040
:1083F00000F016FE58B94548434B4849C01AC0081A
:10840000000440F0010001F05FFE0823CCE7626940
:108410005AB93E483C4B4249C01AC008000440F0DB
:10842000010001F051FE0323BEE7C2F30B036BB161
:10843000314B38495B6D096813448B4206D0334891
:10844000314B3849C01AC0080004E8E7B2F5805F34
:108450000BD92D4B2D483449C01AC008000440F0F8
:10846000010001F031FE04239EE7234929484B6DAA
:108470000568D018A8420BD9234924480095401A12
:10848000C0080004294940F0010001F034FEBCE7B7
:108490004A64CA6C8A640B651F4A0B636169106881
:1084A00001F6FF710022090B1844FFF7D7FD0028E1
:1084B0003FF4C4AE1548144B1D49C01AC00800044F
:1084C00040F0010001F000FE05236DE700F0A8FD7B
:1084D00000289AD0084DA18AD5E914329B1A6A6CFB
:1084E0000B44934228D90948074B1249C01AC008C7
:1084F000000494E7DC0F0120E0160120DBE5B15118
:1085000000000E00DCA1002090D80E00F8D80E006C
:108510008CCD0E00D40F0120D80F012036CC0E00D8
:108520006BCC0E0084CC0E00A5CC0E00C9CC0E0086
:108530003ACD0E0051CD0E002C4B2F6B1B682069DD
:1085400005F148021F44FAF753FFE368A28A216944
:1085500006463846FFF75AFD08B1E3680FE7A28ADE
:108560002B6B049613442B63A38A2A6DAE641344C9
:108570002B65039362E61E4B9A6C04921B6DF8E721
:108580001B48D0E91453426CEB1A93420AD01949A4
:108590001948401AC0080004184940F0010001F0D1
:1085A000A0FD32E7836CC364002141644565204629
:1085B000FFF7BEFD124B1B680420984709B0F0BDC1
:1085C0000B4B9A6C1B6D03934FF4805304920593ED
:1085D00034E6084B08480B49C01AC008000440F0B4
:1085E000030001F075FD0223DEE600BFD80F012075
:1085F000E016012090D80E00F8D80E0068CD0E00CD
:10860000DC0F0120ACCD0E0010B583688BB10A4A97
:108610001821F9F711F9044648B10848084B0949EF
:108620001B1ADB081B0443F0020001F04DFD20463D
:1086300010BD0724FBE700BFD9810E0090D80E00C3
:10864000F8D80E00CBCD0E0038B50546C0B10120DC
:10865000FFF7CAFC044648B900F08CFC00F0E0FCCF
:1086600030B9084B00201D60FFF71EFD204638BDC5
:108670000549064800F0FEFC0128F2D00324F5E786
:108680000724F3E7DC0F0120D40F0120D80F0120CD
:108690002DE9F04115464FF46072064688461F46A4
:1086A00002F00AFA28B915B90020BDE8F081A84700
:1086B000FAE7002201213046FFF7D0FC58B11148FB
:1086C000114B1249C01AC008000440F0010001F02B
:1086D000FBFC0320E9E74FF460724146384602F0A4
:1086E000FBF92B464FF4607239463046FFF78EFC9B
:1086F0000028D9D00348044B0549C01AC00800041B
:10870000E3E700BF18D90E0090D80E00FBCD0E0095
:108710001ECE0E002DE9F0414C4C2368013366D08B
:1087200000225821201DFAF763FED4F80080A8EB40
:108730000002D2F1000848EB0208454E454D37686B
:108740003B6801337CD000225821381DFAF750FED7
:108750003B6883424ED17C68012C0AD00022C321A1
:1087600007F51870FAF744FED7F85C42231A5C420A
:108770005C41B8F1000F3FD0344936484FF4607285
:1087800002F0AAF964B1316833485422043102F08E
:10879000A3F9316831484FF432725C3102F09CF930
:1087A0006C68012C4AD12E4B2E482F49C01AC008A4
:1087B000000440F0030001F087FC2C49402201F541
:1087C000E47002F089F92A491C2201F5E47002F0F4
:1087D00083F9284985F8A1420023042201F286206A
:1087E00085F8603285F8E23202F076F924E04FF045
:1087F0000008A2E70024BCE71A48194BC01AC008B9
:1088000000044CB11C4940F0030001F05DFC3168EC
:1088100010484FF46072C1E7114B12481749C01A53
:10882000C008000440F0020001F04EFC09484FF47B
:108830006072002102F078F902236B60BDE8F081DC
:10884000B8F1000FE8D0002496E700BF00F00F0059
:10885000E0A10020E0160120E41601203C170120D1
:1088600090D80E0018D90E0002CF0E003C1801203F
:108870007C180120FC16012045CE0E009ECE0E0075
:1088800070B50C4C054600225821201DFAF7B0FDAA
:1088900000222060C32104F51870FAF7A9FD2A46CA
:1088A000C4F85C022146044B0448BDE87040FFF761
:1088B000EFBE00BFE01601206013012000F00F00A2
:1088C000F8B50F4B0F4C104FE41AE40824043A6833
:1088D00006460D4644F003000C4901F0F9FB324610
:1088E0000B4B38682946FFF7D3FE024630B144F0FF
:1088F00001000849BDE8F84001F0EABBF8BD00BF3F
:1089000090D80E0018D90E00E0A100202ECF0E0046
:10891000E00F012058CF0E000149FFF7D1BF00BF83
:1089200000F00F0038B505460020FFF7A9FF044608
:1089300018B903492846FFF7C3FF204638BD00BFDA
:10894000E016012007B5FFF74FFB70B10F4A104B3F
:1089500010499B1ADB081B04024643F0010001F09A
:10896000B7FB032003B05DF804FB0190FFF7D2FED4
:108970000198FFF7D7FF0028F4D0044A044B0649BA
:108980009B1ADB081B040246E7E700BF90D80E00E5
:1089900018D90E0095CF0E00C0CF0E0010B5084CB0
:1089A0004FF40072FF2104F15C0002F0BDF82022B8
:1089B000002104F1380002F0B7F80023236310BD52
:1089C000E016012029DF704738B50C4D0446D5F874
:1089D000643378B101330FD1002218210430FAF743
:1089E00007FD2060214605F559700722BDE8384093
:1089F000FFF7E8BF0E2038BD0820FCE700F00F00AD
:108A000008B528B103491C2202F066F8002008BD11
:108A10000E20FCE764F30F0010B5064C002218216D
:108A20002046FAF7E5FC54F8043C1B1A584258411A
:108A300010BD00BF68F30F0010B50A4CD4F8243302
:108A4000D4F864231340013309D04FF47F20FBF79F
:108A500029FFC92221464FF47F20FBF751FF002058
:108A600010BD00BFE0160120F8B5094F094CE41B0A
:108A70000646E4080025A54201D10020F8BD57F8BC
:108A80003530304698470028F8D10135F3E700BF6C
:108A90006CD80E0084D80E00F8B5094E094CA41B02
:108AA0000746E40800250436A54201D10020F8BDA0
:108AB00056F83530384698470028F8D10135F3E7A5
:108AC0006CD80E0084D80E0008B50C22002102F0EC
:108AD0002BF8024B00221A6308BD00BFE0160120EC
:108AE0004FF44053074A5968914201BF986800F615
:108AF000FF7020F47F6020F00F0018BF4FF480500B
:108B0000704700BFDBE5B15108B5FFF7E9FF054B42
:108B10009B69184400F6FF7020F47F6020F00F007E
:108B200008BD00BFE0160120FFF7DABF4FF4805008
:108B3000704700002DE9F74F1F46294BDFF8B4B00E
:108B40001B6ADFF8B49001910446154600934FF07C
:108B500000084FF4405AB8F1010F5FFA88F619D0B7
:108B6000022E23D0FFF7D0FF95B1009B013B594265
:108B70005941A9EB0000A04201D3019B53B3C9B9ED
:108B800008F10108B8F1030FE5D1A04223D213E0A8
:108B90002946EEE7FFF7A4FF37B9DAF80410B1EB86
:108BA0000B0118BF0121E4E74146E2E701214FF440
:108BB0008050DEE7A0420DD20A4B0B480B49C01A89
:108BC000C008000440F0020001F07EFA042003B067
:108BD000BDE8F08F16B10648FFF776FF0020F6E7F4
:108BE000E016012090D80E00B8D80E0021D00E005B
:108BF000F8160120DBE5B15100D00D002DE9F04F52
:108C00004049414E8A6B414DDFF82891DFF828A199
:108C1000DFF828B185B06F465C313846FEF76CFE50
:108C200097E80F004FF0000886E80F00384BF3601C
:108C30004FF447724146284689F80080CAF8008000
:108C4000CBF8008001F070FF32492A463046FFF72A
:108C5000F2F8044650B93048304B3149C01AC008C8
:108C6000000440F0010001F02FFA14E099F80090A0
:108C7000B9F1000F04D095F86C312C78A3B374B11E
:108C8000264B25482749C01AC008000440F00100BF
:108C900001F01AFA0024204605B0BDE8F08F95F8DF
:108CA0007241002CF7D0DBF80020DAF800103846CB
:108CB000FEF722FE97E80F0086E80F004FF4B2722D
:108CC000414605F5BA7001F02FFF174905F5BA7254
:108CD0003046FFF7B0F8044680B90F480F4B1349F0
:108CE000C01AC0080004BCE7002CD4D0AC79002C1A
:108CF000D1D008350E4B4C461D60CCE705F5BA7552
:108D0000F8E700BFE0160120AC1D0120901A0120F9
:108D1000898E0E00F8CA0E0028D90E0090D80E00D9
:108D20004DD00E007AD00E0044CA0E0099D00E002D
:108D3000C01D01208C1A0120881A0120841A0120EC
:108D400010B590F8553013F0FB0F08D190F864205F
:108D50002AB1846E74B30C600124204610BD13F058
:108D6000010403D090F8564004B1846D9B07F1D5FF
:108D700090F85C30002BEDD00F4B026EC3F57E23D4
:108D80009A4201D81444E5E70C490D48401AC0083E
:108D900000040C4940F0010001F0A3F90424074B42
:108DA00007480949C01AC008000440F0010001F05A
:108DB0008BF9D2E70F24F2E700000E0090D80E00E6
:108DC00028D90E00D5D00E00F2D00E002DE9F041CA
:108DD000DFF8B080AAB004460D4616461F467C2236
:108DE000202300210BA8029301F09EFE98F800308A
:108DF00023B9FDF7C3FE012388F800302FB12146C7
:108E0000202203A8FDF7D6FE03AC02AB174F019357
:108E10001749009733462A460BA8FDF795FE70B117
:108E2000144A154B15499B1ADB081B04024643F0F4
:108E3000010001F04DF900202AB0BDE8F0812022A8
:108E40002146384601F038FE70B10B48094B0C49F9
:108E5000C01AC008000440F0020001F035F900F02B
:108E6000E9FF0028FBD1E7E70120E5E7611A0120CF
:108E7000D4B90E0090D80E0028D90E0023D10E00D0
:108E800054D10E00601A012030B55B68DA680D4BD2
:108E90009A4208D10C4C236813B90C490B681BB1DA
:108EA0000B4B00221A7030BDD0E901321A4413F97D
:108EB000015B002DA2EB0300F9DB23600860044B8B
:108EC0000122EFE744CA0E00881A0120841A01200B
:108ED0008C1A012013B54FF440531F4A5B6893422C
:108EE00038D000F500514C68A11A4C424C419342D5
:108EF0002DD100F500525168994228D14FF44053CA
:108F000016481978142982BF5B691549B3FBF1F340
:108F1000117898BF0023142982BF52691049B2FB0F
:108F2000F1F21049A0EB010098BF00220E49009217
:108F3000C00893424FEA00400C4A40F0030018BFBB
:108F40000A460B4914BF0124002401F0D4F820463E
:108F500002B010BD0024CAE7DBE5B15128D90E00EC
:108F600040420F0090D80E006ED10E0074D10E005A
:108F70007AD10E0008B5044B986B08B1FFF73EFE9E
:108F8000024B187008BD00BFE0160120BC1D012077
:108F900010B5044658B1B0F5007F0AD8064B002240
:108FA0001A70FFF7FBFC054B01209C6310BD0320EA
:108FB000FCE70420FAE700BFBC1D0120E0160120F9
:108FC00070B5134C0646E06BA36B42189A420D46EF
:108FD0000BD9104B10481149C01AC008000440F0CA
:108FE000010001F071F8032070BD5C300A46204496
:108FF000314601F071FDE36B04F140022B44294638
:109000003046E363FAF7F4F920640120ECE700BF8F
:10901000E016012090D80E0028D90E00BAD10E001B
:10902000014B1878704700BFBC1D012010B50D48DA
:1090300090F86C21031D00F5B870002A08BF18468F
:10904000043000F055FA0128044609D00648074BC1
:1090500007491B1ADB081B0443F0020001F034F837
:10906000204610BD901A012090D80E0028D90E007D
:10907000DDD10E002DE9F843324BD3E90E329A428E
:1090800006460D460DD0304B30483149C01AC00855
:10909000000440F0010001F017F808242046BDE864
:1090A000F883DFF8BC8098F800704FB1FFF72CFD13
:1090B000284B306029461868BDE8F843FFF740BEEA
:1090C000FFF79CFD90B3FFF7B1FF0128376004461E
:1090D0002F6022D1DFF87C902946D9F80000FFF7F5
:1090E0002FFE0128044618D1D9F8003093F8551006
:1090F000012903468CBF0021012128683A46FFF769
:1091000019FD68B1104B11481349C01AC00800047A
:1091100040F0010000F0D8FF0424FFF73FFCBDE75A
:10912000FFF7F2FC88F800403060B7E7064B0748CD
:109130000A49C01AC008000440F0010000F0C4FF52
:109140000524ABE7E016012090D80E0028D90E00C8
:10915000F3D10E00C01D01200ED20E0029D20E0048
:10916000BC1D012001237230FFF730BE10B504464C
:10917000084623781146032B03D8DFE803F01504D3
:109180000D15002010BD0022D4F80140FAF730F987
:10919000231A58425841F5E70A4600230146601C4D
:1091A000BDE81040FFF712BE0120EBE72DE9F043C8
:1091B000A3B005460E46144600217C221F4603A894
:1091C00020239DF8AC800293DDF8A89001F0ACFC60
:1091D00041220021284601F0A7FCB6F89430A342B2
:1091E00082BF442303FB046393F8968085F80080D4
:1091F000B8F1030F38D8DFE808F009020F2C00227D
:1092000049463846FAF7F4F8C5F801004A463946A7
:109210002846FFF7ABFF19E002AB01936B1C0093EC
:1092200016494B463A4603A8FDF78EFC0028EDD0C0
:10923000FAF79CFE124B1349024613481B1ADB082F
:109240001B0443F0010000F043FF002023B0BDE801
:10925000F08344214C4333199A34B3F898203119E0
:10926000681C01F039FCD1E70548074B0749C01AD3
:10927000C0080004424640F00100E4E7D4B90E0003
:1092800028D90E0046D20E0090D80E0077D20E00DC
:109290002DE9F047854B1D68A4B004460F46914662
:1092A0000A4601462846FFF75DFF002800F0FB80D4
:1092B00095F8556026BB4FF00108CDE900782346AC
:1092C0003246294613A8FFF771FF00283AD0B9F1BA
:1092D000000F00F0E4804122754813A901F0FCFB67
:1092E000744BC3F82C801E626A689A60002239466B
:1092F0002046FAF77DF86F4B0125C3E90970C9E0F4
:109300004122002102A801F00FFC06F0010A4122CF
:10931000002113A806F0020601F006FCBAF1000FC6
:1093200000F0AE8004F50051634B4868984214D0B9
:109330006248634B6349C01AC008000440F0010052
:1093400000F0C2FE0525B9F1000F40F0A080FFF744
:1093500025FB284624B0BDE8F087AB6D03F5FF522E
:1093600003F6FF731F32C3F30B03D31A8A689A42C2
:1093700006D25248524B5449C01AC0080004DDE7D7
:109380004FF440535A68824213D11A78102A88BF8A
:109390001A690B7898BF0022102B8CBF0B69002331
:1093A0009A4206D04548464B4849C01AC0080004B6
:1093B000C4E72046FFF78EFD88B1404B404A444940
:1093C000A3EB02084FEAD8084FEA084848F0020029
:1093D00000F07AFE1EB93F4948F00100B0E70123D2
:1093E0000193AB6D009300222346294602A8FFF7A4
:1093F000DDFE0028A6D0AA6DA318BA1AB6B10021C6
:10940000CDE9002113A852462946FFF7CFFE0028D8
:1094100098D09DF84C304BB12848294B2E49C01AA2
:10942000C008000440F0020000F04EFEB9F1000F49
:1094300035D0DFF88080BAF1000F24D02046FFF746
:1094400049FD18B108F11800FFF73EFB23484122FF
:1094500002A901F041FB002E14BFAC23A523C8F8DC
:109460002C30AB6DC8F83430002E3FF43FAF1C48B1
:10947000412213A901F030FB6B68C8F80C3035E7C6
:109480003A462346BAE7AA23C8F82C30ECE7154839
:10949000FFF71AFBFFF782FA064B9C6459E7054B6E
:1094A00001255D6155E717254DE700BFC01D01206F
:1094B00081190120E0160120DBE5B15128D90E0009
:1094C00090D80E0098D20E00E9D20E0052D30E00B2
:1094D000BFD30E0000D40E0041D40E00401901206D
:1094E000C2190120041701200122FFF7D1BE00009C
:1094F000F8B590F854309BB190F85530032B0FD845
:1095000090F86E20032A17D0414B42484249C01AB6
:10951000C008000440F0010000F0D6FD1420F8BDA2
:109520003C483B4B3D49C01AC008000440F00100D4
:1095300000F0CAFD0F20F2E7027A32B93548344B09
:109540003749C01AC0080004F0E7C268342A0BD0BB
:109550002F4B30483349C01AC008000440F00200C5
:1095600000F0B2FD1120DAE74FF440552E496C6847
:10957000028A8C4236D142B1416971B3D2B200F154
:1095800014040021CEB2B2420BD8214B2148274906
:10959000C01AC008000440F0020000F095FD12203F
:1095A000BDE754F8047BAE89B74201F10101E9D16E
:1095B00002780AB3012B28D91D4B4268DB689A4216
:1095C00023D8134B13481B49C01AC008000440F0AD
:1095D000020000F079FD1020A1E7002BE8D0012B5C
:1095E000E6D1D2E712B14269002ACED1012BDFD1F8
:1095F0000278002ADCD1C8E7012B06D90548044BC4
:109600000D49C01AC008000490E7012087E700BF99
:1096100090D80E0030D90E00AFD40E0098D40E00B2
:10962000C2D40E00D1D40E00DBE5B151E4D40E005B
:10963000E0160120F4D40E0008D50E00008800F0DA
:1096400001007047030A08704B70030C000EC870CD
:109650008B7004207047000070B54278012A0446E0
:109660000E4609D05748584B5849C01AC008000444
:1096700040F0020000F02CFD2378082B0DD17388F8
:109680003288013B9BB27380002A00F09980002B46
:1096900040F09680032372802370356960232B701D
:1096A00023786B706378AB70012B7ED123780B2B02
:1096B00000F28480DFE803F0758282488282525F84
:1096C00082750635E91C6068FFF7BCFF0330C2B243
:1096D00055FA80F1A068FFF7B5FF1044C2B255FA01
:1096E00080F1E068FFF7AEFF1044C2B255FA80F196
:1096F0002069FFF7A7FF1044C2B255FA80F16069F4
:10970000FFF7A0FF1044C4B2182C39D92E4B2D48B6
:109710002F49C01AC008000440F0010000F0D4FC3A
:109720002EE02379EB70291DA068FFF78BFF043032
:10973000C2B255FA80F1E068FFF784FF1044C2B26C
:1097400055FA80F12069DBE76068E91CFFF77AFFD2
:109750000330C2B255FA80F1A068D1E7E91CE06895
:10976000FFF770FF0330C2B255FA80F16068FFF76F
:1097700069FF1044EDE7A388EB701B0A2B710524E9
:109780007368214628469847D0B10E480E4B1149C0
:10979000C01AC0080004BDE8704040F0010000F0AD
:1097A00093BC2379EB700424EAE70B2B06D1FEF778
:1097B00081FCE8700020FEF777FCF4E70324DFE784
:1097C00070BD00BF00D90E0090D80E0033D50E003A
:1097D0005BD50E007CD50E00F0B50F4687B0044671
:1097E0000D46164600211822684601F09DF917F82B
:1097F000013B1D4A8DF80030013B019402920A2B77
:109800000BD8DFE803F011060A0A0A0E291E2D0AFA
:109810002D00B5F8013023806380A368384698474F
:1098200015E06B780493F8E7238863806B78D5F8AC
:1098300002200493012B0592EFD16069FFF72CF908
:10984000EBE7A3680497013EADF814600393684604
:10985000FEF7DAFE07B0F0BDE368ADF81030DCE7E4
:109860006B788DF81030D8E759960E000369C268FE
:1098700093429CBF80681B18013B981A70472DE9E2
:10988000F843D0E902940546A9EB040840689045E6
:1098900020440F46144404D901F01EF9EC60BDE8E1
:1098A000F8834246A4EB090401F016F968682246E1
:1098B00007EB0801F0E72DE9F843C568064689463D
:1098C00017464FF000083469B3687068A54228BF96
:1098D000E418013C621B5C1BBC4228BF3C4694421E
:1098E00028BF144649462844224601F0F5F8B368DB
:1098F0002544AB4208BF00253F1BA044A144F560AE
:10990000E1D14046BDE8F88310B5114C114AA2617F
:109910000223C4E90433104BE361A2644FF40073E3
:109920000E4A0F492362E26400231022E01DA36265
:109930006362E362A3656365E365226501F04AF94A
:109940000849204601F046F92023A37110BD00BF4D
:10995000C41D0120B6D50E004C1E01203C1E012066
:10996000BFD50E00C3D50E0070B5164B182400FBF2
:1099700004451D4404FB00331646DC6A012C0ED05E
:10998000022C18D0E4B92846FFF770FF864204D8AD
:1099900032462846FFF773FF3446204670BD2846FE
:1099A000FFF764FF8642344628BF04462246284615
:1099B000FFF765FFF1E72846BDE87040FFF77BBF82
:1099C0000024EAE7C41D0120FFF79EBF8268002340
:1099D000936082681361826853618268D360826891
:1099E000536082681360704730B5C38885B0044601
:1099F0000D4633B1144A00921449154A284600F026
:109A00007BFC217A05291DD0637A4BB1A08800F038
:109A1000F1F9104B104953F82020284600F06CFC57
:109A2000227A0E4BA08853F822200392002100F0E6
:109A3000C5F9039A0A490346284605B0BDE83040F7
:109A400000F05ABC05B030BDEAD50E00D2D50E00EC
:109A5000CAD50E005CD60E0074D20E0080D60E0061
:109A6000EFD50E0007B503460846197A052911D02F
:109A70005B7A2BB1094A0A49019000F03DFC01983C
:109A80000849019000F038FC019803B05DF804EB40
:109A900000F027BC002AF8D0F2E700BFEAD50E009C
:109AA00074D20E0083B60E002DE9F04385B01F4638
:109AB0000C9D002395F80C902B7306460C4690469F
:109AC00029463846FFF790FFB8F1060F09D8DFE8BE
:109AD00008F00412181F283340003146284600F0D1
:109AE0000BFC002229463846FFF7BCFF85F80C9096
:109AF00005B0BDE8F08322683146284600F0FCFB43
:109B0000EFE7D4E900233146284600F0F5FBE8E70B
:109B1000A36800933146D4E90023284600F0ECFB0B
:109B2000DFE7E3680193A36800933146D4E900239B
:109B3000284600F0E1FBD4E723690293E368019330
:109B4000A36800933146D4E90023284600F0D4FBF3
:109B5000C7E76369039323690293E3680193A368EA
:109B600000933146D4E90023284600F0C5FBB8E74E
:109B700008292DE9F84F80460E4617461C463DD869
:109B8000002593F80C901D7319461046FFF72CFF23
:109B9000DFF890A0DFF890B0AE4231D918F8052078
:109BA0005946204600F0A8FB0135082DF4D11A498A
:109BB0001A4DDFF878A0204600F09EFB4FF0000B16
:109BC0005E4524D918F80B207E2A1ED8511C144B50
:109BD000C9B2C95C11F0970F08BF2E22514620462A
:109BE00000F08AFB0BF1010BBBF1080FE8D1012259
:109BF00021463846FFF736FF84F80C90BDE8F88F11
:109C00005146204600F078FBCEE72E22E6E72946B3
:109C1000204600F071FBE5E703D60E0001D60E00EA
:109C200024D70E00FFD50E00F9D50E0005D60E0084
:109C3000037813F0040216D003F00303012B03D0C2
:109C4000022B09D0012070470A6800880232C0F355
:109C5000831002440A60F5E70B684288023303EB85
:109C600092130B60EEE71046704700002DE9F04FAD
:109C7000DFF81CA187B00F4600230446861C0DF1B7
:109C8000070015468DF80730F9F778FBDAF804205D
:109C90003A60DAF8083003F580739B1A0AF21C4721
:109CA0000AF583690AF21448B3421AD30020002D42
:109CB00069D004F00F039B0143F0050363F30F0029
:109CC000DAF80430DAB2033233444AF822009DF85D
:109CD0000700CAF80430F9F775FB012007B0BDE8AA
:109CE000F08F01213846F9F784FC4846F9F79CFCCF
:109CF0004046F9F799FCDAF808000290C0B2033048
:109D00000AEB800002A9FFF793FF029B30BBDAB297
:109D10000AEB8202D16803919A1C0133DBB20AEB91
:109D200083030292D3F80CB001F00303012B22D07D
:109D3000022B15D083464046F9F779FC10B1029BFF
:109D4000CAF8083059463846F9F753FCDAF80830B3
:109D5000DAF8042003F580739B1AA5E7D8B2CEE7A2
:109D6000BDF80E30C3F3891303334FEA1B4B02EBEC
:109D700093030293DFE7BDF80C30C3F383134FEA7C
:109D80001B4B1344F5E7A40544F0060098E700BF19
:109D90001C210120064B074810B500221A70FAF763
:109DA00044F8044610B90448FFF710FE204610BDE1
:109DB0001C21012094D90E00ACD60E0030B50A4CFF
:109DC00071B10A4A0A49121BD20800239A4201D1F2
:109DD000002030BD31F82350854202D00133F5E731
:109DE000034654F83300F4E790D80E0058D90E001B
:109DF00058A20020094B013903EBC000032909D800
:109E0000DFE801F00A020406042070470079704779
:109E100040797047002070470220704790D80E00AC
:109E2000034BD3E90130C31A58425841704700BF71
:109E30001C2101202DE9F04186B0FFF7F1FF054616
:109E4000002840F0ED80774CC4F81804BFF34F8F22
:109E5000A3680293DBB2033304EB830002A9FFF78C
:109E6000E7FE029B18B1D4F81824002A5AD0DAB2BF
:109E7000991C013304EB8202DBB204EB8303D2684A
:109E8000DB68049302F00303022B0392029154D186
:109E9000BDF80E306448C3F38917502F3E4628BFE3
:109EA000502606F1080166F38F13C1F30901ADF8DE
:109EB0000E30F9F7D2FF0546002800F09C80F9F734
:109EC000FBFF0023082203A92846FAF707F80299A6
:109ED000CB43DBB20133C9B20331B6EB830F4FEA98
:109EE000830204EB810125D95FFA82F80823A6EBEF
:109EF00008062846F9F7F2FFF6B208F108034B49C5
:109F000003F0FC0332462846F9F7E8FF029B0337CB
:109F100003EB97070297D4F81834002B43D1D4F8F9
:109F2000106453E062689A4294D8A260284606B052
:109F3000BDE8F08108233246E5E7012B5BD1BDF88F
:109F40000C303948C3F38311062928BF062161F379
:109F50008913023101F00F018900ADF80C30F9F7D7
:109F60007CFF0546002846D0F9F7A6FF002308220B
:109F700003A92846F9F7B2FF0026BDF80C20C2F36A
:109F80008312B300964203F10803C4D202994A1C1B
:109F9000C9B20331029204EB810104222846F9F789
:109FA0009DFF0136E9E72846F9F78AFFFFF738FFFA
:109FB00080F00100C5B2B9E7F3685B7923B133687B
:109FC00029461B6830469847F3681E68002EF3D177
:109FD0002846F9F775FF0DF107008DF80760F9F7CE
:109FE000CDF9D4F818340BB9029BA3609DF8070093
:109FF000F9F7E8F9DAE7D4F8104454B90C4B0D48F6
:10A000000D49C01AC008000440F0020000F05CF8DE
:10A01000CCE7236820469B689847E3681C68ECE718
:10A02000002583E71C21012094D90E00282101205E
:10A0300090D80E00B8D80E0094D60E002DE9F34744
:10A0400004460E46924601A9012218469946FFF79A
:10A050000DFE1B4F10B3019D4FF00008AA1CC84510
:10A0600008EB020123D117480021F9F787FA80F3A2
:10A070001000000440EA1440E4006B1C04F03804B3
:10A08000DBB2EDB244F0010407EB8303033544EA8D
:10A09000881444EA8624D86047F825403B781BB1F1
:10A0A000FFF7C8FE0028FBD102B0BDE8F087C9B2B7
:10A0B00007EB81015AF82830CB6008F10108CEE7A0
:10A0C0001C2101203825012000231A46FFF7B6BFC6
:10A0D00007B50123019201AAFFF7B0FF03B05DF8B5
:10A0E00004FB07B5CDE9002302236A46FFF7A6FF6C
:10A0F00003B05DF804FB1FB5CDE90123069B039374
:10A1000001AA0323FFF79AFF05B05DF804FB0000E6
:10A1100030B51349D1F810440346002022464AB90D
:10A12000DC682071D1F8104454B9C1F81034DB68F0
:10A130001A6030BDD268157985420AD01268EEE700
:10A14000E468DA6824681460D1F81024D2681360D7
:10A15000EFE701300A28E1D14FF0FF30E9E700BF17
:10A160001C21012038B5084B0125D3F810441D707F
:10A1700004B938BDE3685D71236820465B68984781
:10A18000E3681C68F4E700BF1C21012008B500F05B
:10A19000A6F804480421FFF7BBFF034B01225A71C4
:10A1A00008BD00BFA8D90E00E4A10020F0B595B00D
:10A1B0001D46164608460C46F9F77EFE1A9B0D937F
:10A1C000CDE9086500252B46082205A920460A95F9
:10A1D0008DF82C500C95F9F78BFE079B0293069B8C
:10A1E00003939DF814308DF8115003F00302012AF7
:10A1F0001DD1BDF81420059DC3F3C203C2F383161D
:10A200008DF81030B20008230EA92046F9F770FE31
:10A21000C5F3952508AB0093324602AB0EA928463C
:10A22000FFF742FC2046F9F74BFE15B0F0BD022ABD
:10A23000F8D1BDF81650C3F3C203C5F389158DF8E4
:10A2400010300827082D2E4628BF08263B463246E8
:10A250000EA92046F9F74CFEAD1B08AB02AA314609
:10A260000EA83744FFF784FC002DEBD1DAE77047E6
:10A2700007B5044B0093044A8023FFF797FF03B010
:10A280005DF804FB8DA20E00D52501202DE9F843D1
:10A2900088461446B2B10F4B0F4E0325002743F0FA
:10A2A0000109224608EB07010020FFF75DFB074488
:10A2B000241A48B933782BB14FF47A40C847013D8E
:10A2C00002D13570BDE8F88301233370002CE8D14A
:10A2D000F8E700BFD0D60E00D42501207047FFF765
:10A2E00073BB10B5826804462AB1436901680069EE
:10A2F00098470023A36010BD0EB403B5039921B1A4
:10A3000004AB01AA019300F077F802B05DF804EB0A
:10A3100003B070470A2938B504460D4602D10D2115
:10A32000FFF7F8FFA3682268591CA160D554D4E94F
:10A3300001329A4204D32046BDE83840FFF7D1BF2E
:10A3400038BD00002DE9F84F9846DDE90A4315466F
:10A3500082460F460A464FF00109AA420FD2C14574
:10A3600038BFC14613F0010B01D16CB9002401269E
:10A37000B8F1010F1BD908F1FF386E43F8E709F176
:10A380000109B2FBF5F2E8E79B070ED5B8F1000F23
:10A390000CBF30262026A145E9D2013C314650466B
:10A3A000FFF7B8FF002CF6D1E0E72026F3E7B7FB74
:10A3B000F6F39D42E1D9DFF83C80B7FBF6F3504657
:10A3C00018F8031006FB1377FFF7A4FF3346AB42E0
:10A3D000B6FBF5F6F1D2BBF1000F02D00CB1A145EE
:10A3E00001D3BDE8F88F20215046013CFFF792FFD2
:10A3F000F4E700BFE4D60E002DE9F74F05461746F7
:10A400008846002900F03E8118F8011B49B92B7BD2
:10A41000002B00F03781284603B0BDE8F04FFFF76E
:10A4200060BF252940F0B780002698F800302D2B1A
:10A43000424608F1010823D0302B24D02B2B25D005
:10A4400000242A2B02F1010123D13B681A1D3A6036
:10A450001B680A461C4413782E2B26D101324FF07C
:10A46000000A104610F8011BA1F1300CBCF1090FD5
:10A470001DD80A2303FB0A13A3F1300A0246F0E7B2
:10A4800046F00106D1E746F00206CEE746F00406A4
:10A49000CBE711F8013CA3F130000928DBD80A22F0
:10A4A00002FB0434303C0A46CBE74FF0000A12F8B6
:10A4B000011B01F0FB0068289046F8D0782909D8E4
:10A4C0006F290CD8632962D022D8252963D0582956
:10A4D00000F0888098F80030002B95D197E770390C
:10A4E0000829F7D801A353F821F000BF5FA60E009A
:10A4F000D5A40E00D5A40E00F5A50E00D5A40E001F
:10A50000D3A50E00D5A40E00D5A40E00E5A50E001F
:10A51000642901D06929DDD13A68111D3960D2F86A
:10A52000009089EAE972A2EBE9724FF0010B092A67
:10A5300035DCD34538BFD3462CB1B9F1000F01DB70
:10A54000720700D5013CB30702D5BAF1000F03D062
:10A55000F00701D44CBB0024B9F1000F2DDAC9F18A
:10A5600000092D212846FFF7D5FE06F00302022A36
:10A5700004D1BAF1000F01D11CBB0024CDE9004683
:10A5800053460A2249462846FFF7DCFEA2E73B680D
:10A590001A1D3A6019782846FFF7BCFE9AE70A238D
:10A5A0000BF1010BB2FBF3F2C1E7A345D4D220219A
:10A5B0002846013CFFF7AEFECCE77107D5D52B212D
:10A5C000D0E7A345DAD230212846013CFFF7A2FEAE
:10A5D000D2E73968CDE900460A1D3A6053460A229F
:10A5E0000968D0E739680A1D3A60CDE9004653464C
:10A5F0001022F5E73B681A1D3A6016F00106D3F801
:10A60000009024D1B9F1000F03D0484600F0EAFAD7
:10A610000646B4421DD809F1FF3919F8011F002977
:10A620003FF458AF2846FFF775FEF6E72846013697
:10A63000FFF770FE19F806100029F7D1A642BFF403
:10A6400049AF20212846013CFFF764FEF6E70026CB
:10A65000F0E720212846013CFFF75CFED9E73B6884
:10A660001A1D3A60302128461C68FFF753FE7821F6
:10A670002846FFF74FFE00220823CDE9003221468D
:10A68000102280E703B0BDE8F08F00BF0649074AFB
:10A69000074B9B1A03DD043BC858D050FBDCF5F791
:10A6A000F9FEF5F7D1FD000028D80F0090A1002099
:10A6B0006CA20020FEE7FEE7FEE7FEE7FEE7FEE70E
:10A6C000FEE7FEE70C4BC2691A60826943F8042C6E
:10A6D000426943F8082C026943F80C2CC26843F81D
:10A6E000102C826843F8142C426843F8182C026836
:10A6F00043F81C2C704700BF5CB602500C4B1B6823
:10A70000C3610C4B1B6883610B4B1B6843610B4B94
:10A710001B6803610A4B1B68C3600A4B1B6883609C
:10A72000094B1B684360094B1B680360704700BFFF
:10A730005CB6025058B6025054B6025050B60250A1
:10A740004CB6025048B6025044B6025040B60250D1
:10A7500030B10268034B04489A4208BF002070479A
:10A7600002487047DD55AABB0202F0000002F0006B
:10A7700013B5044670B104307021019000F0B0F8B8
:10A7800001980549202200F0A9F8044B236000201D
:10A7900002B010BD0248FBE704D70E00DD55AABB8E
:10A7A0000002F0002DE9FF47254B04460F461546F1
:10A7B0000FCBE84688E80F0025B90026304604B0E4
:10A7C000BDE8F0872046FFF7C3FF06460028F5D115
:10A7D000666A231D01938EBB206FC0B1C0F1400992
:10A7E000A94528BFA94604F1300A4A4639465044D3
:10A7F00000F074F8226F4A44402A4F442267A5EBC8
:10A80000090504D15146404600F06EF8266705F070
:10A810003F0935F03F0505D039462A46404600F04D
:10A8200063F82F44B9F1000FC7D04A46394604F106
:10A83000300000F053F8C4F87090BFE7014EBDE758
:10A84000F4D60E000C02F0002DE9FF41144B044633
:10A850000D460FCBE84688E80F002046FFF778FF4B
:10A860000746B0B9CDB1636A261D01963BB90123F5
:10A87000226F636204F13001404600F035F8334640
:10A88000043D243453F8042B12BAA34245F8042F94
:10A89000F8D1384604B0BDE8F081024FF9E700BFB7
:10A8A000F4D60E000502F000084B1B681B0EF02BBF
:10A8B00008D1074B1A68074B9A4205D1064B002076
:10A8C00018607047052070470620704728B902506D
:10A8D00024BA02500000E0200CBA025000F0FCB88C
:10A8E0000A46002100F020B92DE9F74F314B4468AA
:10A8F000054691469A461A68002AFCD12E4B9B4683
:10A900001A68002AFCD14FF0FF30019100F064F882
:10A91000802000F067F8294E294ADFF8B880294FD7
:10A92000012307203360A2F59E72C2F83C01136038
:10A93000636AC8F80030A36A3B602B6842F8043CA5
:10A94000AB68204698470199DAF80030002BFBD11C
:10A95000B9F1000F20D11C4B04221A60DAF8003044
:10A96000002BFBD1DBF80090B9F1000FFAD1EB68B6
:10A9700020469847D8F8003063623B68A362134BC7
:10A98000C3F80090C3F84491DAF80030002BFBD1F3
:10A99000336003B0BDE8F08F236A012B04BF0B4A7C
:10A9A00013600B4B40201960C3F8049000F020F8AE
:10A9B000D4E700BF10B9025020BC025018B80250B2
:10A9C00000B90250D0B70250C8B7025084B6025046
:10A9D00028BC0250CCB70250014B1860704700BF32
:10A9E00008BA0250014B1860704700BF04BA025009
:10A9F000094BC2431A60043B82B01B680193074BAA
:10AA0000019A024204D0064A1060186802B07047EA
:10AA100020BF1A680192F3E704BA025058260120B9
:10AA200008BA0250054B4FF0FF321A6053F8042C5D
:10AA3000034B1A601A68034B1A60704704BA02503D
:10AA40005826012008BA025008B5074B044613B136
:10AA50000021AFF30080054B1868836A03B1984763
:10AA6000204600F00DFD00BF0000000028D80E00B9
:10AA700070B50D4D0D4C641BA4100026A64209D1E3
:10AA80000B4D0C4C00F0FEFC641BA4100026A642EB
:10AA900005D170BD55F8043B98470136EEE755F8EF
:10AAA000043B98470136F2E750A2002050A2002054
:10AAB00050A2002054A2002010B501390244904257
:10AAC00001D1002005E0037811F8014FA34201D025
:10AAD000181B10BD0130F2E70A44914200F1FF3328
:10AAE00000D1704710B511F8014B03F8014F9142A6
:10AAF000F9D110BD884210B501EB020402D984429D
:10AB0000234607D8431EA14208D011F8012B03F8B1
:10AB1000012FF8E7024401468A4200D110BD13F824
:10AB2000014D02F8014DF7E702440346934200D17C
:10AB3000704703F8011BF9E70CB430B5174B0C1E36
:10AB40001D689DB008DA8B232B604FF0FF301DB0DD
:10AB5000BDE8304002B070474FF40273ADF81430D6
:10AB600014BF04F1FF332346049307934FF6FF739A
:10AB700002900690ADF81630209A21AB02A9284623
:10AB8000019300F093F8431CBCBF8B232B60002C77
:10AB9000DDD0029B00221A70D9E700BFECA1002093
:10ABA00030B50B4D044614F8013B5A5D02F0030228
:10ABB000012A11F8012BA85C00F0030008BF203324
:10ABC000012808BF2032981A01D1002AEBD130BDEC
:10ABD00025D70E00034611F8012B03F8012B002A9C
:10ABE000F9D17047034613F8012B002AFBD1181A3C
:10ABF000013870472DE9F0478E689E4282460C4628
:10AC000090461F4638D88A8912F4906F32D0256852
:10AC10000969A5EB0109656905EB450505EBD575E6
:10AC200001334B446D109D4238BF1D46530531D54D
:10AC3000294600F071FB064650B90C23CAF80030D3
:10AC4000A38943F04003A3814FF0FF30BDE8F087B4
:10AC500021694A46FFF740FFA38923F4906343F03C
:10AC60008003A381266165614E44A5EB090526603A
:10AC7000A5603E46BE4200D93E4620683246414667
:10AC8000FFF738FFA3689B1BA3602368334423604E
:10AC90000020DBE72A4600F099FB06460028E1D1B8
:10ACA0002169504600F0ECFAC7E700002DE9F04FAB
:10ACB00098468B891B069DB007460D4614460ED557
:10ACC0000B6963B9402100F027FB2860286120B997
:10ACD0000C233B604FF0FF30D1E040236B61002339
:10ACE000099320238DF82930CDF80C803023DFF82C
:10ACF000A8818DF82A304FF0010923469A4613F8AF
:10AD0000012B0AB1252AF9D1BAEB040B0BD05B4613
:10AD1000224629463846FFF76DFF013000F0AA8031
:10AD2000099A5A4409929AF80030002B00F0A28048
:10AD300000234FF0FF32CDE905230AF1010A049305
:10AD400007938DF853301A935446052214F8011BCB
:10AD5000514800F045FA049AD8B9D00644BF2023E0
:10AD60008DF85330110744BF2B238DF853309AF8D8
:10AD700000302A2B15D0079A544600204FF00A0CB9
:10AD8000214611F8013B303B092B4ED9B0B1079257
:10AD900014E0A0EB080309FA03F313430493A2465B
:10ADA000D2E7039B191D1B680391002BBBBF5B42BD
:10ADB00042F0020207930793B8BF049223782E2B28
:10ADC0000CD163782A2B35D1039B1A1D1B68039283
:10ADD000002BB8BF4FF0FF3302340593DFF8C8A053
:10ADE00021780322504600F0FBF940B14023A0EB4C
:10ADF0000A0003FA00F0049B03430134049314F89F
:10AE0000011B26488DF82810062200F0E9F90028D9
:10AE100038D0234B1BBB039B073323F007030833B6
:10AE20000393099B3344099367E70CFB02320C46FA
:10AE30000120A5E700230134059319464FF00A0CC1
:10AE4000204610F8012B303A092A03D9002BC5D02F
:10AE50000591C3E70CFB012104460123F0E703AB96
:10AE600000932A460F4B04A93846AFF30080421CDA
:10AE70000646D6D1AB895B063FF52CAF09981DB0CD
:10AE8000BDE8F08F03AB00932A46064B04A9384671
:10AE900000F07AF8EBE700BF2CD80E0036D80E0091
:10AEA00000000000F5AB0E0032D80E002DE9F0478F
:10AEB000164699468A680B69DDF820809342B8BF30
:10AEC0001346336091F8432007460C460AB101331C
:10AED00033602368990642BF3368023333602568C4
:10AEE00015F0060506D104F1190AE36832689B1AC9
:10AEF000AB4226DC94F84320131E226818BF0123BE
:10AF000092062BD404F1430249463846C04701302B
:10AF10001ED02368E568326803F00603042B08BFDF
:10AF2000AD1AA36822690CBF25EAE5750025934296
:10AF3000C4BF9B1AED1800261A34B5421AD100205E
:10AF400008E00123524649463846C047013003D144
:10AF50004FF0FF30BDE8F0870135C6E7E1185A1C15
:10AF6000302081F84300224494F8451082F84310C1
:10AF70000233C7E70123224649463846C04701301D
:10AF8000E6D00136D9E700002DE9FF470F7E0C9D82
:10AF9000782F914680460C469A4601F1430207D825
:10AFA000622F0AD8002F00F0D880582F00F0A3801D
:10AFB00004F1420584F842703AE0A7F16303152BCF
:10AFC000F6D801A151F823F021B00E0035B00E00E3
:10AFD000B1AF0E00B1AF0E00B1AF0E00B1AF0E00B9
:10AFE00035B00E00B1AF0E00B1AF0E00B1AF0E0024
:10AFF000B1AF0E0041B10E0065B00E0023B10E00DE
:10B00000B1AF0E00B1AF0E0063B10E00B1AF0E00D4
:10B0100065B00E00B1AF0E00B1AF0E002BB10E0047
:10B020002B681A1D1B682A6004F1420584F842301F
:10B030000123A3E020682968060601F104030AD56C
:10B040000E682B60002E03DA2D23764284F84330FD
:10B050005E480A2319E00E682B6010F0400F18BFFD
:10B0600036B2EFE72B682068191D2960010601D56B
:10B070001E6802E04606FBD51E8854486F2F0CBFA1
:10B0800008230A23002184F843106568A560002D79
:10B09000A2BF216821F0040121600EB9002D4DD01E
:10B0A0001546B6FBF3F103FB1167C75D05F8017D9B
:10B0B0003746BB420E46F4D9082B0BD12368DE0776
:10B0C00008D5236961689942DEBF302305F8013C49
:10B0D00005F1FF35521B2261CDF800A04B4603AAB3
:10B0E00021464046FFF7E2FE01304CD14FF0FF30E1
:10B0F00004B0BDE8F087354881F8457029682368B9
:10B1000051F8046B29601D0614D5DF0744BF43F0D6
:10B11000200323601EB9236823F02003236010233B
:10B12000B0E7236843F0200323607823284884F89D
:10B130004530E3E7590648BFB6B2E6E71546BBE738
:10B140002B6826686169181D286035061B6801D5C3
:10B15000196002E07006FBD51980002323611546B3
:10B16000BAE72B681A1D2A601D686268002128460C
:10B1700000F036F808B1401B60606368236100236B
:10B1800084F84330A8E723692A4649464046D04719
:10B190000130ABD023689B0713D4E068039B98422F
:10B1A000B8BF1846A4E70123324649464046D04777
:10B1B00001309BD00135E36803995B1AAB42F2DCA6
:10B1C000EBE7002504F11906F5E700BF3DD80E00B6
:10B1D0004ED80E000000000000000000000000003B
:10B1E00001F0FF01102A2BDB10F0070F08D010F838
:10B1F000013B013A8B422DD010F0070F42B3F6D13C
:10B20000F0B441EA012141EA014122F007047FF054
:10B2100000070023F0E80256083C85EA010586EAAB
:10B22000010685FA47F5A3FA87F586FA47F6A5FAE7
:10B2300087F68EB9EED1F0BC01F0FF0102F00702F3
:10B2400032B110F8013B013A83EA010313B1F8D19E
:10B250000020704701387047002D06BF354603387F
:10B26000073815F0010F07D1013015F4807F02BFB8
:10B27000013015F4C03F0130F0BC0138704700BF09
:10B2800037B5002944D051F8043C0190002BA1F1BE
:10B290000404B8BFE41800F0CFF81E4A0198136800
:10B2A00033B96360146003B0BDE8304000F0CAB841
:10B2B000A34208D9256861198B4201BF19685B68F0
:10B2C00049192160EDE71A465B680BB1A342FAD930
:10B2D00011685518A5420BD1246821445418A34283
:10B2E0001160E0D11C685B68536021441160DAE7AB
:10B2F00002D90C230360D6E7256861198B4204BF8D
:10B3000019685B68636004BF491921605460CAE72B
:10B3100003B030BD5C260120F8B5CD1C25F0030537
:10B3200008350C2D38BF0C25002D064601DBA9423F
:10B3300003D90C2333600020F8BD00F07DF82149CB
:10B340000A6814469CB9204F3B6823B92146304611
:10B3500000F062F838602946304600F05DF8431C82
:10B3600023D10C233360304600F06CF8E3E7236808
:10B370005B1B17D40B2B03D923601C44256004E00E
:10B380006368A2420CBF0B605360304600F05AF86D
:10B3900004F10B00231D20F00700C21ACCD01B1AA9
:10B3A000A350C9E722466468CCE7C41C24F0030418
:10B3B000A042E3D0211A304600F02EF80130DDD152
:10B3C000CFE700BF5C26012060260120F8B50746C4
:10B3D00014460E4621B9BDE8F8401146FFF79CBF60
:10B3E00022B9FFF74DFF25462846F8BD00F030F89A
:10B3F000A0420FD221463846FFF78EFF05460028AF
:10B40000F2D031462246FFF767FB31463846FFF758
:10B4100037FFE9E73546E7E738B5064D0023044630
:10B4200008462B6000F01EF8431C02D12B6803B1C4
:10B43000236038BD64260120014800F011B800BF28
:10B4400068260120014800F00CB800BF68260120E2
:10B4500051F8043C181F002BBCBF0B58C018704794
:10B4600070477047044A05491368002B08BF0B4614
:10B4700018441060184670476C2601207026012081
:10B48000FEE700BFF8B500BFF8BC08BC9E46704799
:10B49000F8B500BFF8BC08BC9E4670476170705F8D
:10B4A0006572726F725F68616E646C65722065723E
:10B4B000725F636F64653A25642025733A256400E2
:10B4C00052656365697665642061206661756C7498
:10B4D000212069643A203078253038782C20706338
:10B4E0003A203078253038782C20696E666F3A2003
:10B4F00030782530387800636F6D706F6E656E74CC
:10B500002F636F72652F6D63752F6E7266353238DB
:10B5100034302F626F6F746C6F616465722F6D6170
:10B52000696E2E63004F70656E2055534220626F26
:10B530006F746C6F6164657220737461727465649A
:10B54000004166746572206D61696E2C2073686FAE
:10B55000756C64206E657665722062652072656127
:10B56000636865642E000000000000000000000019
:10B570000338FDD87047436F756C64206E6F74207C
:10B58000616C6C6F63617465207061796C6F61646C
:10B5900020706F6F6C2E0055534220706F7765726C
:10B5A0002064657465637465640055534220706F50
:10B5B0007765722072656D6F766564005553422021
:10B5C000726561647900436F756C64206E6F7420DE
:10B5D0007363686564756C652055534220657665B4
:10B5E0006E742100436F756C64206E6F74207265F9
:10B5F00061642066726F6D204344432E2045727251
:10B600006F723A20307825782E004661696C656447
:10B6100020746F20616C6C6F636174652062756665
:10B62000666572210061742B626F6F74737461744C
:10B63000757300426F6F74204D6F64650D0A006171
:10B64000742B76657273696F6E0061742B76657208
:10B650003D3F0061742B626F6F747665723D3F00F1
:10B6600061742B72756E0061742B72657365740062
:10B6700061742B004154206E6F7420737570706F6D
:10B6800072742E0D0A0041542B006E72665F646660
:10B69000755F73657269616C5F75736200000000AD
:10B6A0008CA20020A8BA0E0002000106010204824A
:10B6B0008101000000820101810000003D080E00B0
:10B6C00094A10020F9070E0055070E0000000000AD
:10B6D0004661696C656420746F20616C6C6F636196
:10B6E00074652062756666657200416C6C6F63619B
:10B6F00074656420627566666572202578004E5216
:10B70000465F4452565F554152545F4556545F451B
:10B7100052524F522025752C257500636F6D706F46
:10B720006E656E742F636F72652F6D63752F6E7209
:10B730006635323834302F626F6F746C6F616465B8
:10B74000722F2E2E2F2E2E2F2E2E2F2E2E2F2E2ED0
:10B750002F65787465726E616C2F6E5246355F533B
:10B76000444B2F6E5246355F53444B5F31372E307A
:10B770002E325F643637346464652F2F636F6D70CB
:10B780006F6E656E74732F6C696272617269657336
:10B790002F626F6F746C6F616465722F736572696D
:10B7A000616C5F6466752F6E72665F6466755F7349
:10B7B000657269616C5F756172742E6300466169C0
:10B7C0006C656420696E697469616C697A696E6719
:10B7D0002075617274004661696C656420696E69E8
:10B7E0007469616C697A696E67207278006E72663E
:10B7F0005F6466755F73657269616C5F75617274B1
:10B8000000000000FFFFFFFFFFFFFFFFFFFFFFFF44
:10B81000FFFFFFFF00000000000000000000D60155
:10B82000060100004661696C75726520746F2075B1
:10B83000706461746520636F6E6E656374696F6EAA
:10B8400020706172616D65746572733A203078257D
:10B850007800636F6D706F6E656E742F636F7265C5
:10B860002F6D63752F6E726635323834302F626FEC
:10B870006F746C6F616465722F2E2E2F2E2E2F2EFB
:10B880002E2F2E2E2F2E2E2F65787465726E616CE2
:10B890002F6E5246355F53444B2F6E5246355F53E1
:10B8A000444B5F31372E302E325F64363734646458
:10B8B000652F2F636F6D706F6E656E74732F6C697B
:10B8C000627261726965732F626F6F746C6F61640D
:10B8D00065722F626C655F6466752F6E72665F6459
:10B8E00066755F626C652E630063616E6E6F7420B7
:10B8F000616C6C6F63617465206D656D6F7279202A
:10B9000062756666657221004661696C75726520B4
:10B91000746F2075706461746520636F6E6E65630B
:10B9200074696F6E20706172616D657465722072EA
:10B930006571756573743A203078257800436F75AA
:10B940006C64206E6F742068616E646C65206F6E2D
:10B950005F6374726C5F70745F77726974652E20B8
:10B960006572725F636F64653A2030782530347891
:10B9700000444655207265717565737420256420F6
:10B980006661696C65642077697468206572726F9E
:10B99000723A2030782578004466755461726700E9
:10B9A0006E72665F6466755F626C650050EADA30DD
:10B9B0008883B89F604F15F30000C98E0000000017
:10B9C0000338FDD870470C000C00000058020D0E23
:10B9D0000F10000081160E00F5160E0091160E00D5
:10B9E000200000000000000000000000636F6D7088
:10B9F0006F6E656E742F636F72652F6D63752F6E3A
:10BA0000726635323834302F626F6F746C6F6164D8
:10BA100065722F2E2E2F2E2E2F2E2E2F2E2E2F2EC6
:10BA20002E2F65787465726E616C2F6E5246355F8D
:10BA300053444B2F6E5246355F53444B5F31372E84
:10BA4000302E325F643637346464652F2F636F6D38
:10BA5000706F6E656E74732F6C6962726172696566
:10BA6000732F757362642F6170705F757362642EDB
:10BA700063006170705F7573626400010000010112
:10BA800001010000191B0E000A000000090000005F
:10BA900008000000850000008003030E0D81636430
:10BAA000635F61636D000000C9280E0025220E004F
:10BAB0000000000000000000000000006170705FE6
:10BAC000757362645F636F72650000000006012099
:10BAD000E8BA0E0001000203008000000F09020016
:10BAE00000000104C0320000512E0E0000000000D2
:10BAF0000000000000000000000000001201000231
:10BB00000000004015191F5200010102030100004E
:10BB1000792C0E00000000007D2C0E001006012084
:10BB200025303468582530386C5800000000040374
:10BB300009044E6F726469632053656D69636F6EAB
:10BB4000647563746F72004F70656E2044465520B3
:10BB5000426F6F746C6F61646572004465666175F5
:10BB60006C7420636F6E66696775726174696F6E5D
:10BB700000557365722031002CBB0E0032BB0E00E5
:10BB800047BB0E00780601205BBB0E0071BB0E00A8
:10BB90000000010102020303040405056D656D5FE9
:10BBA0006D6E677200705F66730025732063686551
:10BBB000636B206661696C656420696E202573285B
:10BBC0002920776974682076616C75652030782546
:10BBD000782E00705F66732D3E705F617069007033
:10BBE0005F64657374006C656E00616464725F69A4
:10BBF000735F616C69676E656433322873726329A1
:10BC000000616464725F69735F77697468696E5F0D
:10BC1000626F756E647328705F66732C2073726335
:10BC20002C206C656E2900705F7372630021286C94
:10BC3000656E202520705F66732D3E705F666C61B7
:10BC400073685F696E666F2D3E70726F6772616DAB
:10BC50005F756E69742900616464725F69735F6106
:10BC60006C69676E6564333228646573742900619A
:10BC70006464725F69735F616C69676E65643332B7
:10BC8000282875696E7433325F7429705F7372632C
:10BC90002900616464725F69735F77697468696EB3
:10BCA0005F626F756E647328705F66732C206465C5
:10BCB00073742C206C656E2900616464725F697313
:10BCC0005F706167655F616C69676E656428705F4E
:10BCD00066732C20706167655F616464722900611E
:10BCE0006464725F69735F77697468696E5F626FBD
:10BCF000756E647328705F66732C20706167655F72
:10BD0000616464722C20286C656E202A20705F6646
:10BD1000732D3E705F666C6173685F696E666F2D30
:10BD20003E65726173655F756E69742929006E7274
:10BD3000665F6673746F72616765006E72665F66D8
:10BD400073746F726167655F6572617365006E72AF
:10BD5000665F6673746F726167655F777269746539
:10BD6000006E72665F6673746F726167655F696E9D
:10BD700069740000001000000400000001000000D1
:10BD800095390E00B9390E00C9390E00D9390E00A7
:10BD90002D3A0E00A1390E00A5390E00A9390E006A
:10BDA000001000000400000001000000453B0E00F0
:10BDB000253B0E00153B0E00553D0E00093D0E00C3
:10BDC000E73A0E00EB3A0E00F13A0E004E52465F93
:10BDD00053554343455353004E52465F4552524FCD
:10BDE000525F5356435F48414E444C45525F4D4964
:10BDF0005353494E47004E52465F4552524F525F91
:10BE0000534F46544445564943455F4E4F545F4552
:10BE10004E41424C4544004E52465F4552524F52AD
:10BE20005F494E5445524E414C004E52465F45527A
:10BE3000524F525F4E4F5F4D454D004E52465F454B
:10BE400052524F525F4E4F545F464F554E44004E34
:10BE500052465F4552524F525F4E4F545F535550BA
:10BE6000504F52544544004E52465F4552524F5235
:10BE70005F494E56414C49445F504152414D004E3E
:10BE800052465F4552524F525F494E56414C4944CB
:10BE90005F5354415445004E52465F4552524F52F3
:10BEA0005F494E56414C49445F4C454E475448000B
:10BEB0004E52465F4552524F525F494E56414C4991
:10BEC000445F464C414753004E52465F4552524FE5
:10BED000525F494E56414C49445F44415441004EE3
:10BEE00052465F4552524F525F444154415F53495D
:10BEF0005A45004E52465F4552524F525F54494D8B
:10BF0000454F5554004E52465F4552524F525F4E78
:10BF1000554C4C004E52465F4552524F525F464F71
:10BF20005242494444454E004E52465F4552524F9C
:10BF3000525F494E56414C49445F41444452004E81
:10BF400052465F4552524F525F42555359004E522E
:10BF5000465F4552524F525F434F4E4E5F434F55DF
:10BF60004E54004E52465F4552524F525F52455317
:10BF70004F5552434553004E52465F4552524F5221
:10BF80005F4D4F44554C455F4E4F545F494E4954A9
:10BF900049414C495A4544004E52465F4552524F22
:10BFA000525F4D555445585F494E49545F4641498B
:10BFB0004C4544004E52465F4552524F525F4D55DC
:10BFC0005445585F4C4F434B5F4641494C454400F4
:10BFD0004E52465F4552524F525F4D555445585F41
:10BFE000554E4C4F434B5F4641494C4544004E52E1
:10BFF000465F4552524F525F4D555445585F434F2F
:10C000004E445F494E49545F4641494C4544004EB9
:10C0100052465F4552524F525F4D4F44554C455F1B
:10C02000414C52454144595F494E495449414C495C
:10C030005A4544004E52465F4552524F525F535448
:10C040004F524147455F46554C4C004E52465F4566
:10C0500052524F525F4150495F4E4F545F494D50CD
:10C060004C454D454E544544004E52465F45525254
:10C070004F525F464541545552455F4E4F545F45C0
:10C080004E41424C4544004E52465F4552524F523B
:10C090005F494F5F50454E44494E47004E52465F00
:10C0A0004552524F525F4452565F5457495F455272
:10C0B000525F4F56455252554E004E52465F4552C2
:10C0C000524F525F4452565F5457495F4552525F38
:10C0D000414E41434B004E52465F4552524F525FD4
:10C0E0004452565F5457495F4552525F444E414354
:10C0F0004B004E52465F4552524F525F424C455F95
:10C10000495053505F52585F504B545F5452554EF4
:10C110004341544544004E52465F4552524F525F90
:10C12000424C455F495053505F4348414E4E454C49
:10C130005F414C52454144595F455849535453005F
:10C140004E52465F4552524F525F424C455F4950F6
:10C1500053505F4C494E4B5F444953434F4E4E45FD
:10C1600043544544004E52465F4552524F525F423F
:10C170004C455F495053505F504545525F52454AC8
:10C18000454354454400556E6B6E6F776E20657263
:10C19000726F7220636F6465000000000000000091
:10C1A000CCBD0E0001000000D8BD0E000200000052
:10C1B000F6BD0E000300000017BE0E0004000000D4
:10C1C0002ABE0E00050000003BBE0E000600000067
:10C1D0004FBE0E000700000067BE0E000800000002
:10C1E0007FBE0E000900000097BE0E000A0000008E
:10C1F000B0BE0E000B000000C8BE0E000C00000018
:10C20000DFBE0E000D000000F3BE0E000E000000A9
:10C2100005BF0E000F00000014BF0E00100000004C
:10C2200028BF0E00110000003FBF0E0012000000EA
:10C230004EBF0E001300000063BF0E008000000020
:10C2400077BF0E008100000098BF0E008200000042
:10C25000B4BF0E0083000000D0BF0E0084000000B9
:10C26000EEBF0E00850000000FC00E00860000002B
:10C2700034C00E00900000004BC00E009100000082
:10C2800069C00E009200000087C00E00008200000E
:10C290009CC00E0001820000BAC00E0002820000A5
:10C2A000D6C00E0000840000F2C00E000184000021
:10C2B00016C10E000284000040C10E00038400007D
:10C2C00065C10E00636F6D706F6E656E742F636F66
:10C2D00072652F6D63752F6E726635323834302F6C
:10C2E000626F6F746C6F616465722F2E2E2F2E2E0D
:10C2F0002F2E2E2F2E2E2F2E2E2F65787465726ED8
:10C30000616C2F6E5246355F53444B2F6E5246354B
:10C310005F53444B5F31372E302E325F64363734F3
:10C320006464652F2F636F6D706F6E656E74732F0D
:10C33000736F66746465766963652F636F6D6D6F87
:10C340006E2F6E72665F7364682E63006E72665F36
:10C350007364680001000007C0D90E00C8D90E0040
:10C3600008000000E0D90E00F0D90E00080000001F
:10C37000C8D90E00E0D90E0008000000636F6D7090
:10C380006F6E656E742F636F72652F6D63752F6EA0
:10C39000726635323834302F626F6F746C6F61643F
:10C3A00065722F2E2E2F2E2E2F2E2E2F2E2E2F2E2D
:10C3B0002E2F65787465726E616C2F6E5246355FF4
:10C3C00053444B2F6E5246355F53444B5F31372EEB
:10C3D000302E325F643637346464652F2F636F6D9F
:10C3E000706F6E656E74732F736F667464657669B3
:10C3F00063652F636F6D6D6F6E2F6E72665F736412
:10C40000685F626C652E63006E72665F7364685F5E
:10C41000626C6500B8D90E00C0D90E00080000009B
:10C42000636F6D706F6E656E742F636F72652F6DC5
:10C4300063752F6E726635323834302F626F6F74C9
:10C440006C6F616465722F2E2E2F2E2E2F2E2E2FA5
:10C450002E2E2F2E2E2F65787465726E616C2F6EC6
:10C460005246355F53444B2F6E5246355F53444B13
:10C470005F31372E302E325F643637346464652F77
:10C480002F636F6D706F6E656E74732F736F66744C
:10C490006465766963652F636F6D6D6F6E2F6E7265
:10C4A000665F7364685F736F632E63006E72665FAE
:10C4B0007364685F736F6300F0D90E0008DA0E00D2
:10C4C00008000000636C6F636B0000434C4F434BEC
:10C4D00000505253005541525400554152544500AA
:10C4E00055534244000001010102030405060708F8
:10C4F000090B08010C011001140118011C01200195
:10C5000024012C010C0D0E0F101112131400300118
:10C51000340138013C014001440148014C01500103
:10C52000C1590E00F5590E00395C0E00515B0E002A
:10C530004B5B0E00455B0E003F5B0E00395B0E004F
:10C54000335B0E002D5B0E001D5C0E00C95C0E00FF
:10C550007D650E00455F0E003F5F0E00395F0E00E7
:10C56000335F0E002D5F0E00275F0E00215F0E006F
:10C57000815C0E003D5C0E00A15F0E0059670E004D
:10C580004D5F0E00496E6163746976697479207439
:10C59000696D656F75742E00426F6F742076616CE3
:10C5A00069646174696F6E206661696C65642E20D0
:10C5B0004E6F2076616C69642061707020746F200A
:10C5C000626F6F742E00426F6F742076616C6964C5
:10C5D0006174696F6E206661696C65642E20536FAB
:10C5E000667444657669636520697320707265734B
:10C5F000656E742062757420696E76616C69642E54
:10C6000000426F6F742076616C69646174696F6E4B
:10C61000206661696C65642E20417070206973200A
:10C62000696E76616C69642E00556E72656163682F
:10C6300061626C6500636F6D706F6E656E742F6301
:10C640006F72652F6D63752F6E72663532383430B8
:10C650002F626F6F746C6F616465722F2E2E2F2E98
:10C660002E2F2E2E2F2E2E2F2E2E2F6578746572A4
:10C670006E616C2F6E5246355F53444B2F6E52469F
:10C68000355F53444B5F31372E302E325F6436377F
:10C69000346464652F2F636F6D706F6E656E747395
:10C6A0002F6C69627261726965732F626F6F746C4F
:10C6B0006F616465722F6E72665F626F6F746C6F0C
:10C6C000616465722E63004661696C6564207275F1
:10C6D0006E6E696E67206E72665F6466755F6D620E
:10C6E000725F6972715F666F72776172645F6164B5
:10C6F00064726573735F736574282900436F756C8A
:10C7000064206E6F742070726F7465637420626F42
:10C710006F746C6F6164657220616E642073657400
:10C7200074696E67732070616765732C203078259B
:10C73000782E00636F6D706F6E656E742F636F720D
:10C74000652F6D63752F6E726635323834302F6207
:10C750006F6F746C6F616465722F2E2E2F2E2E2FCB
:10C760002E2E2F2E2E2F2E2E2F65787465726E6131
:10C770006C2F6E5246355F53444B2F6E5246355FD9
:10C7800053444B5F31372E302E325F64363734647A
:10C7900064652F2F636F6D706F6E656E74732F6C91
:10C7A00069627261726965732F626F6F746C6F6119
:10C7B0006465722F6E72665F626F6F746C6F616416
:10C7C00065725F6170705F73746172745F66696EC9
:10C7D000616C2E6300436F756C64206E6F74207003
:10C7E000726F7465637420536F6674446576696311
:10C7F0006520616E64206170706C69636174696F3B
:10C800006E2C20307825782E0000000000000000FB
:10C810000338FDD870475265717565737420746F65
:10C8200020636F707920424C206661696C656400FA
:10C830004661696C656420746F2077726974652045
:10C84000696D61676520636F7079696E67207072CA
:10C850006F677265737320746F2073657474696E8B
:10C86000677320706167652E00536F757263652072
:10C870006164647265737320646F6573206E6F7496
:10C8800020636F6E7461696E20612076616C6964EB
:10C8900020536F66744465766963652E004661694E
:10C8A0006C656420746F20636F7079206669726DA7
:10C8B000776172652E0043524320636F6D7075740B
:10C8C0006174696F6E206661696C656420666F7261
:10C8D00020636F70696564206170703A20737263C1
:10C8E000206372633A203078253038782C207265C6
:10C8F00073206372633A20307825303878005344CF
:10C900002B424C3A20534420636F70792066616952
:10C910006C65640053442B424C3A20424C20636FB8
:10C920007079206661696C6564004E6F206669727B
:10C930006D7761726520746F2061637469766174CC
:10C94000652E0041637469766174696F6E2066615B
:10C95000696C65642077697468206572726F7220F3
:10C960002564202862616E6B20636F64653A203015
:10C970007825782900436F756C64206E6F7420777A
:10C98000726974652073657474696E67732E000034
:10C99000C1790E0067790E00BB7E0E002B7F0E0062
:10C9A0004B7F0E00B7780E0079780E00577E0E0090
:10C9B0000000000001000100000000000100000074
:10C9C000000000000200050001000000420000001D
:10C9D0000000000000000000000000000000000057
:10C9E00000000000010011000100FFFF0100000035
:10C9F00000000000020017000200FEFF64010000BA
:10CA000044CA0E000000000000000000000000000A
:10CA10000000000001000100000000000100000013
:10CA200000000000020005000100000022000000DC
:10CA300000000000000000000000000000000000F6
:10CA400000000000010011000400FCFF04000000D1
:10CA500000000000020011000400FCFF04000000C0
:10CA600000000000030021000400FCFF040010008F
:10CA700000000000040011000100FFFF01000000A1
:10CA800000000000050011000200FEFF040000008D
:10CA900000000000060011000400FCFF040000007C
:10CAA00000000000070011000400FCFF040000006B
:10CAB00000000000080017000200FEFF2400000034
:10CAC00014CA0E00090010000100FFFF0100000061
:10CAD000F4CA0E000A0027000200FEFF4400030013
:10CAE000B4C90E00000000000000000000000000BB
:10CAF0000000000000000000010017000400FCFF1F
:10CB000068010000E4C90E00020017000400FCFFE9
:10CB1000AC01000028CB0E00000000000000000067
:10CB200000000000000000000100070000000000FD
:10CB300068010000E4C90E000200010000000000CE
:10CB400001000000000000000300050001000000DB
:10CB50004200000000000000000000000000000093
:10CB60000000000000000000456E746572696E6789
:10CB700020444655206D6F64652E00436F756C64CC
:10CB8000206E6F7420696E6974616C697A652044E7
:10CB90004655207472616E73706F72743A203078EB
:10CBA00025303878006E72665F6673746F726167E5
:10CBB000655F77726974652829206661696C6564B0
:10CBC0002077697468206572726F722030782578DA
:10CBD0002E006E72665F6673746F726167655F6563
:10CBE000726173652829206661696C6564207769C4
:10CBF0007468206572726F7220307825782E006E0E
:10CC000072665F6466755F666C6173680046616931
:10CC10006C656420746F207363686564756C65204F
:10CC20006F626A65637420657865637574653A2020
:10CC3000307825782E0043616E6E6F7420637265C4
:10CC40006174652064617461206F626A6563742039
:10CC5000776974686F75742076616C696420696E99
:10CC6000697420636F6D6D616E64004F626A656305
:10CC7000742073697A652063616E6E6F74206265DB
:10CC800020302E004F626A6563742073697A6520D4
:10CC90006D757374206265207061676520616C69D1
:10CCA000676E656400496E76616C69642073697AA9
:10CCB0006520666F72206F626A6563742028746FE6
:10CCC0006F206C6172676529004372656174696EDB
:10CCD0006720746865206F626A6563742077697481
:10CCE000682073697A652030782530387820776F2E
:10CCF000756C64206F766572666C6F7720666972FA
:10CD00006D776172652073697A652E204F66667350
:10CD100065742069732030782530387820616E641E
:10CD2000206669726D776172652073697A65206922
:10CD300073203078253038782E0045726173652075
:10CD40006F7065726174696F6E206661696C65648D
:10CD5000005772697465207265717565737420740B
:10CD60006F6F206C6F6E6700496E76616C6964202E
:10CD7000646174612E2065787065637465643A201F
:10CD800025642C20676F743A20256400496E766113
:10CD90006C6964206F626A656374207479706520C1
:10CDA000696E20726571756573742E00496E7661C7
:10CDB0006C6964206F70636F646520726563656978
:10CDC0007665643A20307825782E00536368656470
:10CDD000756C65722072616E206F7574206F6620AD
:10CDE000737061636521006E72665F6466755F7261
:10CDF00065715F68616E646C657200436F756C6429
:10CE0000206E6F742065726173652074686520738D
:10CE1000657474696E677320706167652100436F84
:10CE2000756C64206E6F7420777269746520746805
:10CE300065204446552073657474696E677320706D
:10CE40006167652100526573746F72696E67207344
:10CE5000657474696E67732066726F6D20626163BA
:10CE60006B75702073696E636520746865207365E7
:10CE70007474696E6773207061676520636F6E7488
:10CE8000656E74732061726520696E76616C696489
:10CE90002028435243206572726F72292E0052651A
:10CEA00073657474696E6720626F6F746C6F616410
:10CEB00065722073657474696E67732073696E633D
:10CEC00065206E6569746865722074686520736595
:10CED0007474696E67732070616765206E6F72206D
:10CEE000746865206261636B75702061726520767D
:10CEF000616C69642028435243206572726F722905
:10CF00002E004F6C642073657474696E67732070B3
:10CF10006167652064657465637465642E2055706F
:10CF200067726164696E6720696E666F2E00426188
:10CF3000636B696E672075702073657474696E67C2
:10CF400073207061676520746F206164647265731B
:10CF50007320307825782E00436F756C64206E6FD7
:10CF60007420706572666F726D206261636B75709C
:10CF7000206F6620626F6F746C6F616465722073DE
:10CF8000657474696E677321204572726F723A20FE
:10CF900030782578006E72665F6466755F666C61D6
:10CFA00073685F696E69742829206661696C6564BD
:10CFB0002077697468206572726F723A2025780054
:10CFC0006E72665F6466755F73657474696E6773AD
:10CFD0005F77726974655F616E645F6261636B75D0
:10CFE000702829206661696C6564207769746820FF
:10CFF0006572726F723A202578006E72665F6466A1
:10D00000755F73657474696E6773006E72665F64D2
:10D0100066755F73657474696E67735F7376636951
:10D020000041626F7274696E672E2043616E6E6F8D
:10D030007420666974206E6577206669726D776109
:10D040007265206F6E206465766963650048616E65
:10D05000646C65723A20496E76616C696420707206
:10D060006F746F636F6C20627566666572206D5FAA
:10D0700070625F73747265616D0048616E646C65A7
:10D08000723A20496E76616C696420696E69742019
:10D09000636F6D6D616E642E0048616E646C6572C5
:10D0A0003A20496E76616C69642070726F746F63A8
:10D0B0006F6C20627566666572206D5F70625F736B
:10D0C000747265616D2028696E697420636F6D6D7F
:10D0D000616E642900424C2073697A6520282564BA
:10D0E00029206F766572206C696D6974202825642B
:10D0F0002900496E6974207061636B657420646FE8
:10D100006573206E6F7420636F6E7461696E207634
:10D11000616C6964206669726D77617265207369FC
:10D120007A6500436F756C64206E6F742072756E43
:10D1300020686173682076657269666963617469E5
:10D140006F6E20286572725F636F6465203078258A
:10D1500078292E0048617368207665726966696374
:10D160006174696F6E206661696C65642E006D6123
:10D170006A6F72006D696E6F7200536F66744465FA
:10D1800076696365207570646174652069732061D8
:10D190002025732076657273696F6E2075706461E7
:10D1A00074652E2043757272656E743A2025642E64
:10D1B000204E65773A2025642E00496E69742063FD
:10D1C0006F6D6D616E64206C61726765722074684A
:10D1D000616E2065787065637465642E00507265B9
:10D1E00076616C69646174696F6E206661696C65F3
:10D1F000642E0045786563757465207769746820CE
:10D200006661756C7479206F66667365740043613E
:10D210006E27742066696E6420726F6F6D20666F72
:10D220007220757064617465004661696C65642084
:10D23000746F206465636F646520696E6974207023
:10D2400061636B6574006E72665F63727970746F90
:10D250005F686173685F63616C63756C6174652896
:10D2600029206661696C656420776974682065723D
:10D27000726F7220257300496E76616C696420625A
:10D280006F6F742076616C69646174696F6E20746D
:10D290007970653A2025640054686520536F667480
:10D2A00044657669636520646F6573206E6F7420D2
:10D2B000636F6E7461696E20746865206D61676963
:10D2C00063206E756D626572206964656E7469664F
:10D2D00079696E67206974206173206120536F66DD
:10D2E000744465766963652E0054686520536F66E3
:10D2F000744465766963652073697A6520696E2078
:10D3000074686520696E666F20737472756374202B
:10D31000697320746F6F20736D616C6C20636F6D27
:10D320007061726564207769746820746865207321
:10D33000697A65207265706F7274656420696E2009
:10D3400074686520696E697420636F6D6D616E64C9
:10D350002E00546865206E657720536F66744465AF
:10D3600076696365206973206F6620612064696651
:10D37000666572656E742066616D696C792074688B
:10D38000616E207468652070726573656E742053D9
:10D390006F66744465766963652E20436F6D7061B6
:10D3A000746962696C6974792063616E6E6F742050
:10D3B00062652067756172616E746565642E0049EF
:10D3C0006E76616C69646174696E6720617070204B
:10D3D0006265636175736520697420697320696E85
:10D3E000636F6D70617469626C6520776974682021
:10D3F00074686520536F66744465766963652E00B2
:10D400004D616A6F722053442075706461746520A9
:10D41000627574206E6F20424C2E2041626F7274D0
:10D4200020746F2061766F696420696E636170613A
:10D430006369746174696E672074686520424C2E5C
:10D4400000426F6F742076616C69646174696F6EFD
:10D45000206F6620626F6F746C6F61646572206903
:10D4600073206E6F7420737570706F7274656420B2
:10D47000616E642077696C6C2062652069676E6FED
:10D480007265642E006E72665F6466755F76616CAD
:10D4900069646174696F6E00496E76616C696420BD
:10D4A0006669726D7761726520747970652E0049C6
:10D4B0006E76616C69642068617368207479706548
:10D4C0002E004E6F2048572076657273696F6E2E5E
:10D4D000004661756C7479204857207665727369CF
:10D4E0006F6E2E00534420726571206E6F74206D34
:10D4F00065742E0046572076657273696F6E2074CE
:10D500006F6F206C6F772E004657207665727369B7
:10D510006F6E206D697373696E672E006E72665F41
:10D520006466755F7665725F76616C696461746963
:10D530006F6E004446552072657175657374206383
:10D540006F6D706C657465642077697468207265AE
:10D5500073756C743A2030782578004D657373616B
:10D560006765206973206C617267657220746861F9
:10D570006E2065787065637465642E004661696C21
:10D58000656420746F2073656E642064617461202B
:10D590006F7665722073657269616C20696E74655F
:10D5A000726661636521006E72665F6466755F73A3
:10D5B000657269616C005465726D696E616C0052D0
:10D5C000545400534547474552001B5B313B3331B0
:10D5D0006D0025734C6F67732064726F70706564A3
:10D5E000202825642925730D0A001B5B306D003C43
:10D5F00025733E2025733A20002025303278002004
:10D600002020007C002563001B5B313B33306D0024
:10D610001B5B313B33326D001B5B313B33336D00A1
:10D620001B5B313B33346D001B5B313B33356D008D
:10D630001B5B313B33366D001B5B313B33376D0079
:10D640006572726F72007761726E696E6700696EE3
:10D65000666F00646562756700000000EAD50E0021
:10D6600008D60E00CAD50E0010D60E0018D60E0031
:10D6700020D60E0028D60E0030D60E0038D60E006A
:10D680000000000040D60E0046D60E004ED60E001A
:10D6900053D60E004261636B656E647320666C75D1
:10D6A0007368656400617070000000003C25012013
:10D6B0007F000000BC2501207274745F6C6F675F8F
:10D6C0006261636B656E6400000000000000000092
:10D6D0000338FDD87047000071A20E00DDA20E00D5
:10D6E0006FA20E003031323334353637383941428B
:10D6F000434445460200000000000000C5A60E009D
:10D70000FDA60E0067E6096A85AE67BB72F36E3C44
:10D710003AF54FA57F520E518C68059BABD9831FFC
:10D7200019CDE05B00202020202020202020282868
:10D7300028282820202020202020202020202020D1
:10D740002020202020881010101010101010101011
:10D750001010101010040404040404040404041041
:10D7600010101010101041414141414101010101CF
:10D770000101010101010101010101010101010199
:10D7800010101010101042424242424202020202A5
:10D790000202020202020202020202020202020269
:10D7A0001010101020000000000000000000000019
:10D7B0000000000000000000000000000000000069
:10D7C0000000000000000000000000000000000059
:10D7D0000000000000000000000000000000000049
:10D7E0000000000000000000000000000000000039
:10D7F0000000000000000000000000000000000029
:10D800000000000000000000000000000000000018
:10D810000000000000000000000000000000000008
:10D820000000000000000000F0A10020232D302B9C
:10D830002000686C4C006566674546470030313211
:10D840003334353637383941424344454600303168
:10D8500032333435363738396162636465660000C7
:04D8600000000000C4
:08D864007D170E006D170E0088
:10D86C0061060E005D060E00250B0E00810C0E00ED
:08D87C00C1140E00F5110E00AD
:0CD884000000000003000000CD6B0E004F
:10D89000CBC40E0000000000D1C40E000000000048
:10D8A000D5C40E0000000000DAC40E000000000025
:10D8B000E0C40E0000000000A5D60E000000030327
:10D8C00072BA0E0000000000BCBA0E00000000009A
:10D8D0009EBA0E0000000000C4C40E00000000004C
:10D8E0009CBB0E0000000000A0B90E000000030366
:10D8F000FFCB0E0000000303E7CD0E000000030382
:10D90000A7D50E0000000303EDB70E0000000303CF
:10D910008AB60E0000000303FACF0E0000000303D6
:10D920000BD00E000000030385D40E00000003039B
:10D930001CD50E00000003032EBD0E0000000303E3
:10D940004CC30E000000000008C40E0000000000E0
:08D95000ACC40E000000000051
:10D9580058A300206CBB00206FBB002060A30020F0
:10D968000408000010BC00202CE4002031E4002052
:10D9780018BC002004080000A8E40020E4F40020FB
:10D98800F5F40020B0E40020F40000004C20012051
:10D99800142101201C21012054200120180000001E
:10D9A800D8D60E0000000000B8D60E00E4A1002072
:08D9B800C50D0E000000000087
:08D9C000013B0E000000000015
:10D9C800C93C0E000000000001450E0000000000E8
:08D9D80085460E00000000006E
:10D9E000F9420E0000000000ED410E0000000000B2
:10D9F000BD3C0E000000000065440E000000000069
:08DA00004F460E00000000007B
:02000002F0000C
:10D800005255495F424F4F545F302E375F6E52463C
:10D810003532383430000000000000000000000005
:08D82000202AFE7F0100000038
:10D828000090D0031000000000000000002000401D
:10D83800000000000020004000000000FF00FFFF83
:10D8480000000000411B0E00000000000000000066
:10D8580000000000000000000000000000000000C0
:10D868000000000001000000B8A100200100000035
:10D8780000E00F0000000000FF000000F0A1002001
:10D888000000000000000000000000000000000090
:10D898000000000000000000000000000000000080
:10D8A8000000000000000000000000000000000070
:10D8B8000000000000000000000000000000000060
:10D8C8000000000000000000000000000000000050
:10D8D8000000000000000000000000000000000040
:08D8E80025020E0001020E00F2
:10D8F0000000000000000000D17F0E0000100000BA
:04D900000000100013
:020000020000FC
:020000041000EA
:0410140000000E00CA
:0410180000E00F00E5
:04000003E000A68DE6
:00000001FF
